place_id,name,site,phone,email,whatsapp,instagram,facebook,cleaned_on
ChIJRXLy5FTJBZER3lPKDIM2_Gg,A Salvo Autodefensa,NA,NA,NA,https://wa.me/51993175009,https://www.instagram.com/asalvo.pe,NA,2025-07-14
ChIJHbWmE0zFBZERzpHMxHI3tJU,ABSOLUTE COMBAT SPORTS,NA,+51 977 663 673,absolutecombatperu@gmail.com,https://wa.me/51977663673,NA,https://www.facebook.com/absolutecsperu,2025-07-14
ChIJi6uz63eYBZERB8CC3eo9-xM,ABU-DOJO,NA,NA,NA,NA,https://www.instagram.com/abudojo,NA,2025-07-14
ChIJf-tGXyvFBZERcKfPb9ruO40,Academia de artes marciales TEAM BLACK GORILLA,NA,+51 912 558 300,NA,https://wa.me/51912558300,NA,NA,2025-07-14
ChIJ19FlnzW5BZERqD67s4vRqvk,"Academia de lucha olímpica ""Los tigres""",NA,NA,NA,NA,NA,NA,2025-07-14
ChIJMdRaup_PBZERDM9AVTMzd6w,Academia Punto Maximo,NA,+51 996 924 360,pmendozabjj@hotmail.com,https://wa.me/51996924360,NA,https://www.facebook.com/academiapuntomaximo,2025-07-14
ChIJl7jBoyrPBZER7uggoGyGutA,Academia Sniper Lima Norte,NA,+51 983 400 820,NA,https://wa.me/51983400820,https://www.instagram.com/sniperlimanorte,NA,2025-07-14
ChIJeYNwkwnIBZER9ksmHYGbEuw,SNIPER GT MIRAFLORES,NA,+51 942 192 982,NA,https://wa.me/51942192982,NA,NA,2025-07-14
ChIJkXP02G3JBZERHLuIe0SQAHM,Academia Sniper San Miguel,NA,+51 945 548 946,NA,https://wa.me/51945548946,https://www.instagram.com/snipersanmiguel,NA,2025-07-14
ChIJ5fiUf_HHBZERYOsZZA9xFTU,Academia Surco Wrestling,NA,+51 964 353 296,NA,https://wa.me/51964353296,NA,NA,2025-07-14
ChIJ59fyEPi5BZER8SxRYGoYSio,Academia True Wrestling,NA,+51 996 669 030,truewrestling2019@gmail.com,https://wa.me/51996669030,NA,https://www.facebook.com/truewrestlingperu,2025-07-14
ChIJw5H8H1S4BZER1YkZvEUhdsg,"Academy of Martial Arts ""RAGAZZI""",NA,+51 968 207 669,muaythai_ragazzi@hotmail.com,https://wa.me/51968207669,NA,https://www.facebook.com/artesmarcialesSJM,2025-07-14
ChIJbehiZfDHBZERxD71uXfBsvE,Almeida Jiu Jitsu,NA,+51 981 526 306,Informes@kazokujjperu.com,https://wa.me/51981526306,NA,https://www.facebook.com/dreamartxkazoku,2025-07-14
ChIJe8lhM-zJBZERvsFzVLnwZVE,Alpha Wolf - Escuela de artes marciales y deportes de contacto,NA,+51 970 492 363,NA,https://wa.me/51970492363,NA,NA,2025-07-14
ChIJWcjah627BZERr3KaEviXWL4,aranha_smp,NA,+51 942 121 777,NA,https://wa.me/51942121777,https://www.instagram.com/aranha_smp,NA,2025-07-14
ChIJvxVDJhq5BZERQHmnynp95sg,Art Choke,http://www.artchoke.site/,+51 939 252 711,webmaster@artchoke.site,https://wa.me/51939252711,NA,NA,2025-07-14
ChIJP096eO_RBZERoalEPIOyesI,Arte Suave,NA,+51 994 011 849,NA,https://wa.me/51994011849,https://www.instagram.com/dojo.artesuave,NA,2025-07-14
ChIJ_ajXUwDJBZERn-ZfOy2Pt4g,ARTEM Fight Studio,NA,NA,NA,NA,NA,NA,2025-07-14
ChIJj0IXpKXFBZERJoi_5KYTcYw,Artes Marciales Mixtas SM,NA,+51 935 521 046,NA,https://wa.me/51935521046,NA,NA,2025-07-14
ChIJQ2fNfwe4BZERh-TrCyDrHOk,Artes Marciales Orion,https://www.boxeomuaythaienlima.com/,+51 915 137 692,NA,https://wa.me/51915137692,NA,NA,2025-07-14
ChIJlbGtU7_LBZERmVRwOcVZAmg,B13 academy,NA,NA,NA,NA,NA,NA,2025-07-14
ChIJf9J7Su7QBZER5OjNsKwQDeI,Berserker Escuela,NA,NA,NA,NA,NA,NA,2025-07-14
ChIJRWJggGTJBZERQY3h-qj4SOc,Black Dragons,http://www.blackdragonsperu.com/,+51 998 233 479,NA,https://wa.me/51998233479,NA,https://www.facebook.com/BlackDragonsPeru,2025-07-14
ChIJ7SkTjy_vBZERaGwB_oSVhn8,Black House Jiu Jitsu Chosica,NA,NA,NA,NA,NA,NA,2025-07-14
ChIJ95fwUFe5BZERNKqeERCzfFI,Blue Fighter,NA,+51 994 180 688,NA,https://wa.me/51994180688,NA,NA,2025-07-14
ChIJBWk2LFfHBZEReyxW8Pzqrnc,Capone Jiu Jitsu and MMA,NA,+51 955 341 979,NA,https://wa.me/51955341979,https://www.instagram.com/bjjteamcapone,NA,2025-07-14
ChIJVxAkJBXHBZERuJ5Z1IzrEPc,Capone Kids,NA,+51 941 970 044,NA,https://wa.me/51941970044,https://www.instagram.com/caponebjjkids,NA,2025-07-14
ChIJeZn4EQDHBZERK-YhvBUA_nI,CAPONE TEAM © Jiu Jitsu & MMA (sede Salamanca),NA,+51 906 148 213,NA,https://wa.me/51906148213,https://www.instagram.com/caponeteam.salamanca,NA,2025-07-14
ChIJm6XxcgS5BZER8rNsS3pqcIk,Casa Calavera,NA,+51 960 136 107,NA,https://wa.me/51960136107,NA,NA,2025-07-14
ChIJDYJJFte9BZERJbEyFnQ5e9I,Casa Calavera Jose Galvez,NA,+51 946 187 709,NA,https://wa.me/51946187709,NA,NA,2025-07-14
ChIJ4TZ_D_PQBZERuXFy_OVaZUU,Centro de Artes Marciales COBRA,NA,NA,NA,NA,NA,NA,2025-07-14
ChIJdyuWXifRBZERL7akeaIyRfA,CENTRO DE ARTES MARCIALES GAME FIGHT COMAS,NA,+51 912 951 630,NA,https://wa.me/51912951630,https://www.instagram.com/gamefightcomas,NA,2025-07-14
ChIJoX5d-zW3BZERvLanKo27QSY,Chorrillos fight center,NA,+51 923 122 121,NA,https://wa.me/51923122121,NA,NA,2025-07-14
ChIJBwYcZrjFBZERCoxUbCbvnRw,Club de Judo Kyoeikan,NA,+51 936 224 286,NA,https://wa.me/51936224286,NA,NA,2025-07-14
ChIJR5qRsOrIBZERjnI90IPBAfk,Club de Judo - Takenori Ito,NA,+51 956 741 885,NA,https://wa.me/51956741885,NA,NA,2025-07-14
ChIJeUrtvNnJBZERNyjbCLzob6k,Club Los Indomables,NA,+51 968 202 697,NA,https://wa.me/51968202697,NA,NA,2025-07-14
ChIJY5uxEwDHBZERzW87SSNLl4A,CombatZone,NA,NA,NA,NA,NA,NA,2025-07-14
ChIJQ2RMgsTHBZER5qEcaRKPudY,CONSTRICTOR PERÚ - JIU JITSU & MMA,https://www.tiktok.com/@hugocastrofight?is_from_webapp=1,+51 949 131 694,omar.hussein@tiktok.com,https://wa.me/51949131694,https://www.instagram.com/toughkitchen_,NA,2025-07-14
ChIJ2wEqSgLJBZER6Nr2SfsZm_E,Contacto Livre,NA,+51 931 510 135,NA,https://wa.me/51931510135,NA,NA,2025-07-14
ChIJ3ZU-A2-5BZERY2-mnwJImBg,Core Jiu Jitsu & Luta Livre Surco,NA,+51 998 124 113,NA,https://wa.me/51998124113,NA,https://www.facebook.com/corejiujitsulutalivre,2025-07-14
ChIJH2ACIMDPBZERfhs_s1bpIRM,Core Jiu Jitsu Callao,NA,NA,NA,NA,NA,NA,2025-07-14
ChIJ6fWKZTjHBZERsaEjmGjhWx8,DE Training,NA,+51 928 798 172,NA,https://wa.me/51928798172,NA,NA,2025-07-14
ChIJ65L-5m7FBZERFuWGrOis81s,Doble A-Team De la Mata,NA,NA,NA,NA,NA,NA,2025-07-14
ChIJUYZHwv65BZERZDLI2FygMwc,DOJO BOYKA FIGHT - ARTES MARCIALES MIXTAS,NA,+51 925 108 147,NA,https://wa.me/51925108147,NA,NA,2025-07-14
ChIJcS5KKr_QBZERqHtSYCUJARg,Dojo Hermandad,NA,NA,NA,NA,NA,NA,2025-07-14
ChIJOfOF4ui9BZERNEHtLiFSW_U,Dojo Lurín,NA,NA,NA,NA,NA,NA,2025-07-14
ChIJvXw3qH7JBZERLNp_Vfw8XJo,Dojo Mentesaiko,NA,+51 921 597 271,NA,https://wa.me/51921597271,https://www.instagram.com/dojomentesaiko.bjjmma,NA,2025-07-14
ChIJza2soSGjBZERGi_K1jWpiCw,Dojo punta hermosa,NA,NA,NA,NA,https://www.instagram.com/dojopuntahermosa,NA,2025-07-14
ChIJ9QBFvzyfBZERfeRaigDBmh8,Dojo San Bartolo,NA,+51 994 914 068,NA,https://wa.me/51994914068,NA,NA,2025-07-14
ChIJ433FgiDOBZER8YkaGFvLvBw,DRAGON ROJO ESCUELA DE ARTES MARCIALES,NA,+51 965 434 066,NA,https://wa.me/51965434066,NA,NA,2025-07-14
ChIJpbOPHQDPBZERgNhOqhBdNlI,Dream Art Los Olivos,NA,NA,NA,NA,NA,NA,2025-07-14
ChIJkb7L-yPHBZERvMfhofqs9f0,Dream Art Peru-Jiu Jitsu || Academia de Artes Marciales,http://www.dreamart-peru.com/,+51 967 000 574,NA,https://wa.me/51967000574,https://www.instagram.com/dreamart_peru,https://www.facebook.com/dreamartxkazoku,2025-07-14
ChIJ_49ZfwC5BZER25WIUu0zge8,Dream Art San Juan,http://www.dreamart-peru.com/,+51 902 787 543,NA,https://wa.me/51902787543,https://www.instagram.com/dreamart_peru,https://www.facebook.com/dreamartxkazoku,2025-07-14
ChIJ_x2r75vJBZERgmBgN_FrDIM,Dream Art San Miguel,http://www.dreamart-peru.com/,+51 993 549 293,NA,https://wa.me/51993549293,https://www.instagram.com/dreamart_peru,https://www.facebook.com/dreamartxkazoku,2025-07-14
ChIJ13qNn8TJBZERWbv_je4pbBw,ECO-L,NA,+51 957 475 521,NA,https://wa.me/51957475521,NA,NA,2025-07-14
ChIJ8R-GFhDJBZERhtpx6oScBN4,El Dogo Training Center,NA,+51 999 958 488,NA,https://wa.me/51999958488,NA,NA,2025-07-14
ChIJPaZRdMPHBZER5ztEW3DODhQ,El Templo,NA,NA,NA,NA,NA,https://www.facebook.com/El.TemploJiujitsu,2025-07-14
ChIJTQbQ2VbVBZERIvXW_Nrgoyw,Escuela búfalos MMA.(Artes marciales mixtas)en ventanilla Pachacutec incawasi.,NA,+51 970 746 344,NA,https://wa.me/51970746344,NA,NA,2025-07-14
ChIJjY4SOaZ1BZERRHxcdzy-H4Y,Escuela de artes marciales | Adamu MMA | Chilca,NA,+51 997 912 551,NA,https://wa.me/51997912551,https://www.instagram.com/adamu.mma/,https://www.facebook.com/people/Adamu-MMA/61555242338472/,2025-07-14
ChIJBTqvMrvOBZERKOlujH1mxM8,Escuela De Combate RUMBLE,NA,+51 922 377 582,NA,https://wa.me/51922377582,NA,NA,2025-07-14
ChIJ__8gaBnJBZERMs5FSMPbsFg,ESCUELA DE JIUJITSU CARLSON GRACIE TEAM PERÚ,http://www.carlsongracieteamperu.com/,+51 997 918 144,informes@carlsongracieteamperu.com,https://wa.me/51997430784,https://www.instagram.com/bendezudojo,https://www.facebook.com/110210538451726,2025-07-14
ChIJ3ca_7GfOBZER0kYN24RJ7KY,Escuela Pitbull Artes Marciales Mixtas,NA,+51 930 242 842,mijailiberico@hotmail.com,https://wa.me/51930242842,NA,https://www.facebook.com/EscuelaPitbulllartesmarcialesmixtas,2025-07-14
ChIJ4d2EXxbRBZER_xbi4ogLMxU,Extreme Gym,NA,+51 914 610 785,NA,https://wa.me/51914610785,NA,NA,2025-07-14
ChIJq4XJ2-nPBZERtqn6GDsB-cQ,FAT,NA,+51 957 746 776,NA,https://wa.me/51957746776,NA,https://www.facebook.com/MMA-Salmistas-105755281341416,2025-07-14
ChIJfWAsKx_IBZERt1ZX_T0dxT4,Fight Academy Miraflores,http://www.fightacademymiraflores.com/,+51 967 195 860,info@fightacademymiraflores.com,https://wa.me/51967195860,https://www.instagram.com/fightacademymiraflores,NA,2025-07-14
ChIJqSHozRjIBZERtbsnNkuMfng,Fight & Fitness,NA,+51 1 4464885,NA,NA,NA,NA,2025-07-14
ChIJ-Y9xE8PFBZERYnNQ_wmVuXg,Fight Club Shogun Escuela de artes marciales mixtas,NA,+51 936 971 879,NA,https://wa.me/51936971879,NA,NA,2025-07-14
ChIJa1MpRMDPBZER3Zq-EXTKhP8,Fighters Factory - Artes Marciales y Defensa Personal,NA,+51 942 397 337,NA,https://wa.me/51942397337,NA,NA,2025-07-14
ChIJNwNYneXPBZERvnx_1rWKLmQ,fox academy,NA,+51 1 6839070,NA,NA,NA,NA,2025-07-14
ChIJAQXOKwvNBZERqF_wMqqlaZc,francopedrozamma,NA,NA,NA,NA,NA,NA,2025-07-14
ChIJKesXee25BZERRTPN-SaAGX4,FudoZen Jiu Jitsu - Taurus BJJ,NA,+51 967 713 492,NA,https://wa.me/51967713492,NA,NA,2025-07-14
ChIJ1YpSKgDJBZERKDmUGecW1nQ,Galera Bjj,NA,NA,NA,NA,https://www.instagram.com/galera_bjj,NA,2025-07-14
ChIJqT3IfADFBZERiGYMI6Qk8xc,Samurái Ate Vitarte BJJ Galpón Fight Club MMA JIUJITSU,NA,+51 967 948 401,NA,https://wa.me/51967948401,https://www.instagram.com/galpon.fight.club.mma,NA,2025-07-14
ChIJEXuVY_i3BZER08CWMOYLlzA,Gaman Perú,NA,+51 924 135 819,NA,https://wa.me/51924135819,NA,NA,2025-07-14
ChIJEXKqbTO3BZER3euLTELXG_U,Game Fight Chorrillos,NA,+51 985 681 099,NA,https://wa.me/51985681099,https://www.instagram.com/gamefightchorrillos,NA,2025-07-14
ChIJXfqFUWXHBZERBCWUtdh8OzA,Gentle Art Training Center,NA,+51 992 221 229,NA,https://wa.me/51992221229,NA,NA,2025-07-14
ChIJA-eyd8bIBZERzlDlMoT-BUo,Gimnasio Club Apolo Gym,NA,+51 934 523 464,NA,https://wa.me/51934523464,NA,NA,2025-07-14
ChIJOfVTLj_JBZERTUyB_kKhYnc,Gracie Barra San Miguel,https://www.graciebarrasanmiguel.crosshero.site/,+51 972 466 436,administracion@graciebarraperu.com,https://wa.me/51972466436,https://www.instagram.com/alavanca_peru,NA,2025-07-14
ChIJJ-HrgETHBZERj90CNmOWPh4,Guigo Jiu Jitsu Surco,NA,+51 993 496 833,NA,https://wa.me/51993496833,NA,NA,2025-07-14
ChIJo5dfznG7BZERUKPgRmSt_tE,Herreras Fight Center,NA,+51 986 813 053,NA,https://wa.me/51986813053,NA,NA,2025-07-14
ChIJIxkhu37HBZEROfIG-FHuJYM,Hippo BJJ Jiujitsu Perú | Academia de Artes Marciales,NA,+51 999 600 162,NA,https://wa.me/51999600162,NA,https://www.facebook.com/TeamHippoBjj,2025-07-14
ChIJuSGxkgrRBZER1xdiRMDhh04,IF ACADEMY,NA,+51 992 194 361,NA,https://wa.me/51992194361,NA,NA,2025-07-14
ChIJzwKq4Mi5BZER0d4ZhuG1mXA,INTI WALLA PERU,NA,+51 993 891 598,NA,https://wa.me/51993891598,https://www.instagram.com/explore/locations/2281100328806244/inti-walla-peru/,https://www.facebook.com/p/INTI-WALLA-PERU-100063763851955/,2025-07-14
ChIJN5ZmqUjDBZERfg6CAsw_DIk,jabali jiu jitsu,NA,+51 997 705 831,NA,https://wa.me/51997705831,NA,NA,2025-07-14
ChIJ_7g9iXnHBZERhEl77cpDon4,Japanese ju jitsu academy - Cobra kai peruano,NA,NA,NA,NA,NA,NA,2025-07-14
ChIJk8SzSkDOBZERCTZ3zE24RQw,JUNGLE FIGHTING CENTER,NA,+51 947 132 222,chavezbjjantonio@gmail.com,https://wa.me/51947132222,NA,https://www.facebook.com/JungleFightingCenter,2025-07-14
ChIJN3QsxCbPBZERgR2YabPmQbA,JUNGLE FIGHTING CENTER SEDE HUANDOY,NA,NA,NA,NA,NA,NA,2025-07-14
ChIJVTkYBQy4BZER8Lrs_Th1Gyg,Kami Martial Arts,NA,+51 989 017 185,NA,https://wa.me/51989017185,NA,NA,2025-07-14
ChIJb35O-MG5BZER0gm5vyGT7yY,Klandestino Jiujitsu Villa el Salvador,NA,+51 902 126 885,NA,https://wa.me/51902126885,NA,NA,2025-07-14
ChIJKaKtOJLTBZERIcXehVZ4ODk,Knockouts Training Center,NA,NA,NA,NA,NA,NA,2025-07-14
ChIJl8KifKTVBZERAZzwbANiMV4,kTC - Escuela de Artes Marciales Mixtas,NA,+51 934 928 853,NA,https://wa.me/51934928853,NA,NA,2025-07-14
ChIJN9wzg_zRBZERNZr_IawriMM,La Casa de Batiatus,NA,+51 982 174 856,NA,https://wa.me/51982174856,NA,https://www.facebook.com/La-Casa-de-Batiatus-842188182482926,2025-07-14
ChIJ978EWfa5BZERiREZ7hbxVA0,LA GRANJA BJJ,NA,+51 930 508 219,NA,https://wa.me/51930508219,https://www.instagram.com/lagranjabjj,NA,2025-07-14
ChIJSb1NrmPJBZERf34Gt0a60eM,Lab 266 Jiu Jitsu & Movement,http://www.lab266.com/,+51 981 245 182,NA,https://wa.me/51981245182,NA,NA,2025-07-14
ChIJvwqpvkHHBZERdO0CswW9ZsU,Legacy BJJ Perú,NA,+51 923 898 170,NA,https://wa.me/51923898170,NA,NA,2025-07-14
ChIJgfP7ckzRBZERYV0OABgUnqA,Los Perros Sarnosos De Pro - Equipo Giglio,NA,+51 930 868 165,NA,https://wa.me/51930868165,NA,https://www.facebook.com/Los-Perros-Sarnosos-Pro-Los-Olivos-1170666756331189,2025-07-14
ChIJvYHKt3-jBZEROnva_mUx-X0,Maretazo Muay Thai - MMA,NA,+51 986 000 357,NA,https://wa.me/51986000357,NA,NA,2025-07-14
ChIJGy2VpEjPBZERRuN81xfxeJc,Maximos Combat Club,NA,+51 972 102 849,NA,https://wa.me/51972102849,https://www.instagram.com/mccperuoficial,NA,2025-07-14
ChIJvacSRQDVBZERBxHZNVWjEjw,MEGA WOLF GYM,NA,+51 906 245 395,NA,https://wa.me/51906245395,NA,NA,2025-07-14
ChIJabJUHWzHBZERBIaiGFzAyBc,Mekka Jiujitsu,https://www.mekkabrand.com/,+51 953 885 037,info@mekkabrand.com,https://wa.me/51993795427,https://www.instagram.com/mekkajiujitsu,NA,2025-07-14
ChIJkfQshOjFBZERHZm1o7HcYTE,MKOMBAT SJL,NA,+51 958 966 721,NA,https://wa.me/51958966721,NA,NA,2025-07-14
ChIJp8E3VQ3PBZERnloYE0DqDw4,MMA-SALMISTA ( ACADEMIA DE DEPORTE),NA,+51 957 746 776,NA,https://wa.me/51957746776,https://www.instagram.com/salmistasmma/,https://www.facebook.com/p/Academia-Salmista-MMA-100050883829326/,2025-07-14
ChIJG05Mh_DHBZERetDpq21KTFw,Monkey Jiu Jitsu,http://www.monkeybjj.com/,+51 987 755 130,NA,https://wa.me/51987755130,https://www.instagram.com/monkeybjj,https://www.facebook.com/monkeyjiujitsuperu,2025-07-14
ChIJNeMy2jDJBZERawYM4lCPlLc,Mutant House Jiu Jitsu,NA,+51 999 335 730,NA,https://wa.me/51999335730,NA,NA,2025-07-14
ChIJv_9GrX3JBZERpdIfG8ujNTI,Nagare Jiu Jitsu,NA,NA,support@calendly.com,NA,NA,NA,2025-07-14
ChIJZxWvr-HIBZERPwGb5wPFqag,Nippi Judo Club Peru,NA,+51 982 238 483,NA,https://wa.me/51982238483,NA,NA,2025-07-14
ChIJ3cBfgAbJBZERjo1i2MqHYMk,NKO Training Center I,NA,+51 956 980 101,NA,https://wa.me/51956980101,https://www.instagram.com/nko.tc,NA,2025-07-14
ChIJP6z8pTTJBZERkq2_VrWh5QA,NS BROTHERHOOD LINCE,NA,+51 932 764 196,NA,https://wa.me/51932764196,NA,NA,2025-07-14
ChIJl-OE-4bIBZERA407nV0og0Y,NS BROTHERHOOD PERÚ,NA,+51 993 081 703,NA,https://wa.me/51993081703,https://www.instagram.com/nsbrotherhoodperu,NA,2025-07-14
ChIJG1UHBFrJBZERLbEeqYaaKuY,OSAE Jiu Jitsu,NA,+51 933 620 874,NA,https://wa.me/51933620874,NA,NA,2025-07-14
ChIJn7sYPwDJBZER8XVYDRxEe8E,Parabellum,NA,+51 903 340 959,NA,https://wa.me/51903340959,https://www.instagram.com/parabellum.bjj,NA,2025-07-14
ChIJkwetawDPBZERe4-TTmC1ho0,Peru Combat Warriors,NA,+51 932 322 583,NA,https://wa.me/51932322583,NA,NA,2025-07-14
ChIJERtB_gzJBZERgcXx1-xaPVE,Peru Fight Academy,http://www.perufightacademy.com/,+51 944 672 901,perufightacademy@gmail.com,https://wa.me/51944672901,NA,NA,2025-07-14
ChIJ93hXYyfHBZERcjGFyxcuVdE,Peru Fight Academy San Borja,NA,+51 971 758 785,NA,https://wa.me/51971758785,NA,https://www.facebook.com/termedellafratta,2025-07-14
ChIJ4Y4PDdzHBZERJXAhgGULTzE,Peruvian Judo Federation,http://www.judoperu.org/,+51 1 3239200,administracion@judoperu.org,NA,https://www.instagram.com/judoperu,https://www.facebook.com/judoperu,2025-07-14
ChIJpx8PrxK5BZER6zsdCeVE_ks,Pitbull Martial Arts Center/PMAC,NA,+51 986 638 749,NA,https://wa.me/51986638749,NA,https://www.facebook.com/pmacperu,2025-07-14
ChIJvRitl9XJBZERpWI5jNsJq0k,Primo Jiu-jitsu,NA,+51 947 211 404,NA,https://wa.me/51947211404,NA,NA,2025-07-14
ChIJ50sMOerHBZERn8tKf7_hoAY,Pro Figthing Peru,NA,+51 954 741 063,NA,https://wa.me/51954741063,https://www.instagram.com/pfpsanborja,NA,2025-07-14
ChIJK54LUY6ZBZERR-WxLMqnM2I,Punta Hermosa Training Club,NA,+51 913 296 781,NA,https://wa.me/51913296781,https://www.instagram.com/puntahermosatrainingclub,NA,2025-07-14
ChIJTST-HcnJBZERrNhTM-u_rJA,Purple OG - Bjj Art,NA,+51 946 209 249,NA,https://wa.me/51946209249,NA,NA,2025-07-14
ChIJX_TLpF_JBZER0h0_mprkNC0,RED LIONS - MMA Academy,https://www.red-lions-mb-academy.negocio.site/?copy,+51 924 574 136,NA,https://wa.me/51924574136,NA,https://www.facebook.com/RedLionsMBAcademy,2025-07-14
ChIJj4ZR05TLBZERZz0HklRYUlQ,RED LIONS - MMA Academy,NA,+51 924 574 136,NA,https://wa.me/51924574136,NA,NA,2025-07-14
ChIJZ920gvzIBZERgQR9-HhPq6w,Renzo Gracie Academy,NA,+51 972 195 557,NA,https://wa.me/51972195557,NA,NA,2025-07-14
ChIJdZHuDynJBZERmT2FI6h0ib4,Ronin Martial Arts - Jiu jitsu & MMA,NA,+51 964 935 641,NA,https://wa.me/51964935641,https://www.instagram.com/ronin_martial.arts,https://www.facebook.com/ronin.martial.arts.pe,2025-07-14
ChIJd7C6LJbJBZER0URIRWAiJcY,Samurai Martial Arts,NA,+51 971 428 754,NA,https://wa.me/51971428754,https://www.instagram.com/samuraimartialarts,NA,2025-07-14
ChIJCb45ex3JBZERc1ODq5sRUPU,SAMURAI PUEBLO LIBRE,NA,+51 962 095 823,NA,https://wa.me/51962095823,NA,NA,2025-07-14
ChIJ-V1U4WiZBZEREqlFW69BUjs,San Bartolo JiuJitsu,NA,+51 935 158 768,NA,https://wa.me/51935158768,https://www.instagram.com/sanbartolo.jj,NA,2025-07-14
ChIJb0J5dqHJBZERe8GSzXECUtQ,Shin Gi Tai - Lima Judo Club,NA,NA,NA,NA,https://www.instagram.com/judo.miraflores,NA,2025-07-14
ChIJBzhPuPrPBZERLz7z0Txc60c,Shinyuu - Guigo Jiujitsu Rimac,NA,+51 961 468 079,NA,https://wa.me/51961468079,NA,NA,2025-07-14
ChIJARxB5svRBZERNPsy3ne2Cns,SMA OIS PERÚ EMETH KRAV MAGA,NA,+51 999 440 426,NA,https://wa.me/51999440426,NA,NA,2025-07-14
ChIJ2_uPUwDJBZERQmMjPUSEARI,Studio 7,NA,NA,NA,NA,NA,NA,2025-07-14
ChIJtdJazrDh8YsRSc-mT_xbFvs,Studio 7 Jiu jitsu Club,NA,+51 966 745 206,NA,https://wa.me/51966745206,NA,NA,2025-07-14
ChIJ04_GLCTHBZEROwgIg2JXg7g,Sumaq Jiu Jitsu,NA,+51 993 756 798,NA,https://wa.me/51993756798,NA,NA,2025-07-14
ChIJWYDztR25BZERa12oVlSlFC8,SWAM Peru Academy of Modern Martial Arts & Science,https://www.miguelopezbustamante.leadgods.com/es/landing/swam-peru-academy-of-modern-martial-arts?preview=true,+51 977 516 304,NA,https://wa.me/51977516304,NA,NA,2025-07-14
ChIJ1YklegDPBZER1Ibv-FUqkaM,Tamashi Judo Club Los Olivos,NA,NA,NA,NA,NA,NA,2025-07-14
ChIJe3XTfQbJBZERP7gk6MKAVFQ,Tan Ren Guigo Jiu Jitsu,NA,+51 944 831 624,NA,https://wa.me/51944831624,NA,NA,2025-07-14
ChIJwy6ggZC3BZER3XbcHvxB8tM,Taurus Gym Dojo,NA,+51 921 548 697,NA,https://wa.me/51921548697,NA,NA,2025-07-14
ChIJPWxX5gDRBZER1LeoJ419ACM,TEAM BERSERKER,NA,+51 936 017 229,NA,https://wa.me/51936017229,NA,NA,2025-07-14
ChIJrQBS6LjDBZERZTLseobjQDo,Team Jairolo mma,NA,+51 947 173 076,NA,https://wa.me/51947173076,https://www.instagram.com/warriors_fighting_peru,NA,2025-07-14
ChIJlYGuR9nIBZERDTNNPHOPDrE,Team Perros Sarnosos - Mestre Hector Iberico,NA,+51 986 781 227,losperrossarnosos@hotmail.com,https://wa.me/51986781227,NA,https://www.facebook.com/LosPerrosSarnosos,2025-07-14
ChIJFRt8un67BZERRhMFNLShgtI,Team Seven Jiu Jitsu,NA,+51 926 946 468,NA,https://wa.me/51926946468,NA,NA,2025-07-14
ChIJZSSeoRTFBZERpUdBnFFB6hI,TeamCaritaMMA,NA,+51 966 392 724,NA,https://wa.me/51966392724,NA,NA,2025-07-14
ChIJxQAKcK_JBZERIL5Ve7JNsAw,Tominaga Martial Training,NA,+51 962 095 823,NA,https://wa.me/51962095823,NA,NA,2025-07-14
ChIJj-vVKgrPBZERqLodth-aueI,Triangulo Jiujitsu,NA,+51 935 672 118,NA,https://wa.me/51935672118,NA,NA,2025-07-14
ChIJtd_NNADpBZERnKKzBELjDA0,Valhalla Guigo Jiu Jitsu,NA,+51 997 571 729,NA,https://wa.me/51997571729,https://www.instagram.com/valhallaguigojj,NA,2025-07-14
ChIJ2badz7rJBZERxHaIC4ApV2Q,Viringos Jiu Jitsu,NA,NA,NA,NA,NA,NA,2025-07-14
ChIJgTAHm9HHBZERqH8Sfg4j4WQ,XTREME COMBAT,NA,+51 1 2268111,NA,NA,NA,NA,2025-07-14
ChIJe58qHQDPBZERcOlRkfXry8o,Academia Força & Fitness,NA,+51 986 358 100,NA,https://wa.me/51986358100,NA,NA,2025-07-14
ChIJleickSfFBZERvxocs06mECI,Academia Força & Fitness,http://www.affperu.com/,+51 986 358 100,informes@affperu.com,https://wa.me/51986358100,https://www.instagram.com/academiaforcafitness,NA,2025-07-14
ChIJtwb4dADJBZER1-b2zKidZzU,Academia The Factory - Artes Marciales,NA,+51 924 653 191,academiathefactory@gmail.com,https://wa.me/51924653191,NA,https://www.facebook.com/thefactorymiraflores,2025-07-14
ChIJaR7YcY7vBZER3FZOVZx4bHg,ALVARO NOVOA CHOSICA,NA,+51 912 829 891,NA,https://wa.me/51912829891,NA,NA,2025-07-14
ChIJEzX-loTLBZER0JUz0_GZeRM,AMB La Punta Muaythai&box,NA,+51 987 103 583,NA,https://wa.me/51987103583,NA,NA,2025-07-14
ChIJr4hIAu_LBZERILPbEM-CM9w,Asociacion de Residentes,NA,NA,NA,NA,NA,NA,2025-07-14
ChIJD6btPMbHBZER9x_64LBItW0,Attitude Fight Club,http://www.attitudefc.com/,+51 923 322 594,informes@attitudefc.com,https://wa.me/51923322594,https://www.instagram.com/attitudefightclub,https://www.facebook.com/AttitudeFightClub.Peru,2025-07-14
ChIJ0-QO8jTRBZERpLcqXjB3Kr4,CENTRO DE ARTES MARCIALES,NA,+51 996 165 198,NA,https://wa.me/51996165198,NA,https://www.facebook.com/CentrodeArtesMarciales.Peru,2025-07-14
ChIJQ31ia9PRBZERRfVjIYN9VuA,Club Deportivo InkaTAC Warriors,http://www.inkatac.com/,+51 900 096 525,security@inkatac.com,https://wa.me/51900096525,https://www.instagram.com/inkatac,https://www.facebook.com/InkaTacCombatTrainingAcademy,2025-07-14
ChIJH-p69sm3BZERtabzgMfhqW0,De Vettori Karate Dojo,https://www.devettorikaratedojo.com/de-vettori-dojo,+51 996 050 602,NA,https://wa.me/51996050602,NA,NA,2025-07-14
ChIJG9kQoXbJBZER3AlWHo88KO4,Dojo Himawari,NA,+51 954 110 499,NA,https://wa.me/51954110499,NA,NA,2025-07-14
ChIJx2KpUbvJBZERSXuxS6VWegQ,Dojo uturunku,NA,+51 984 307 753,NA,https://wa.me/51984307753,NA,NA,2025-07-14
ChIJ4e04LYrJBZERJn9FTvP_KYc,Escuela de Capoeira Nagô Perú,NA,+51 924 653 191,academiathefactory@gmail.com,https://wa.me/51924653191,NA,https://www.facebook.com/thefactorymiraflores,2025-07-14
ChIJCZ9ET-npBZERmwkARU697XA,ESCUELA NOVOA - SEDE CHACLACAYO,NA,+51 921 822 252,NA,https://wa.me/51921822252,NA,NA,2025-07-14
ChIJzRmx2l3vBZERIv9LuWJr-UY,ESCUELA NOVOA - Sede Yanacoto,NA,+51 921 822 252,NA,https://wa.me/51921822252,NA,NA,2025-07-14
ChIJubZD0HvFBZERQWkbdUOlvgQ,Escuelas de Artes Marciales Golden Rider Figth Team,NA,+51 903 081 371,NA,https://wa.me/51903081371,NA,https://www.facebook.com/GoldenRiderFigthTeam,2025-07-14
ChIJz03HLXzBBZERrg1vTS-hH8o,Federación Internacional Taekwon-Do Tradicional Sam-il,NA,+51 932 272 686,samilescuelataekwondo@gmail.com,https://wa.me/51932272686,NA,https://www.facebook.com/EscuelaTaekwondoSamil,2025-07-14
ChIJMWm_TyDFBZERPAmzxjVEhbo,FERTEX ARTES MARCIALES VENCEDORES,NA,+51 959 303 043,jordanmiranda9902@gmail.com,https://wa.me/51959303043,NA,https://www.facebook.com/fertexvencedores,2025-07-14
ChIJwTj8Xu7FBZERi0agsCck9RU,Fertex Guk-Gi (Buenos Aires),NA,+51 923 823 918,NA,https://wa.me/51923823918,NA,NA,2025-07-14
ChIJVW0EmhHHBZER_JJo4iXfnkY,Fight Club Perú,NA,+51 912 140 061,NA,https://wa.me/51912140061,https://www.instagram.com/fightclub.pe,NA,2025-07-14
ChIJSYYL9dbpBZERAH45ckrXXJI,Fit House - Artes Marciales en Chaclacayo,NA,+51 923 975 807,flygestaoartistica@gmail.com,https://wa.me/51923975807,https://www.instagram.com/elixirloungevibes,NA,2025-07-14
ChIJiUD0uIzJBZERMtyqr78xuGk,Kaizen Martial Arts,NA,+51 907 319 820,NA,https://wa.me/51907319820,NA,NA,2025-07-14
ChIJ92Sw1zfJBZERjzp-2jBBPCc,Knockstar Team,NA,+51 994 107 481,knockstarteam@hotmail.com,https://wa.me/51994107481,NA,https://www.facebook.com/KnockstarTeam,2025-07-14
ChIJ2RQ12Su5BZER7k-Ju-QN95g,Knockstarteam Chorrillos,NA,+51 940 321 970,NA,https://wa.me/51940321970,https://www.instagram.com/knockstarteam_chorrillos,NA,2025-07-14
ChIJl0MWi2DPBZERgFcEjhaUsr4,Martial Gym,NA,NA,NA,NA,NA,NA,2025-07-14
ChIJ8_BFx5PPBZERWwYNTecWaQ0,martial gym,NA,NA,NA,NA,NA,NA,2025-07-14
ChIJTftM_zrIBZERka67kYT47XQ,MMA & Boxing Club,NA,+51 999 149 371,NA,https://wa.me/51999149371,NA,NA,2025-07-14
ChIJYVOUbjvIBZERdBp3eI6wbZk,Moving Zen Perú,http://www.movingzenperu.com/,+51 981 032 561,info@movingzenperu.com,https://wa.me/51981032561,NA,NA,2025-07-14
ChIJsZ2tIsLHBZER37S3_pK3UIs,Panther Fight Academy,NA,+51 907 350 376,NA,https://wa.me/51907350376,https://www.instagram.com/pantherfightacademyperu,NA,2025-07-14
ChIJR7eS71vOBZERIgPBA0j4K7E,Peru Fight Academy Norte: Boxeo - Muay Thai - MMA,https://www.perufightacademy.net/,+51 962 740 772,perufightacademynorte@gmail.com,https://wa.me/51962740772,https://www.instagram.com/perufightacademynorte,https://www.facebook.com/PeruFightAcademyNorte,2025-07-14
ChIJOWUMw77PBZERy8POn-61MWk,Predator Combat Academy - PCA,NA,+51 997 207 080,NA,https://wa.me/51997207080,NA,NA,2025-07-14
ChIJ7ZUIvK7FBZERUZZa79pBF54,Predator Fight Center,NA,+51 941 875 159,NA,https://wa.me/51941875159,NA,NA,2025-07-14
ChIJPSIV6RrFBZER_QQAA2iF31s,R1 Escuela De Deportes - Artes Marciales y fitness,NA,+51 936 122 909,NA,https://wa.me/51936122909,NA,https://www.facebook.com/R1deportes,2025-07-14
ChIJh4tNXAG3BZERzNdN3Wepyjo,Strike Team Gym,NA,NA,NA,NA,NA,NA,2025-07-14
ChIJfR7pXMrRBZERFdTSKfVDIKg,Team Chavez,NA,+51 902 999 508,NA,https://wa.me/51902999508,https://www.instagram.com/teamchavez_tcv/,https://www.facebook.com/teamchavezperu/?locale=es_LA,2025-07-14
ChIJieoTqpHFBZEReDjwbQNIQmc,Team La Jauría Fight Club,NA,+51 916 718 341,NA,https://wa.me/51916718341,NA,NA,2025-07-14
ChIJM6SvQ-3JBZERvH2XIwsA4kY,Tres Coronas MT,NA,+51 952 725 364,NA,https://wa.me/51952725364,NA,NA,2025-07-14
ChIJ4aVREwDHBZERglyIXiaVZ9Y,Triumph Fight Center academia de artes marciales,NA,+51 900 966 701,NA,https://wa.me/51900966701,NA,NA,2025-07-14
ChIJ148eGJzJBZER-YR5bt1dUDM,True sports,NA,+51 907 832 437,NA,https://wa.me/51907832437,NA,NA,2025-07-14
ChIJK8LnTOjFBZERBwnyzoHB4IY,Under Fire Fight Club,NA,+51 981 151 616,NA,https://wa.me/51981151616,https://www.instagram.com/underffc,NA,2025-07-14
ChIJ85ntbIC7BZERa5AoRUpRtro,Villa Fight,NA,+51 949 596 547,NA,https://wa.me/51949596547,NA,NA,2025-07-14
ChIJcVtkKVrHBZERpcPJO0DIVvo,VIP TRAINING LA MOLINA PREMIUM,NA,+51 1 7736333,viptraininglm@gmail.com,NA,NA,https://www.facebook.com/viptraininglamolina,2025-07-14
ChIJeaNN3PW3BZER1JN21LAn4G4,ZENDO - MARTIAL ARTS,NA,+51 941 368 736,adzendo@hotmail.com,https://wa.me/51941368736,NA,https://www.facebook.com/ZENDO-MARTIAL-ARTS-153572154708722,2025-07-14
