place_id,photo,street_view,logo,has_photo,has_street_view,has_logo,media_completeness_score,logo_status
ChIJRXLy5FTJBZER3lPKDIM2_Gg,https://lh3.googleusercontent.com/gps-cs-s/AC9h4nqHtFd-l5xf3-0eZB4TkQY4OGFEQREtkJD8DOS2HmSKkh3FO3sRtF5NLO_5RiwbuOl4K8bCW7N1nLgvEKe1yPkRalmjl-WCiO9Q9U2Fj-ikKQcoKjHwoTdM5Vek_BFJ4WeAt5ilMg=w800-h500-k-no,https://lh3.googleusercontent.com/gps-cs-s/AC9h4nqHtFd-l5xf3-0eZB4TkQY4OGFEQREtkJD8DOS2HmSKkh3FO3sRtF5NLO_5RiwbuOl4K8bCW7N1nLgvEKe1yPkRalmjl-WCiO9Q9U2Fj-ikKQcoKjHwoTdM5Vek_BFJ4WeAt5ilMg=w1600-h1000-k-no,NA,TRUE,TRUE,FALSE,2,can_extract_later
ChIJHbWmE0zFBZERzpHMxHI3tJU,NA,NA,https://lh5.googleusercontent.com/-DamgSPP0O2Y/AAAAAAAAAAI/AAAAAAAAAAA/G1vOUw1iF4w/s44-p-k-no-ns-nd/photo.jpg,FALSE,FALSE,TRUE,1,has_logo
ChIJi6uz63eYBZERB8CC3eo9-xM,https://lh3.googleusercontent.com/gps-cs-s/AC9h4noMbAnPwMrNU-UAtWpgtZ9SKy46kfz-Cq9kcUI-Ob2Q3FZE0UYFZZFPCVImUIwmyf-0GGJPpVwGOI1AyGO7Y1F0GzCtSm-PZRNly45T6jpLc3wOmRngH4RNqaV-kWoOkeQ8zNkLzg=w800-h500-k-no,https://lh3.googleusercontent.com/gps-cs-s/AC9h4noMbAnPwMrNU-UAtWpgtZ9SKy46kfz-Cq9kcUI-Ob2Q3FZE0UYFZZFPCVImUIwmyf-0GGJPpVwGOI1AyGO7Y1F0GzCtSm-PZRNly45T6jpLc3wOmRngH4RNqaV-kWoOkeQ8zNkLzg=w1600-h1000-k-no,NA,TRUE,TRUE,FALSE,2,can_extract_later
ChIJf-tGXyvFBZERcKfPb9ruO40,https://lh3.googleusercontent.com/p/AF1QipPcH66Gs5nMQ1-8ytErddokw0jeJKbA6BmcMp4=w800-h500-k-no,https://lh3.googleusercontent.com/p/AF1QipPcH66Gs5nMQ1-8ytErddokw0jeJKbA6BmcMp4=w1600-h1000-k-no,https://lh6.googleusercontent.com/-m8Ej_01EK2c/AAAAAAAAAAI/AAAAAAAAAAA/pBpshcyeQi4/s44-p-k-no-ns-nd/photo.jpg,TRUE,TRUE,TRUE,3,has_logo
ChIJ19FlnzW5BZERqD67s4vRqvk,NA,NA,NA,FALSE,FALSE,FALSE,0,missing_logo
ChIJMdRaup_PBZERDM9AVTMzd6w,NA,NA,NA,FALSE,FALSE,FALSE,0,missing_logo
ChIJl7jBoyrPBZER7uggoGyGutA,https://lh3.googleusercontent.com/p/AF1QipMVxNymVTjk6iyoVj9hGJSZQjPWXANlCXEEiD5P=w800-h500-k-no,https://lh3.googleusercontent.com/p/AF1QipMVxNymVTjk6iyoVj9hGJSZQjPWXANlCXEEiD5P=w1600-h1000-k-no,https://lh3.googleusercontent.com/-xYVz0QBedNM/AAAAAAAAAAI/AAAAAAAAAAA/GIOKW6oG8Qs/s44-p-k-no-ns-nd/photo.jpg,TRUE,TRUE,TRUE,3,has_logo
ChIJeYNwkwnIBZER9ksmHYGbEuw,NA,NA,https://lh6.googleusercontent.com/-oKJj919I5yY/AAAAAAAAAAI/AAAAAAAAAAA/rlDl8EJ_iok/s44-p-k-no-ns-nd/photo.jpg,FALSE,FALSE,TRUE,1,has_logo
ChIJkXP02G3JBZERHLuIe0SQAHM,https://lh3.googleusercontent.com/p/AF1QipOwAaj-Qhfx4vpETeJvz8lXPAszmwbbDz57K6bU=w800-h500-k-no,https://lh3.googleusercontent.com/p/AF1QipOwAaj-Qhfx4vpETeJvz8lXPAszmwbbDz57K6bU=w1600-h1000-k-no,https://lh4.googleusercontent.com/-hq8aiGPgxB4/AAAAAAAAAAI/AAAAAAAAAAA/3aksvUphphc/s44-p-k-no-ns-nd/photo.jpg,TRUE,TRUE,TRUE,3,has_logo
ChIJ5fiUf_HHBZERYOsZZA9xFTU,NA,https://lh3.googleusercontent.com/gps-cs-s/AC9h4np-_FZhhOTs9tByPcmq5PQwbYlpfz6q-4ev0mpsxWqPPFDeGADWGmyw_JkQ6pfGJYmfGYfYWKQ4WsjirR1OdpK4rM-JDnRkAnB25S7s6VIYccYSjaP93Q-YN42bDQGbeYGpOkrM=w1600-h1000-k-no,NA,FALSE,TRUE,FALSE,1,missing_logo
ChIJ59fyEPi5BZER8SxRYGoYSio,https://lh3.googleusercontent.com/gps-cs-s/AC9h4nrpTlHDb5KviicMNZl41RKsQitkSs2SUWNJi0kEKW-oFk8f6W7lUAaOPn4SG_pUf_AOOClmSwxBe0u5OW_Z53639v7uAWmWJOyxiFeoZodq7ak1AYFyAIBPAs006JEmpv3fI-kwPA=w800-h500-k-no,https://lh3.googleusercontent.com/gps-cs-s/AC9h4nrpTlHDb5KviicMNZl41RKsQitkSs2SUWNJi0kEKW-oFk8f6W7lUAaOPn4SG_pUf_AOOClmSwxBe0u5OW_Z53639v7uAWmWJOyxiFeoZodq7ak1AYFyAIBPAs006JEmpv3fI-kwPA=w1600-h1000-k-no,NA,TRUE,TRUE,FALSE,2,can_extract_later
ChIJw5H8H1S4BZER1YkZvEUhdsg,https://lh5.googleusercontent.com/JzB-GtNUdwashsImK6-8tyM4Gza7p4xQNtJHTaBBqVm-LZCTy3BdvYg5OJInOwvN=w800-h500-k-no,NA,NA,TRUE,FALSE,FALSE,1,can_extract_later
ChIJbehiZfDHBZERxD71uXfBsvE,https://lh3.googleusercontent.com/gps-cs-s/AC9h4nrfUpp04PXXT8Ef_m4RLBTVX__7R2FZqNZFPpQNIFb6oHE5oLxqKBOqUvsB0LRd6ssjovW5i4OHlyuGffeZJZmNSUitChtNzB_xEmK3Q9Sbip6dM4ucrOEBIaIvxshKz52atW-f=w800-h500-k-no,https://lh3.googleusercontent.com/gps-cs-s/AC9h4nrfUpp04PXXT8Ef_m4RLBTVX__7R2FZqNZFPpQNIFb6oHE5oLxqKBOqUvsB0LRd6ssjovW5i4OHlyuGffeZJZmNSUitChtNzB_xEmK3Q9Sbip6dM4ucrOEBIaIvxshKz52atW-f=w1600-h1000-k-no,NA,TRUE,TRUE,FALSE,2,can_extract_later
ChIJe8lhM-zJBZERvsFzVLnwZVE,https://lh3.googleusercontent.com/p/AF1QipPM6MHj2ETgwqtp-KjjYG0b2daWjgn84pEU0T5C=w800-h500-k-no,https://lh3.googleusercontent.com/p/AF1QipPM6MHj2ETgwqtp-KjjYG0b2daWjgn84pEU0T5C=w1600-h1000-k-no,https://lh3.googleusercontent.com/-DUHU9BANLqU/AAAAAAAAAAI/AAAAAAAAAAA/8pTzdSIcVuI/s44-p-k-no-ns-nd/photo.jpg,TRUE,TRUE,TRUE,3,has_logo
ChIJWcjah627BZERr3KaEviXWL4,NA,https://lh3.googleusercontent.com/p/AF1QipNtvm9KbskNneIKGtvVf437esmdzTAbzmbAHDMg=w1600-h1000-k-no,https://lh4.googleusercontent.com/-CLleqKKx5sA/AAAAAAAAAAI/AAAAAAAAAAA/ZZlNnCRIxQk/s44-p-k-no-ns-nd/photo.jpg,FALSE,TRUE,TRUE,2,has_logo
ChIJvxVDJhq5BZERQHmnynp95sg,https://lh3.googleusercontent.com/p/AF1QipPBNepmw6B78nq8pquvfIfj87qCMnKL00xy5PMx=w800-h500-k-no,https://lh3.googleusercontent.com/p/AF1QipPBNepmw6B78nq8pquvfIfj87qCMnKL00xy5PMx=w1600-h1000-k-no,https://lh5.googleusercontent.com/-KLc2pgBU90k/AAAAAAAAAAI/AAAAAAAAAAA/O1r1AwltatI/s44-p-k-no-ns-nd/photo.jpg,TRUE,TRUE,TRUE,3,has_logo
ChIJP096eO_RBZERoalEPIOyesI,NA,NA,https://lh5.googleusercontent.com/-fU-LbhhqplY/AAAAAAAAAAI/AAAAAAAAAAA/NSrZXf0WGik/s44-p-k-no-ns-nd/photo.jpg,FALSE,FALSE,TRUE,1,has_logo
ChIJ_ajXUwDJBZERn-ZfOy2Pt4g,NA,NA,NA,FALSE,FALSE,FALSE,0,missing_logo
ChIJj0IXpKXFBZERJoi_5KYTcYw,NA,https://lh3.googleusercontent.com/p/AF1QipOumGpOA7SR3W7mZ2QAZ1tcGAgiAGvS6nKkB9zw=w1600-h1000-k-no,https://lh6.googleusercontent.com/-zXhHzMNXmhI/AAAAAAAAAAI/AAAAAAAAAAA/mqc2RZV8kOA/s44-p-k-no-ns-nd/photo.jpg,FALSE,TRUE,TRUE,2,has_logo
ChIJQ2fNfwe4BZERh-TrCyDrHOk,https://lh3.googleusercontent.com/gps-cs-s/AC9h4nrS0Otlp5iJktZIMoqORktiiO2WCiJBkjY_E6ItQW9usJaSXZpacfzgJEbikLaTbOLTAHtPodCJ8Bra2c5RPm5rqAnXsaw8uzGKqXFv_F_8eSfNJM_a_fO0UOEaGhVdgYRo2E6cndp19Mw7=w800-h500-k-no,https://lh3.googleusercontent.com/gps-cs-s/AC9h4nrS0Otlp5iJktZIMoqORktiiO2WCiJBkjY_E6ItQW9usJaSXZpacfzgJEbikLaTbOLTAHtPodCJ8Bra2c5RPm5rqAnXsaw8uzGKqXFv_F_8eSfNJM_a_fO0UOEaGhVdgYRo2E6cndp19Mw7=w1600-h1000-k-no,https://lh3.googleusercontent.com/-FExd25f43Zc/AAAAAAAAAAI/AAAAAAAAAAA/aawKHWv8UXc/s44-p-k-no-ns-nd/photo.jpg,TRUE,TRUE,TRUE,3,has_logo
ChIJlbGtU7_LBZERmVRwOcVZAmg,https://lh3.googleusercontent.com/gps-cs-s/AC9h4nrYeru810Uh0_7fUXylpagXkxHWdffq8TlhskQQ_j9d_X5yu_GN_TImpc4orbLsjJ8_b0JYPEXdjOZony6eVRgwwO6Ra-r3rAw4q9LgVmeR1FzeWQIzzhUjXFwUzu308IXHsXBH=w800-h500-k-no,https://lh3.googleusercontent.com/gps-cs-s/AC9h4nrYeru810Uh0_7fUXylpagXkxHWdffq8TlhskQQ_j9d_X5yu_GN_TImpc4orbLsjJ8_b0JYPEXdjOZony6eVRgwwO6Ra-r3rAw4q9LgVmeR1FzeWQIzzhUjXFwUzu308IXHsXBH=w1600-h1000-k-no,NA,TRUE,TRUE,FALSE,2,can_extract_later
ChIJf9J7Su7QBZER5OjNsKwQDeI,NA,NA,NA,FALSE,FALSE,FALSE,0,missing_logo
ChIJRWJggGTJBZERQY3h-qj4SOc,https://lh3.googleusercontent.com/p/AF1QipMfpGTlJF7pYR56DqSGHinsPPy2j8paVcEDfrub=w800-h500-k-no,https://lh3.googleusercontent.com/p/AF1QipMfpGTlJF7pYR56DqSGHinsPPy2j8paVcEDfrub=w1600-h1000-k-no,https://lh3.googleusercontent.com/-Cokq0IBoQCE/AAAAAAAAAAI/AAAAAAAAAAA/UgU73kFFEJE/s44-p-k-no-ns-nd/photo.jpg,TRUE,TRUE,TRUE,3,has_logo
ChIJ7SkTjy_vBZERaGwB_oSVhn8,NA,NA,NA,FALSE,FALSE,FALSE,0,missing_logo
ChIJ95fwUFe5BZERNKqeERCzfFI,https://lh3.googleusercontent.com/p/AF1QipMnZFPCAKBDxIGWEPz0hpwluND6HXoazPWNeeto=w800-h500-k-no,https://lh3.googleusercontent.com/p/AF1QipMnZFPCAKBDxIGWEPz0hpwluND6HXoazPWNeeto=w1600-h1000-k-no,https://lh5.googleusercontent.com/-m2i6t3AA3Fg/AAAAAAAAAAI/AAAAAAAAAAA/bsNq9seKgyI/s44-p-k-no-ns-nd/photo.jpg,TRUE,TRUE,TRUE,3,has_logo
ChIJBWk2LFfHBZEReyxW8Pzqrnc,https://lh3.googleusercontent.com/p/AF1QipPK5VeYp9Pc28Xn3t-N_dGPZBHjox2eg3Qzbq8=w800-h500-k-no,https://lh3.googleusercontent.com/p/AF1QipPK5VeYp9Pc28Xn3t-N_dGPZBHjox2eg3Qzbq8=w1600-h1000-k-no,https://lh3.googleusercontent.com/-GeWAjl8wuLE/AAAAAAAAAAI/AAAAAAAAAAA/S1iGjTfNXCc/s44-p-k-no-ns-nd/photo.jpg,TRUE,TRUE,TRUE,3,has_logo
ChIJVxAkJBXHBZERuJ5Z1IzrEPc,https://lh3.googleusercontent.com/p/AF1QipPbtkJxExNOVCEmd_hjJLVewi12u5MmZjQjP5eP=w800-h500-k-no,https://lh3.googleusercontent.com/p/AF1QipPbtkJxExNOVCEmd_hjJLVewi12u5MmZjQjP5eP=w1600-h1000-k-no,https://lh6.googleusercontent.com/-Y4h4g3terlA/AAAAAAAAAAI/AAAAAAAAAAA/shELd9LI19I/s44-p-k-no-ns-nd/photo.jpg,TRUE,TRUE,TRUE,3,has_logo
ChIJeZn4EQDHBZERK-YhvBUA_nI,https://lh3.googleusercontent.com/gps-cs-s/AC9h4noj2fjaOFE81W9VIowCsLYNRotwf7TrMsQijzbeX8BjU_2vY6GwDREv2fd37wBf9a1Ss_NN2uUemfREzeTu-_onFnguzOAFq2v4e-Y-Wqzyy6j61lreLhAi-UG4hHBLvmXnpxv8pxgBO9LT=w800-h500-k-no,https://lh3.googleusercontent.com/gps-cs-s/AC9h4noj2fjaOFE81W9VIowCsLYNRotwf7TrMsQijzbeX8BjU_2vY6GwDREv2fd37wBf9a1Ss_NN2uUemfREzeTu-_onFnguzOAFq2v4e-Y-Wqzyy6j61lreLhAi-UG4hHBLvmXnpxv8pxgBO9LT=w1600-h1000-k-no,NA,TRUE,TRUE,FALSE,2,can_extract_later
ChIJm6XxcgS5BZER8rNsS3pqcIk,https://lh3.googleusercontent.com/p/AF1QipMF0pKTClwpZIkH-Po3BYeyZAiyCa6OC9Q5oE7T=w800-h500-k-no,https://lh3.googleusercontent.com/p/AF1QipMF0pKTClwpZIkH-Po3BYeyZAiyCa6OC9Q5oE7T=w1600-h1000-k-no,https://lh5.googleusercontent.com/-QnsuiOG83wY/AAAAAAAAAAI/AAAAAAAAAAA/ACKOTOogZxc/s44-p-k-no-ns-nd/photo.jpg,TRUE,TRUE,TRUE,3,has_logo
ChIJDYJJFte9BZERJbEyFnQ5e9I,https://lh3.googleusercontent.com/p/AF1QipPigVTeIpSAEjxCM8Ze_Ki6DfzN226R9y3ovWQr=w800-h500-k-no,https://lh3.googleusercontent.com/p/AF1QipPigVTeIpSAEjxCM8Ze_Ki6DfzN226R9y3ovWQr=w1600-h1000-k-no,https://lh4.googleusercontent.com/-pRn9t3feNNw/AAAAAAAAAAI/AAAAAAAAAAA/jiWypVQ5qcM/s44-p-k-no-ns-nd/photo.jpg,TRUE,TRUE,TRUE,3,has_logo
ChIJ4TZ_D_PQBZERuXFy_OVaZUU,NA,NA,NA,FALSE,FALSE,FALSE,0,missing_logo
ChIJdyuWXifRBZERL7akeaIyRfA,NA,NA,https://lh3.googleusercontent.com/-TenNZYmOb1o/AAAAAAAAAAI/AAAAAAAAAAA/Z3FTAdtFYto/s44-p-k-no-ns-nd/photo.jpg,FALSE,FALSE,TRUE,1,has_logo
ChIJoX5d-zW3BZERvLanKo27QSY,https://lh3.googleusercontent.com/p/AF1QipOmOMA9I3eZrv2nXfywQTIdNzYpk5hpchGCRRmV=w800-h500-k-no,https://lh3.googleusercontent.com/p/AF1QipOmOMA9I3eZrv2nXfywQTIdNzYpk5hpchGCRRmV=w1600-h1000-k-no,https://lh4.googleusercontent.com/-X8ZZNxiGihI/AAAAAAAAAAI/AAAAAAAAAAA/thAdn29mE5A/s44-p-k-no-ns-nd/photo.jpg,TRUE,TRUE,TRUE,3,has_logo
ChIJBwYcZrjFBZERCoxUbCbvnRw,https://lh3.googleusercontent.com/gps-cs-s/AC9h4nrDcE3dVf_tx5PBa0ymEfJuyFzCgIysB4qb5eep4XJIKzIDdJkZmy6ZG3FTK3Fy9tm3XXV2nuwPkav3lG-nG5aZM32ewBQuc4iuhAnl807Wd1Wy9llU-0vlySa-AXDbkxpGBzJS=w800-h500-k-no,https://lh3.googleusercontent.com/gps-cs-s/AC9h4nrDcE3dVf_tx5PBa0ymEfJuyFzCgIysB4qb5eep4XJIKzIDdJkZmy6ZG3FTK3Fy9tm3XXV2nuwPkav3lG-nG5aZM32ewBQuc4iuhAnl807Wd1Wy9llU-0vlySa-AXDbkxpGBzJS=w1600-h1000-k-no,NA,TRUE,TRUE,FALSE,2,can_extract_later
ChIJR5qRsOrIBZERjnI90IPBAfk,NA,NA,NA,FALSE,FALSE,FALSE,0,missing_logo
ChIJeUrtvNnJBZERNyjbCLzob6k,https://lh3.googleusercontent.com/p/AF1QipO46owr3SuyvngXOURt5HL_rajY0pulTdnxvy77=w800-h500-k-no,https://lh3.googleusercontent.com/p/AF1QipO46owr3SuyvngXOURt5HL_rajY0pulTdnxvy77=w1600-h1000-k-no,https://lh6.googleusercontent.com/-APUMoLfFWV0/AAAAAAAAAAI/AAAAAAAAAAA/YsNyY-DxGfo/s44-p-k-no-ns-nd/photo.jpg,TRUE,TRUE,TRUE,3,has_logo
ChIJY5uxEwDHBZERzW87SSNLl4A,https://lh3.googleusercontent.com/gps-cs-s/AC9h4npOn7-ESfqvvR0ZWBwm4RXx3kZ63fPVQPiBcuSknjIbHT1mCoLgL8u6SUNXHqIh2G3q5Pn-dIJ1wV-DqdI3pdpTlAmKpTJVkZK0DnNfNE4ysOWAsw7rfWZcNfU3VV_WqoNinsW9=w800-h500-k-no,https://lh3.googleusercontent.com/gps-cs-s/AC9h4npOn7-ESfqvvR0ZWBwm4RXx3kZ63fPVQPiBcuSknjIbHT1mCoLgL8u6SUNXHqIh2G3q5Pn-dIJ1wV-DqdI3pdpTlAmKpTJVkZK0DnNfNE4ysOWAsw7rfWZcNfU3VV_WqoNinsW9=w1600-h1000-k-no,NA,TRUE,TRUE,FALSE,2,can_extract_later
ChIJQ2RMgsTHBZER5qEcaRKPudY,https://lh3.googleusercontent.com/p/AF1QipNnongFI3vXCCdNTbv7R2fZlNJAF7OeC9BxAgUW=w800-h500-k-no,https://lh3.googleusercontent.com/p/AF1QipNnongFI3vXCCdNTbv7R2fZlNJAF7OeC9BxAgUW=w1600-h1000-k-no,https://lh6.googleusercontent.com/-cc_HxHzYEpo/AAAAAAAAAAI/AAAAAAAAAAA/Y8pj0epCrBA/s44-p-k-no-ns-nd/photo.jpg,TRUE,TRUE,TRUE,3,has_logo
ChIJ2wEqSgLJBZER6Nr2SfsZm_E,https://lh3.googleusercontent.com/gps-cs-s/AC9h4npeAcuz6CeaTxGHi0oh-B9Oedk3hGZtgT5BNp13UI3H-iDZEwyG3dkN4HIN7cmhyruEaHPEFQr0N3yz2gImueF1KPBLcbD3JK6Jd9x6b_wSkYPtQA0oPel4OOfdAhW6QPoXmoQm=w800-h500-k-no,https://lh3.googleusercontent.com/gps-cs-s/AC9h4npeAcuz6CeaTxGHi0oh-B9Oedk3hGZtgT5BNp13UI3H-iDZEwyG3dkN4HIN7cmhyruEaHPEFQr0N3yz2gImueF1KPBLcbD3JK6Jd9x6b_wSkYPtQA0oPel4OOfdAhW6QPoXmoQm=w1600-h1000-k-no,https://lh3.googleusercontent.com/-IM6KnNxVFTE/AAAAAAAAAAI/AAAAAAAAAAA/gaPIoniLDOI/s44-p-k-no-ns-nd/photo.jpg,TRUE,TRUE,TRUE,3,has_logo
ChIJ3ZU-A2-5BZERY2-mnwJImBg,NA,NA,https://lh6.googleusercontent.com/-PHCQmIMlr4s/AAAAAAAAAAI/AAAAAAAAAAA/EAInsBs8TCo/s44-p-k-no-ns-nd/photo.jpg,FALSE,FALSE,TRUE,1,has_logo
ChIJH2ACIMDPBZERfhs_s1bpIRM,https://lh3.googleusercontent.com/p/AF1QipOajIZesTXSNJ2zlyNnv2hcOtAxDq5nlBEt6-Ad=w800-h500-k-no,https://lh3.googleusercontent.com/p/AF1QipPKWvfPSHk33GEMuVtB7RGp_RofrPtp7bRxG8bF=w1600-h1000-k-no,https://lh3.googleusercontent.com/-gBDPQ1DZ-UU/AAAAAAAAAAI/AAAAAAAAAAA/_6tsbNb9nXg/s44-p-k-no-ns-nd/photo.jpg,TRUE,TRUE,TRUE,3,has_logo
ChIJ6fWKZTjHBZERsaEjmGjhWx8,https://lh3.googleusercontent.com/gps-cs-s/AC9h4nqKS3y1I09SvRm5boB-Nj5Dy45nzAE_MFKzAgKgdJsq46OJ-PJLwpJLDu1dcW0CH94h-3-hahsGOsuZXPIKrxHBd33jnfzrpM4oGUpaw3rxHWy1V7drtiHbRAziYNfl6-p-jUN2=w800-h500-k-no,https://lh3.googleusercontent.com/gps-cs-s/AC9h4nqKS3y1I09SvRm5boB-Nj5Dy45nzAE_MFKzAgKgdJsq46OJ-PJLwpJLDu1dcW0CH94h-3-hahsGOsuZXPIKrxHBd33jnfzrpM4oGUpaw3rxHWy1V7drtiHbRAziYNfl6-p-jUN2=w1600-h1000-k-no,NA,TRUE,TRUE,FALSE,2,can_extract_later
ChIJ65L-5m7FBZERFuWGrOis81s,https://lh3.googleusercontent.com/gps-cs-s/AC9h4nrfHNCFXN0jb3eHzQtJAX_4TDWW4WasrX8bOHEyKFnECFsght_X92fLRR4ikm717DEjULLrN5RKhzK5j6Y1_4D3TzxVXVSGKubWCQTpnkn9co8BFrOZfOouAzgFt3D0GgQKDydI=w800-h500-k-no,https://lh3.googleusercontent.com/gps-cs-s/AC9h4nrfHNCFXN0jb3eHzQtJAX_4TDWW4WasrX8bOHEyKFnECFsght_X92fLRR4ikm717DEjULLrN5RKhzK5j6Y1_4D3TzxVXVSGKubWCQTpnkn9co8BFrOZfOouAzgFt3D0GgQKDydI=w1600-h1000-k-no,NA,TRUE,TRUE,FALSE,2,can_extract_later
ChIJUYZHwv65BZERZDLI2FygMwc,NA,https://lh3.googleusercontent.com/p/AF1QipPQHVjFsZo-QU8d1jIdrNUdD-gvOAa-Xjc52zUY=w1600-h1000-k-no,https://lh6.googleusercontent.com/-KN81cTnEVLA/AAAAAAAAAAI/AAAAAAAAAAA/hNpFaIj4RVE/s44-p-k-no-ns-nd/photo.jpg,FALSE,TRUE,TRUE,2,has_logo
ChIJcS5KKr_QBZERqHtSYCUJARg,NA,NA,NA,FALSE,FALSE,FALSE,0,missing_logo
ChIJOfOF4ui9BZERNEHtLiFSW_U,https://lh3.googleusercontent.com/gps-cs-s/AC9h4npfCbZ1aWEbJvS8BvMkfC-Ia30c-kUtyn8DgZxDgMSWVX8A7sLWWRTBwaGccM1fZfdV1bATQIkwoudlmBKNwZ6_ux-0ez5Cw0sR9wB1D-108xVgvTVpPDqptTz_D4r5PmbDb873gw=w800-h500-k-no,https://lh3.googleusercontent.com/gps-cs-s/AC9h4npfCbZ1aWEbJvS8BvMkfC-Ia30c-kUtyn8DgZxDgMSWVX8A7sLWWRTBwaGccM1fZfdV1bATQIkwoudlmBKNwZ6_ux-0ez5Cw0sR9wB1D-108xVgvTVpPDqptTz_D4r5PmbDb873gw=w1600-h1000-k-no,NA,TRUE,TRUE,FALSE,2,can_extract_later
ChIJvXw3qH7JBZERLNp_Vfw8XJo,https://lh3.googleusercontent.com/p/AF1QipMSI5_E2JyiqLSe7b-5cf4S9DFMK9MnewwMbUxJ=w800-h500-k-no,https://lh3.googleusercontent.com/p/AF1QipMSI5_E2JyiqLSe7b-5cf4S9DFMK9MnewwMbUxJ=w1600-h1000-k-no,https://lh3.googleusercontent.com/-o8Cg7qPMaQo/AAAAAAAAAAI/AAAAAAAAAAA/sC9rCvr6ANE/s44-p-k-no-ns-nd/photo.jpg,TRUE,TRUE,TRUE,3,has_logo
ChIJza2soSGjBZERGi_K1jWpiCw,https://lh3.googleusercontent.com/gps-cs-s/AC9h4npy6k3kI4gUriSDb-B4XT_2KJAKuQfaog4wxqlCdVK0GCPDPfynw4Xr9UYIu7tYQ6OfTbY2SLd5MUp69Pn5N8M1iPIhvs9BAKmjAYcqMLl5LA-Vabje4jJC5kZhhgR6gZEYMX69=w800-h500-k-no,https://lh3.googleusercontent.com/gps-cs-s/AC9h4npy6k3kI4gUriSDb-B4XT_2KJAKuQfaog4wxqlCdVK0GCPDPfynw4Xr9UYIu7tYQ6OfTbY2SLd5MUp69Pn5N8M1iPIhvs9BAKmjAYcqMLl5LA-Vabje4jJC5kZhhgR6gZEYMX69=w1600-h1000-k-no,https://lh4.googleusercontent.com/-5fZZrK447Tk/AAAAAAAAAAI/AAAAAAAAAAA/FZmiEmTYrc8/s44-p-k-no-ns-nd/photo.jpg,TRUE,TRUE,TRUE,3,has_logo
ChIJ9QBFvzyfBZERfeRaigDBmh8,https://lh3.googleusercontent.com/p/AF1QipOyWM9uXSHb4J229Y9yKYlP6MzGuqPam0Zx3OZ9=w800-h500-k-no,https://lh3.googleusercontent.com/p/AF1QipOyWM9uXSHb4J229Y9yKYlP6MzGuqPam0Zx3OZ9=w1600-h1000-k-no,https://lh6.googleusercontent.com/-DA8ZlKIqL5E/AAAAAAAAAAI/AAAAAAAAAAA/1G11O_5MfDM/s44-p-k-no-ns-nd/photo.jpg,TRUE,TRUE,TRUE,3,has_logo
ChIJ433FgiDOBZER8YkaGFvLvBw,https://lh3.googleusercontent.com/p/AF1QipOQh7ALigS_cc0metqpV6qrYskaq1m2RVPHVNlN=w800-h500-k-no,https://lh3.googleusercontent.com/p/AF1QipOQh7ALigS_cc0metqpV6qrYskaq1m2RVPHVNlN=w1600-h1000-k-no,https://lh3.googleusercontent.com/-MuG2JW2_xW0/AAAAAAAAAAI/AAAAAAAAAAA/m1f0kMJl2QU/s44-p-k-no-ns-nd/photo.jpg,TRUE,TRUE,TRUE,3,has_logo
ChIJpbOPHQDPBZERgNhOqhBdNlI,https://lh3.googleusercontent.com/p/AF1QipPpS8Cup_GivQSHoEe7GImLP3SMQcK33ZuX3ehh=w800-h500-k-no,https://lh3.googleusercontent.com/p/AF1QipPpS8Cup_GivQSHoEe7GImLP3SMQcK33ZuX3ehh=w1600-h1000-k-no,https://lh4.googleusercontent.com/-0FK4CSYUxec/AAAAAAAAAAI/AAAAAAAAAAA/kR3GRBAOQs0/s44-p-k-no-ns-nd/photo.jpg,TRUE,TRUE,TRUE,3,has_logo
ChIJkb7L-yPHBZERvMfhofqs9f0,https://lh3.googleusercontent.com/p/AF1QipMNrumPNLzIyPtMei87NJSV01vKCSvV6cUPv8yK=w800-h500-k-no,https://lh3.googleusercontent.com/p/AF1QipMNrumPNLzIyPtMei87NJSV01vKCSvV6cUPv8yK=w1600-h1000-k-no,https://lh6.googleusercontent.com/-JqppZQXQAgA/AAAAAAAAAAI/AAAAAAAAAAA/rFaqbhuzteI/s44-p-k-no-ns-nd/photo.jpg,TRUE,TRUE,TRUE,3,has_logo
ChIJ_49ZfwC5BZER25WIUu0zge8,https://lh3.googleusercontent.com/p/AF1QipO3eayHH_NrOCP_i_MfgqOv6WdXEzM5UK-uc8qr=w800-h500-k-no,https://lh3.googleusercontent.com/p/AF1QipO3eayHH_NrOCP_i_MfgqOv6WdXEzM5UK-uc8qr=w1600-h1000-k-no,https://lh5.googleusercontent.com/-Cp8wx5m1TLA/AAAAAAAAAAI/AAAAAAAAAAA/Lg-agVYY93U/s44-p-k-no-ns-nd/photo.jpg,TRUE,TRUE,TRUE,3,has_logo
ChIJ_x2r75vJBZERgmBgN_FrDIM,https://lh3.googleusercontent.com/p/AF1QipNIh8jmb1TxMUOBKwmaCn-CkP4j8wtjxvTd4rNL=w800-h500-k-no,https://lh3.googleusercontent.com/p/AF1QipNIh8jmb1TxMUOBKwmaCn-CkP4j8wtjxvTd4rNL=w1600-h1000-k-no,https://lh3.googleusercontent.com/-bfv9KeDYyoQ/AAAAAAAAAAI/AAAAAAAAAAA/kQSDIQJqi44/s44-p-k-no-ns-nd/photo.jpg,TRUE,TRUE,TRUE,3,has_logo
ChIJ13qNn8TJBZERWbv_je4pbBw,NA,NA,NA,FALSE,FALSE,FALSE,0,missing_logo
ChIJ8R-GFhDJBZERhtpx6oScBN4,https://lh3.googleusercontent.com/gps-cs-s/AC9h4no6DqZ0AdadAVAaQy1BtiiE7LjzvWLYGGL0craaes0OzJmctw3lJSgn1YTDz9LPN_pWTOTS-XTO9nHLbN_MEhkTkAgPao_dXBtbKhOgess8IDkmZdi9p0lA7E0y3NjVkJaP8kOc=w800-h500-k-no,https://lh3.googleusercontent.com/gps-cs-s/AC9h4no6DqZ0AdadAVAaQy1BtiiE7LjzvWLYGGL0craaes0OzJmctw3lJSgn1YTDz9LPN_pWTOTS-XTO9nHLbN_MEhkTkAgPao_dXBtbKhOgess8IDkmZdi9p0lA7E0y3NjVkJaP8kOc=w1600-h1000-k-no,NA,TRUE,TRUE,FALSE,2,can_extract_later
ChIJPaZRdMPHBZER5ztEW3DODhQ,https://lh3.googleusercontent.com/gps-cs-s/AC9h4npkoM7SI7ZLaBFFJ6EVpT9J_gYehpcNLT_lGcpU_G8fxh5gT4v5hLxr7J1eZqiBLtDMMqiSSheF9fNsM4jDYr7mp_m8oSEozHkcfhMvm0zHvz-AnNHxDbMc5H-xSZMVSn4JI61W=w800-h500-k-no,https://lh3.googleusercontent.com/gps-cs-s/AC9h4npkoM7SI7ZLaBFFJ6EVpT9J_gYehpcNLT_lGcpU_G8fxh5gT4v5hLxr7J1eZqiBLtDMMqiSSheF9fNsM4jDYr7mp_m8oSEozHkcfhMvm0zHvz-AnNHxDbMc5H-xSZMVSn4JI61W=w1600-h1000-k-no,NA,TRUE,TRUE,FALSE,2,can_extract_later
ChIJTQbQ2VbVBZERIvXW_Nrgoyw,https://lh3.googleusercontent.com/p/AF1QipNHvj0ZgedwfRCEkjNt_GkY8rOJ0gI-cF8tqE9h=w800-h500-k-no,https://lh3.googleusercontent.com/p/AF1QipNHvj0ZgedwfRCEkjNt_GkY8rOJ0gI-cF8tqE9h=w1600-h1000-k-no,https://lh5.googleusercontent.com/-KZvwCuO49x0/AAAAAAAAAAI/AAAAAAAAAAA/3O0BqJP6-wM/s44-p-k-no-ns-nd/photo.jpg,TRUE,TRUE,TRUE,3,has_logo
ChIJjY4SOaZ1BZERRHxcdzy-H4Y,https://lh3.googleusercontent.com/p/AF1QipMJkBOQffi3PouDjwOl1nxBaBx1ZWn0XRFTV3N6=w800-h500-k-no,https://lh3.googleusercontent.com/p/AF1QipMJkBOQffi3PouDjwOl1nxBaBx1ZWn0XRFTV3N6=w1600-h1000-k-no,https://lh4.googleusercontent.com/-dxalNzpR-wY/AAAAAAAAAAI/AAAAAAAAAAA/sker28UqoKI/s44-p-k-no-ns-nd/photo.jpg,TRUE,TRUE,TRUE,3,has_logo
ChIJBTqvMrvOBZERKOlujH1mxM8,https://lh3.googleusercontent.com/p/AF1QipOxTOY_VQq3EXjvJo3NePpStr7uxmFNvicspg0-=w800-h500-k-no,https://lh3.googleusercontent.com/p/AF1QipOxTOY_VQq3EXjvJo3NePpStr7uxmFNvicspg0-=w1600-h1000-k-no,https://lh5.googleusercontent.com/-6RrVvTFiGJ0/AAAAAAAAAAI/AAAAAAAAAAA/pRtp-ya4FnY/s44-p-k-no-ns-nd/photo.jpg,TRUE,TRUE,TRUE,3,has_logo
ChIJ__8gaBnJBZERMs5FSMPbsFg,https://lh3.googleusercontent.com/gps-cs-s/AC9h4no9AiCgRhFvE7Y1yk-D9nHVHDVEF1S8ntOX7_E-nDR8lUowqKo7dkZzrbAmjN7V_rqDF3nMBlygB-8kchF0r63fMFV90hJU7Mbo_1RgFnxyj2HoVTZAhyl0uUoWyThWd42-n1oM=w800-h500-k-no,https://lh3.googleusercontent.com/gps-cs-s/AC9h4no9AiCgRhFvE7Y1yk-D9nHVHDVEF1S8ntOX7_E-nDR8lUowqKo7dkZzrbAmjN7V_rqDF3nMBlygB-8kchF0r63fMFV90hJU7Mbo_1RgFnxyj2HoVTZAhyl0uUoWyThWd42-n1oM=w1600-h1000-k-no,NA,TRUE,TRUE,FALSE,2,can_extract_later
ChIJ3ca_7GfOBZER0kYN24RJ7KY,NA,NA,NA,FALSE,FALSE,FALSE,0,missing_logo
ChIJ4d2EXxbRBZER_xbi4ogLMxU,https://lh3.googleusercontent.com/gps-cs-s/AC9h4nrzSSOkBdrlMC_J8EJkogbPHe4F5xvNjULcUmuj7M_WVDNV3-yaKtw41quS2UBoDmbwqErzBIg2F91SkfS5J2qGPFbex_0C7Y1d89kgCKNxh16LmHXaiam24t0GA75K5OVJtawPsnRp3xs=w800-h500-k-no,https://lh3.googleusercontent.com/gps-cs-s/AC9h4nrzSSOkBdrlMC_J8EJkogbPHe4F5xvNjULcUmuj7M_WVDNV3-yaKtw41quS2UBoDmbwqErzBIg2F91SkfS5J2qGPFbex_0C7Y1d89kgCKNxh16LmHXaiam24t0GA75K5OVJtawPsnRp3xs=w1600-h1000-k-no,NA,TRUE,TRUE,FALSE,2,can_extract_later
ChIJq4XJ2-nPBZERtqn6GDsB-cQ,https://lh3.googleusercontent.com/gps-cs-s/AC9h4np3QH5Wa49gylJLswnIaC_ZMvXxQhnTb3BVFto_N-xgTg4Nx6qFD8I0AZBQwSnX-ZLq7lDKaAm9CCyYZtFBnZ1A4BQxYXAjkQAtv0foCPL7i5g5mymA1Dfnrw5jt5GvsxQ1VkDj=w800-h500-k-no,https://lh3.googleusercontent.com/gps-cs-s/AC9h4np3QH5Wa49gylJLswnIaC_ZMvXxQhnTb3BVFto_N-xgTg4Nx6qFD8I0AZBQwSnX-ZLq7lDKaAm9CCyYZtFBnZ1A4BQxYXAjkQAtv0foCPL7i5g5mymA1Dfnrw5jt5GvsxQ1VkDj=w1600-h1000-k-no,NA,TRUE,TRUE,FALSE,2,can_extract_later
ChIJfWAsKx_IBZERt1ZX_T0dxT4,https://lh3.googleusercontent.com/p/AF1QipMvmf4rghdo2BbGZRJ3j1gjlo_e3hT-MMMm7qoA=w800-h500-k-no,https://lh3.googleusercontent.com/p/AF1QipMvmf4rghdo2BbGZRJ3j1gjlo_e3hT-MMMm7qoA=w1600-h1000-k-no,https://lh3.googleusercontent.com/-DuXB3JJVJJg/AAAAAAAAAAI/AAAAAAAAAAA/aXYV-sZMgKM/s44-p-k-no-ns-nd/photo.jpg,TRUE,TRUE,TRUE,3,has_logo
ChIJqSHozRjIBZERtbsnNkuMfng,https://lh3.googleusercontent.com/gps-cs-s/AC9h4nqBdO4nJeb53pytH976hnzYlrBkzCE7GKhjx15RKarD7ncj6W2FRkI9z-_uNhEZT8Iajj9su1aLsw5pEbKowvuNEbsPZF-UcaveYcpBxB_MkTd9vzkKM8D4OJouDSIzzdCwexzOYw=w800-h500-k-no,https://lh3.googleusercontent.com/gps-cs-s/AC9h4nqBdO4nJeb53pytH976hnzYlrBkzCE7GKhjx15RKarD7ncj6W2FRkI9z-_uNhEZT8Iajj9su1aLsw5pEbKowvuNEbsPZF-UcaveYcpBxB_MkTd9vzkKM8D4OJouDSIzzdCwexzOYw=w1600-h1000-k-no,NA,TRUE,TRUE,FALSE,2,can_extract_later
ChIJ-Y9xE8PFBZERYnNQ_wmVuXg,https://lh3.googleusercontent.com/p/AF1QipN0NOfr6SGrKrkV2I34X9WAp8cInnEiMQZ3eTyD=w800-h500-k-no,https://lh3.googleusercontent.com/p/AF1QipN0NOfr6SGrKrkV2I34X9WAp8cInnEiMQZ3eTyD=w1600-h1000-k-no,https://lh4.googleusercontent.com/-eL3_4mhcvLQ/AAAAAAAAAAI/AAAAAAAAAAA/s-ZJaOmt408/s44-p-k-no-ns-nd/photo.jpg,TRUE,TRUE,TRUE,3,has_logo
ChIJa1MpRMDPBZER3Zq-EXTKhP8,https://lh3.googleusercontent.com/p/AF1QipNFC6Rbn6RMX1Cgfm9AMKTorm_BhyliTK4_YP6r=w800-h500-k-no,https://lh3.googleusercontent.com/p/AF1QipNFC6Rbn6RMX1Cgfm9AMKTorm_BhyliTK4_YP6r=w1600-h1000-k-no,https://lh4.googleusercontent.com/-ZLGIoALPYUg/AAAAAAAAAAI/AAAAAAAAAAA/pPbmbFtQqgk/s44-p-k-no-ns-nd/photo.jpg,TRUE,TRUE,TRUE,3,has_logo
ChIJNwNYneXPBZERvnx_1rWKLmQ,NA,NA,NA,FALSE,FALSE,FALSE,0,missing_logo
ChIJAQXOKwvNBZERqF_wMqqlaZc,NA,NA,https://lh3.googleusercontent.com/-Wa5vE5MFlIs/AAAAAAAAAAI/AAAAAAAAAAA/iHPr4ces13A/s44-p-k-no-ns-nd/photo.jpg,FALSE,FALSE,TRUE,1,has_logo
ChIJKesXee25BZERRTPN-SaAGX4,https://lh3.googleusercontent.com/gps-cs-s/AC9h4nqxzf_j2p7JbwuoXEGK7NB2BWv9gVdK6-P-QEdLxYzFuMr0eSv4ShwfkZMKzBlvKA-I9AZK--PksC5fP51cTKKTQUc0kV5ZcgHGvlrGSqz6RMDlhPKZtimatcGO50z3WNPOeIM=w800-h500-k-no,https://lh3.googleusercontent.com/gps-cs-s/AC9h4nqxzf_j2p7JbwuoXEGK7NB2BWv9gVdK6-P-QEdLxYzFuMr0eSv4ShwfkZMKzBlvKA-I9AZK--PksC5fP51cTKKTQUc0kV5ZcgHGvlrGSqz6RMDlhPKZtimatcGO50z3WNPOeIM=w1600-h1000-k-no,https://lh5.googleusercontent.com/-oFEXrToBMyg/AAAAAAAAAAI/AAAAAAAAAAA/DO6VNtZw0vc/s44-p-k-no-ns-nd/photo.jpg,TRUE,TRUE,TRUE,3,has_logo
ChIJ1YpSKgDJBZERKDmUGecW1nQ,https://lh3.googleusercontent.com/gps-cs-s/AC9h4nr1RgorrzQ0n-D_YV5CHcZl617LUjsc9u9p_Ag9JQKVZ9TDCtlu7G76ex5yD-WRGVp4BZ_kSo-ri1mr-apGtPPOYsSEgcq3mMBLdNkbi8ILOAv2A3zSmxNh1_J4WtXP5a4aPkA=w800-h500-k-no,https://lh3.googleusercontent.com/gps-cs-s/AC9h4nr1RgorrzQ0n-D_YV5CHcZl617LUjsc9u9p_Ag9JQKVZ9TDCtlu7G76ex5yD-WRGVp4BZ_kSo-ri1mr-apGtPPOYsSEgcq3mMBLdNkbi8ILOAv2A3zSmxNh1_J4WtXP5a4aPkA=w1600-h1000-k-no,https://lh6.googleusercontent.com/-uXc8SFJ18_Y/AAAAAAAAAAI/AAAAAAAAAAA/WAxzxjW76w4/s44-p-k-no-ns-nd/photo.jpg,TRUE,TRUE,TRUE,3,has_logo
ChIJqT3IfADFBZERiGYMI6Qk8xc,https://lh3.googleusercontent.com/p/AF1QipPXLuK791Ai9GhASCfObUJolsRtTUlTwkjlqXGi=w800-h500-k-no,https://lh3.googleusercontent.com/p/AF1QipPXLuK791Ai9GhASCfObUJolsRtTUlTwkjlqXGi=w1600-h1000-k-no,https://lh3.googleusercontent.com/-svsTjradqxw/AAAAAAAAAAI/AAAAAAAAAAA/6KVjmS_0SCI/s44-p-k-no-ns-nd/photo.jpg,TRUE,TRUE,TRUE,3,has_logo
ChIJEXuVY_i3BZER08CWMOYLlzA,https://lh3.googleusercontent.com/p/AF1QipMVUZGwH2nwipTtNyuUmexFCx2bV2cXpHWj_rZc=w800-h500-k-no,https://lh3.googleusercontent.com/p/AF1QipMVUZGwH2nwipTtNyuUmexFCx2bV2cXpHWj_rZc=w1600-h1000-k-no,https://lh4.googleusercontent.com/-ngyk1_NDlQQ/AAAAAAAAAAI/AAAAAAAAAAA/LBggkTa7jtk/s44-p-k-no-ns-nd/photo.jpg,TRUE,TRUE,TRUE,3,has_logo
ChIJEXKqbTO3BZER3euLTELXG_U,https://lh3.googleusercontent.com/p/AF1QipP6l3tvr5EAY_exrJ28MV6pujDLenHAmsU-YN_T=w800-h500-k-no,https://lh3.googleusercontent.com/p/AF1QipP6l3tvr5EAY_exrJ28MV6pujDLenHAmsU-YN_T=w1600-h1000-k-no,https://lh5.googleusercontent.com/-9NOG-MQogVQ/AAAAAAAAAAI/AAAAAAAAAAA/9scLgzo7gKA/s44-p-k-no-ns-nd/photo.jpg,TRUE,TRUE,TRUE,3,has_logo
ChIJXfqFUWXHBZERBCWUtdh8OzA,https://lh3.googleusercontent.com/p/AF1QipPkkaTdUY87I1lmTQmltw3cDHI_mWRsaK3GvkeE=w800-h500-k-no,https://lh3.googleusercontent.com/p/AF1QipPkkaTdUY87I1lmTQmltw3cDHI_mWRsaK3GvkeE=w1600-h1000-k-no,https://lh3.googleusercontent.com/-A8IIBawofOs/AAAAAAAAAAI/AAAAAAAAAAA/r6gW9yEXXEE/s44-p-k-no-ns-nd/photo.jpg,TRUE,TRUE,TRUE,3,has_logo
ChIJA-eyd8bIBZERzlDlMoT-BUo,https://lh3.googleusercontent.com/gps-cs-s/AC9h4npG5mIUgD0ASLOaQEhc-Hu0Ugct2dsV6QuKmjIMJfWHzOpH3gAzxEy-cwTmgwv_vQjgehrdxapggRXtMdD-S7Ze6j39yclf4CqVg8gkgt84mXO7w5xITgw4no8_EBdyQPIgK0tEEQ=w800-h500-k-no,https://lh3.googleusercontent.com/gps-cs-s/AC9h4npG5mIUgD0ASLOaQEhc-Hu0Ugct2dsV6QuKmjIMJfWHzOpH3gAzxEy-cwTmgwv_vQjgehrdxapggRXtMdD-S7Ze6j39yclf4CqVg8gkgt84mXO7w5xITgw4no8_EBdyQPIgK0tEEQ=w1600-h1000-k-no,https://lh5.googleusercontent.com/-s2f0cyCqueU/AAAAAAAAAAI/AAAAAAAAAAA/v0Z-zHOUdHs/s44-p-k-no-ns-nd/photo.jpg,TRUE,TRUE,TRUE,3,has_logo
ChIJOfVTLj_JBZERTUyB_kKhYnc,https://lh3.googleusercontent.com/p/AF1QipP-9DfZZB4Izlg_WKtlvDEtSCXD5nBxTQXIXNCr=w800-h500-k-no,https://lh3.googleusercontent.com/p/AF1QipP-9DfZZB4Izlg_WKtlvDEtSCXD5nBxTQXIXNCr=w1600-h1000-k-no,https://lh6.googleusercontent.com/-MeTy43zlml4/AAAAAAAAAAI/AAAAAAAAAAA/6MHxeeD-c78/s44-p-k-no-ns-nd/photo.jpg,TRUE,TRUE,TRUE,3,has_logo
ChIJJ-HrgETHBZERj90CNmOWPh4,https://lh3.googleusercontent.com/p/AF1QipOxeyo7KDM9xNVzhyqbYZLDLz-xOZSOs6WpnfZB=w800-h500-k-no,https://lh3.googleusercontent.com/p/AF1QipOxeyo7KDM9xNVzhyqbYZLDLz-xOZSOs6WpnfZB=w1600-h1000-k-no,https://lh5.googleusercontent.com/-MkjPEQ7BmG0/AAAAAAAAAAI/AAAAAAAAAAA/ALC5rVFupTI/s44-p-k-no-ns-nd/photo.jpg,TRUE,TRUE,TRUE,3,has_logo
ChIJo5dfznG7BZERUKPgRmSt_tE,https://lh3.googleusercontent.com/p/AF1QipM_S4m0yv-nR_gSrLuy9q9ajqUjSTpMf_EJdzDd=w800-h500-k-no,https://lh3.googleusercontent.com/p/AF1QipM_S4m0yv-nR_gSrLuy9q9ajqUjSTpMf_EJdzDd=w1600-h1000-k-no,https://lh3.googleusercontent.com/-GOPbxOaXj8w/AAAAAAAAAAI/AAAAAAAAAAA/rzTJm1XzICo/s44-p-k-no-ns-nd/photo.jpg,TRUE,TRUE,TRUE,3,has_logo
ChIJIxkhu37HBZEROfIG-FHuJYM,NA,https://lh3.googleusercontent.com/p/AF1QipNld9xNIPezDf-oZOU8PbUmsEiBshYbafnkb1WU=w1600-h1000-k-no,https://lh5.googleusercontent.com/-T3Wnx6vlecw/AAAAAAAAAAI/AAAAAAAAAAA/V9KXvrXE4KQ/s44-p-k-no-ns-nd/photo.jpg,FALSE,TRUE,TRUE,2,has_logo
ChIJuSGxkgrRBZER1xdiRMDhh04,https://lh3.googleusercontent.com/gps-cs-s/AC9h4noOxrCAuxWm8n7DxgA0Vi_ilwVoUdACd1E7oxN7EKWAPIyz1aZgeX4bAVd5kg4bmz5UUmKIy-GohF3stdmxuN5MwwU0Qv859hILmXEVLxJ5kfAiuS5ncvwzlOuGwkklgp0dh4nO0Q=w800-h500-k-no,https://lh3.googleusercontent.com/gps-cs-s/AC9h4noOxrCAuxWm8n7DxgA0Vi_ilwVoUdACd1E7oxN7EKWAPIyz1aZgeX4bAVd5kg4bmz5UUmKIy-GohF3stdmxuN5MwwU0Qv859hILmXEVLxJ5kfAiuS5ncvwzlOuGwkklgp0dh4nO0Q=w1600-h1000-k-no,NA,TRUE,TRUE,FALSE,2,can_extract_later
ChIJzwKq4Mi5BZER0d4ZhuG1mXA,https://lh3.googleusercontent.com/gps-cs-s/AC9h4npdGHR5h15mVvK28BhaJfj-8U8lrs5P4Ck0yraeDr54lc9iIIx5sF-hm7_sfHn67kED9oTGrjxtgw2n0FKsqAOwYBE02EbtYQw3Xbi49wngUaGTziw2Og0D_Qfe7ZWYUeh49tPP=w800-h500-k-no,https://lh3.googleusercontent.com/gps-cs-s/AC9h4npdGHR5h15mVvK28BhaJfj-8U8lrs5P4Ck0yraeDr54lc9iIIx5sF-hm7_sfHn67kED9oTGrjxtgw2n0FKsqAOwYBE02EbtYQw3Xbi49wngUaGTziw2Og0D_Qfe7ZWYUeh49tPP=w1600-h1000-k-no,NA,TRUE,TRUE,FALSE,2,can_extract_later
ChIJN5ZmqUjDBZERfg6CAsw_DIk,https://lh3.googleusercontent.com/p/AF1QipOlf6Fcxo4wjULoEdK5gYxgk7d6n7Cu-F5CbzA=w800-h500-k-no,https://lh3.googleusercontent.com/p/AF1QipOlf6Fcxo4wjULoEdK5gYxgk7d6n7Cu-F5CbzA=w1600-h1000-k-no,https://lh6.googleusercontent.com/-oZodG-G9g44/AAAAAAAAAAI/AAAAAAAAAAA/ueWynlztCJM/s44-p-k-no-ns-nd/photo.jpg,TRUE,TRUE,TRUE,3,has_logo
ChIJ_7g9iXnHBZERhEl77cpDon4,NA,NA,NA,FALSE,FALSE,FALSE,0,missing_logo
ChIJk8SzSkDOBZERCTZ3zE24RQw,https://lh3.googleusercontent.com/gps-cs-s/AC9h4no0L5EPZowqz7DiQYfJTiehHlN9sHKwiU_CQSJ16EyX_sbEB780qyhj37ys7BuDRi9aLYDIuXOD3ZxHwkQsHVjHGwEjBW_OzYPsh6269WrW6Vw38f-BLE2B2YWTnXyrjZUDIM9V=w800-h500-k-no,https://lh3.googleusercontent.com/gps-cs-s/AC9h4no0L5EPZowqz7DiQYfJTiehHlN9sHKwiU_CQSJ16EyX_sbEB780qyhj37ys7BuDRi9aLYDIuXOD3ZxHwkQsHVjHGwEjBW_OzYPsh6269WrW6Vw38f-BLE2B2YWTnXyrjZUDIM9V=w1600-h1000-k-no,https://lh3.googleusercontent.com/-ugHB-3ASwh8/AAAAAAAAAAI/AAAAAAAAAAA/932FkBJo03k/s44-p-k-no-ns-nd/photo.jpg,TRUE,TRUE,TRUE,3,has_logo
ChIJN3QsxCbPBZERgR2YabPmQbA,NA,NA,NA,FALSE,FALSE,FALSE,0,missing_logo
ChIJVTkYBQy4BZER8Lrs_Th1Gyg,NA,NA,https://lh5.googleusercontent.com/-nogfyiYV4OE/AAAAAAAAAAI/AAAAAAAAAAA/MquvNzHhitc/s44-p-k-no-ns-nd/photo.jpg,FALSE,FALSE,TRUE,1,has_logo
ChIJb35O-MG5BZER0gm5vyGT7yY,https://lh3.googleusercontent.com/p/AF1QipMJUqiTyMX5wlPDUUg63s9pfkSOFPVpmN1acaRi=w800-h500-k-no,https://lh3.googleusercontent.com/p/AF1QipMJUqiTyMX5wlPDUUg63s9pfkSOFPVpmN1acaRi=w1600-h1000-k-no,https://lh3.googleusercontent.com/-8l5aoRCYPck/AAAAAAAAAAI/AAAAAAAAAAA/YCVxavOtgoM/s44-p-k-no-ns-nd/photo.jpg,TRUE,TRUE,TRUE,3,has_logo
ChIJKaKtOJLTBZERIcXehVZ4ODk,NA,NA,NA,FALSE,FALSE,FALSE,0,missing_logo
ChIJl8KifKTVBZERAZzwbANiMV4,NA,https://lh3.googleusercontent.com/p/AF1QipOsgLUEkhwyMrWDML_BCsZOVpMJVJt2HzruAix4=w1600-h1000-k-no,https://lh4.googleusercontent.com/-vB7cksdr4Ks/AAAAAAAAAAI/AAAAAAAAAAA/KnS8n0tvwZo/s44-p-k-no-ns-nd/photo.jpg,FALSE,TRUE,TRUE,2,has_logo
ChIJN9wzg_zRBZERNZr_IawriMM,https://lh3.googleusercontent.com/gps-cs-s/AC9h4nrxDutzKlRHVVkhIKltx1so317lZZShNL_uHEqD4ROXufnznf6r1gROixhaZYvh1BwXUbTiRGaDlXCQuw6n0zoG5ET2V9Y7IVkGj-R08nqobP3j3Pp7FG6U_PH4kGRkL-BKxNpg7w=w800-h500-k-no,https://lh3.googleusercontent.com/gps-cs-s/AC9h4nrxDutzKlRHVVkhIKltx1so317lZZShNL_uHEqD4ROXufnznf6r1gROixhaZYvh1BwXUbTiRGaDlXCQuw6n0zoG5ET2V9Y7IVkGj-R08nqobP3j3Pp7FG6U_PH4kGRkL-BKxNpg7w=w1600-h1000-k-no,NA,TRUE,TRUE,FALSE,2,can_extract_later
ChIJ978EWfa5BZERiREZ7hbxVA0,https://lh3.googleusercontent.com/p/AF1QipMb_mUN0OrHLLF8mBS3tGiMdWPWMPdFYAqDhKM5=w800-h500-k-no,https://lh3.googleusercontent.com/p/AF1QipMb_mUN0OrHLLF8mBS3tGiMdWPWMPdFYAqDhKM5=w1600-h1000-k-no,https://lh4.googleusercontent.com/--CLotcV_kSE/AAAAAAAAAAI/AAAAAAAAAAA/MG-YqNeLY28/s44-p-k-no-ns-nd/photo.jpg,TRUE,TRUE,TRUE,3,has_logo
ChIJSb1NrmPJBZERf34Gt0a60eM,https://lh3.googleusercontent.com/p/AF1QipNf1DaJUQQlJdMbVZUswC33FHj2OwQMcFVOiJlO=w800-h500-k-no,https://lh3.googleusercontent.com/p/AF1QipNf1DaJUQQlJdMbVZUswC33FHj2OwQMcFVOiJlO=w1600-h1000-k-no,NA,TRUE,TRUE,FALSE,2,can_extract_later
ChIJvwqpvkHHBZERdO0CswW9ZsU,NA,NA,https://lh3.googleusercontent.com/-ukKmqSE1AMI/AAAAAAAAAAI/AAAAAAAAAAA/rvUv65KRrzA/s44-p-k-no-ns-nd/photo.jpg,FALSE,FALSE,TRUE,1,has_logo
ChIJgfP7ckzRBZERYV0OABgUnqA,https://lh3.googleusercontent.com/gps-cs-s/AC9h4npwhUaosXLWZ2u8L9SmLRlTfQmnncLWTQSIPzu0rCgbdhr7tVhX2_WDGykiYKrn1asct8pWuwUvGmHuCwHoSSVsnza1AR5hzr-pE5pYe0EuGngmZR_6HqHGMzoPKHZSwwCB0HYF=w800-h500-k-no,https://lh3.googleusercontent.com/gps-cs-s/AC9h4npwhUaosXLWZ2u8L9SmLRlTfQmnncLWTQSIPzu0rCgbdhr7tVhX2_WDGykiYKrn1asct8pWuwUvGmHuCwHoSSVsnza1AR5hzr-pE5pYe0EuGngmZR_6HqHGMzoPKHZSwwCB0HYF=w1600-h1000-k-no,https://lh6.googleusercontent.com/-laXgfdVRzkg/AAAAAAAAAAI/AAAAAAAAAAA/3BOqHCRHfr8/s44-p-k-no-ns-nd/photo.jpg,TRUE,TRUE,TRUE,3,has_logo
ChIJvYHKt3-jBZEROnva_mUx-X0,NA,NA,NA,FALSE,FALSE,FALSE,0,missing_logo
ChIJGy2VpEjPBZERRuN81xfxeJc,https://lh3.googleusercontent.com/gps-cs-s/AC9h4nq2sRpGTUmOND6cdrepxbBsji6SsQ8mcIzCn7FplOLkv_ahR0bxt9OeZyir4qzWnTzPbX2HCl375GCq3J_LaiQnrkRBAhoHTbH-MKFRlgX8-XxR7t1jztl3y9E11gMJwgfDixNf=w800-h500-k-no,https://lh3.googleusercontent.com/gps-cs-s/AC9h4nq2sRpGTUmOND6cdrepxbBsji6SsQ8mcIzCn7FplOLkv_ahR0bxt9OeZyir4qzWnTzPbX2HCl375GCq3J_LaiQnrkRBAhoHTbH-MKFRlgX8-XxR7t1jztl3y9E11gMJwgfDixNf=w1600-h1000-k-no,https://lh3.googleusercontent.com/-BXBzwBEeE5U/AAAAAAAAAAI/AAAAAAAAAAA/ugU26gT0Dqw/s44-p-k-no-ns-nd/photo.jpg,TRUE,TRUE,TRUE,3,has_logo
ChIJvacSRQDVBZERBxHZNVWjEjw,https://lh3.googleusercontent.com/p/AF1QipO4qNeexSzroWo_vSjCJbbrO3BfA7n8dQwmIw=w800-h500-k-no,https://lh3.googleusercontent.com/p/AF1QipO4qNeexSzroWo_vSjCJbbrO3BfA7n8dQwmIw=w1600-h1000-k-no,https://lh3.googleusercontent.com/-Yb5k0Px81IQ/AAAAAAAAAAI/AAAAAAAAAAA/iiLllFsZALg/s44-p-k-no-ns-nd/photo.jpg,TRUE,TRUE,TRUE,3,has_logo
ChIJabJUHWzHBZERBIaiGFzAyBc,https://lh3.googleusercontent.com/p/AF1QipOnDDjvyNHZJ124hvc2icNFUTLtCkkOCO31Fn51=w800-h500-k-no,https://lh3.googleusercontent.com/p/AF1QipOnDDjvyNHZJ124hvc2icNFUTLtCkkOCO31Fn51=w1600-h1000-k-no,https://lh6.googleusercontent.com/-U9fch99jaXs/AAAAAAAAAAI/AAAAAAAAAAA/Y16O5yRMA2U/s44-p-k-no-ns-nd/photo.jpg,TRUE,TRUE,TRUE,3,has_logo
ChIJkfQshOjFBZERHZm1o7HcYTE,https://lh3.googleusercontent.com/gps-cs-s/AC9h4nr23fHtF4UMjBeuD_Y6p4kvESdVW26b6EASDDi84GEFXSUnxHUxU3dGG9yCSZEUfLJRaO5MIl4VBqdXpdATGRV7KMpBss8zA8XBuYjMmFOvGyxgtJrErSy6n5MSkUwSzt1SKBs5OA=w800-h500-k-no,https://lh3.googleusercontent.com/gps-cs-s/AC9h4nr23fHtF4UMjBeuD_Y6p4kvESdVW26b6EASDDi84GEFXSUnxHUxU3dGG9yCSZEUfLJRaO5MIl4VBqdXpdATGRV7KMpBss8zA8XBuYjMmFOvGyxgtJrErSy6n5MSkUwSzt1SKBs5OA=w1600-h1000-k-no,NA,TRUE,TRUE,FALSE,2,can_extract_later
ChIJp8E3VQ3PBZERnloYE0DqDw4,https://lh3.googleusercontent.com/p/AF1QipNQyGqm2MXHqRdH6OKrhUnfoLw4ffxRD318Ydbd=w800-h500-k-no,https://lh3.googleusercontent.com/p/AF1QipNQyGqm2MXHqRdH6OKrhUnfoLw4ffxRD318Ydbd=w1600-h1000-k-no,https://lh4.googleusercontent.com/-nMW4i5PJx-g/AAAAAAAAAAI/AAAAAAAAAAA/Xe8M16kSjC4/s44-p-k-no-ns-nd/photo.jpg,TRUE,TRUE,TRUE,3,has_logo
ChIJG05Mh_DHBZERetDpq21KTFw,https://lh3.googleusercontent.com/p/AF1QipPm1q_PXpPcM7zyvgNpszuy08A_sAYcdF7JGXZt=w800-h500-k-no,https://lh3.googleusercontent.com/p/AF1QipPm1q_PXpPcM7zyvgNpszuy08A_sAYcdF7JGXZt=w1600-h1000-k-no,https://lh4.googleusercontent.com/-iPsvDs6mDsw/AAAAAAAAAAI/AAAAAAAAAAA/95KeWjGjz_4/s44-p-k-no-ns-nd/photo.jpg,TRUE,TRUE,TRUE,3,has_logo
ChIJNeMy2jDJBZERawYM4lCPlLc,https://lh3.googleusercontent.com/p/AF1QipNw29cQmPgemcPL1_zSu12Y3gWlpAhVrCpOj8Tb=w800-h500-k-no,https://lh3.googleusercontent.com/p/AF1QipNw29cQmPgemcPL1_zSu12Y3gWlpAhVrCpOj8Tb=w1600-h1000-k-no,https://lh6.googleusercontent.com/-wu7NFXZHjU0/AAAAAAAAAAI/AAAAAAAAAAA/IlDDFdvMMLc/s44-p-k-no-ns-nd/photo.jpg,TRUE,TRUE,TRUE,3,has_logo
ChIJv_9GrX3JBZERpdIfG8ujNTI,https://lh3.googleusercontent.com/gps-cs-s/AC9h4np3Yd-gI7-NkSk5b4QtPzb-uAq8tGK6muFFmSHZrxErkauyuepb3oRHvXyfVbtM133wp2L3cxS5iMzk5KVPrBm7V84Da5usOJY0r8VhXF0rR_-QrL8h_Jm1ABb7gEQ2LuS2scSM=w800-h500-k-no,https://lh3.googleusercontent.com/gps-cs-s/AC9h4np3Yd-gI7-NkSk5b4QtPzb-uAq8tGK6muFFmSHZrxErkauyuepb3oRHvXyfVbtM133wp2L3cxS5iMzk5KVPrBm7V84Da5usOJY0r8VhXF0rR_-QrL8h_Jm1ABb7gEQ2LuS2scSM=w1600-h1000-k-no,https://lh5.googleusercontent.com/-pQPzvgPQLuU/AAAAAAAAAAI/AAAAAAAAAAA/fhHrSFj_zGo/s44-p-k-no-ns-nd/photo.jpg,TRUE,TRUE,TRUE,3,has_logo
ChIJZxWvr-HIBZERPwGb5wPFqag,https://lh3.googleusercontent.com/gps-cs-s/AC9h4nqh9ZwfyGoIVjQqyjqQpN_TewARbSiOvWYkeSvNoY1XaEzZrcrP5kWN2kNgqBu-PoD5FhfB2kHn7wmPpZrIuBIVxWLZ1fP8wDEQze65UjrwSpZMr34cG1dh7NKQipMi2blqmpnCOw=w800-h500-k-no,https://lh3.googleusercontent.com/gps-cs-s/AC9h4nqh9ZwfyGoIVjQqyjqQpN_TewARbSiOvWYkeSvNoY1XaEzZrcrP5kWN2kNgqBu-PoD5FhfB2kHn7wmPpZrIuBIVxWLZ1fP8wDEQze65UjrwSpZMr34cG1dh7NKQipMi2blqmpnCOw=w1600-h1000-k-no,NA,TRUE,TRUE,FALSE,2,can_extract_later
ChIJ3cBfgAbJBZERjo1i2MqHYMk,https://lh3.googleusercontent.com/p/AF1QipM8AoA3-_htU4A_ZZiv9bmiRlJ17ur9mA5AC6Kb=w800-h500-k-no,https://lh3.googleusercontent.com/p/AF1QipM8AoA3-_htU4A_ZZiv9bmiRlJ17ur9mA5AC6Kb=w1600-h1000-k-no,https://lh3.googleusercontent.com/-VNVp2L34W4Y/AAAAAAAAAAI/AAAAAAAAAAA/3eSoK-1zQjw/s44-p-k-no-ns-nd/photo.jpg,TRUE,TRUE,TRUE,3,has_logo
ChIJP6z8pTTJBZERkq2_VrWh5QA,https://lh3.googleusercontent.com/p/AF1QipPfnGEnmu9_mP5VWBg15Dm7Q3bF1t49XXoIZYVV=w800-h500-k-no,https://lh3.googleusercontent.com/p/AF1QipPfnGEnmu9_mP5VWBg15Dm7Q3bF1t49XXoIZYVV=w1600-h1000-k-no,https://lh4.googleusercontent.com/-E8FDu21CjXs/AAAAAAAAAAI/AAAAAAAAAAA/ochBmy4RV90/s44-p-k-no-ns-nd/photo.jpg,TRUE,TRUE,TRUE,3,has_logo
ChIJl-OE-4bIBZERA407nV0og0Y,https://lh3.googleusercontent.com/gps-cs-s/AC9h4npGVu2i0C2Mve4Nt7snT5sIREYLFTQAzxAyGjiIqE319nosbHLMpGFvp5IZLowuT-r574mMNVMzWS7djt3nLG_Kk4n18NV_SPkgIkNSbpMl2A2XyDJBGh2Vj6l-vObTPQieh7xF=w800-h500-k-no,https://lh3.googleusercontent.com/gps-cs-s/AC9h4npGVu2i0C2Mve4Nt7snT5sIREYLFTQAzxAyGjiIqE319nosbHLMpGFvp5IZLowuT-r574mMNVMzWS7djt3nLG_Kk4n18NV_SPkgIkNSbpMl2A2XyDJBGh2Vj6l-vObTPQieh7xF=w1600-h1000-k-no,https://lh6.googleusercontent.com/-obvt5ko079M/AAAAAAAAAAI/AAAAAAAAAAA/ZhY0OZSdOMs/s44-p-k-no-ns-nd/photo.jpg,TRUE,TRUE,TRUE,3,has_logo
ChIJG1UHBFrJBZERLbEeqYaaKuY,https://lh3.googleusercontent.com/gps-cs-s/AC9h4npxGXGzg51-nstj1tCsiHBdlp01by5Xap_8WWr_s5AXy7BdTHZe__iHsCjvqiY1iOMwE-E_J42GJ3sYqoG9U5GBYXpS_qaHFzNZ8EuJp8sx-uCTcdv6IhmKHe6swXuJWoYOOKWtm94gwSE2=w800-h500-k-no,https://lh3.googleusercontent.com/gps-cs-s/AC9h4npxGXGzg51-nstj1tCsiHBdlp01by5Xap_8WWr_s5AXy7BdTHZe__iHsCjvqiY1iOMwE-E_J42GJ3sYqoG9U5GBYXpS_qaHFzNZ8EuJp8sx-uCTcdv6IhmKHe6swXuJWoYOOKWtm94gwSE2=w1600-h1000-k-no,https://lh3.googleusercontent.com/-rFohyVJnkJ8/AAAAAAAAAAI/AAAAAAAAAAA/S2lUlP7XH08/s44-p-k-no-ns-nd/photo.jpg,TRUE,TRUE,TRUE,3,has_logo
ChIJn7sYPwDJBZER8XVYDRxEe8E,NA,NA,NA,FALSE,FALSE,FALSE,0,missing_logo
ChIJkwetawDPBZERe4-TTmC1ho0,https://lh3.googleusercontent.com/gps-cs-s/AC9h4npTmpq3nrmEXXTSF3XEGC85DiqeONRusQnnGirYgA4xxwR0hhWb6_mkY9Po0V8Xevz4EwuRLHDW0FG9IbeJ9zj-dDmfQjFgYCKijizfbj9LhkOoKdyXlYqczi6XNQT0MVQjFB4h3nwLAnm4=w800-h500-k-no,https://lh3.googleusercontent.com/gps-cs-s/AC9h4npTmpq3nrmEXXTSF3XEGC85DiqeONRusQnnGirYgA4xxwR0hhWb6_mkY9Po0V8Xevz4EwuRLHDW0FG9IbeJ9zj-dDmfQjFgYCKijizfbj9LhkOoKdyXlYqczi6XNQT0MVQjFB4h3nwLAnm4=w1600-h1000-k-no,NA,TRUE,TRUE,FALSE,2,can_extract_later
ChIJERtB_gzJBZERgcXx1-xaPVE,https://lh3.googleusercontent.com/p/AF1QipPz8M4t9b7dWWQrbGfzZ87Qfzrnvp6c3RokWLch=w800-h500-k-no,https://lh3.googleusercontent.com/p/AF1QipPz8M4t9b7dWWQrbGfzZ87Qfzrnvp6c3RokWLch=w1600-h1000-k-no,https://lh4.googleusercontent.com/-67K0hsCXi_c/AAAAAAAAAAI/AAAAAAAAAAA/WtjJ1588_aI/s44-p-k-no-ns-nd/photo.jpg,TRUE,TRUE,TRUE,3,has_logo
ChIJ93hXYyfHBZERcjGFyxcuVdE,https://lh3.googleusercontent.com/gps-cs-s/AC9h4nrny_lR89G0FKxynHRwUvP3RAa4BQQhzaX2vx58kmkB0c__Lyixd5mLRsXXazdRZvflMr1QZa30ALCHqi2kcthRPQWFh4xX6k7Dbdmon01vp4JV3IDs9oXKs0gUW-OZ80sRizAw=w800-h500-k-no,https://lh3.googleusercontent.com/gps-cs-s/AC9h4nrny_lR89G0FKxynHRwUvP3RAa4BQQhzaX2vx58kmkB0c__Lyixd5mLRsXXazdRZvflMr1QZa30ALCHqi2kcthRPQWFh4xX6k7Dbdmon01vp4JV3IDs9oXKs0gUW-OZ80sRizAw=w1600-h1000-k-no,https://lh5.googleusercontent.com/-OzyUVMk4YFg/AAAAAAAAAAI/AAAAAAAAAAA/PnZ_Jtu3vhc/s44-p-k-no-ns-nd/photo.jpg,TRUE,TRUE,TRUE,3,has_logo
ChIJ4Y4PDdzHBZERJXAhgGULTzE,NA,NA,NA,FALSE,FALSE,FALSE,0,missing_logo
ChIJpx8PrxK5BZER6zsdCeVE_ks,NA,https://lh3.googleusercontent.com/gps-cs-s/AC9h4nrMgCPPpccXLpMzyVxhKPZiy-l-1_NJfh2-MGL28d093ku_QZ41JIpbuM1KZ--pYagBesAwCU6VMqNGD5Mn16-iIxDTQMJYMLjm-fGaSLTs99zyxVlLyUuuYBlnPNh3u8eyhy7t=w1600-h1000-k-no,NA,FALSE,TRUE,FALSE,1,missing_logo
ChIJvRitl9XJBZERpWI5jNsJq0k,https://lh3.googleusercontent.com/gps-cs-s/AC9h4nrxG1h8gZhHqcttXU_FyZx0LRRI9XLe7zzr_-ERXso9XXNdDx6PbAOd5P0DLOm7L0fO0OipmXZN-cx8-GwKbZoMoKyWZbpeQnKSEX0jvSb2SqHeVBqxlBNHPNjenobEh772vug=w800-h500-k-no,https://lh3.googleusercontent.com/gps-cs-s/AC9h4nrxG1h8gZhHqcttXU_FyZx0LRRI9XLe7zzr_-ERXso9XXNdDx6PbAOd5P0DLOm7L0fO0OipmXZN-cx8-GwKbZoMoKyWZbpeQnKSEX0jvSb2SqHeVBqxlBNHPNjenobEh772vug=w1600-h1000-k-no,https://lh6.googleusercontent.com/-QcGwzbxtFu8/AAAAAAAAAAI/AAAAAAAAAAA/wYiMfa4pKWA/s44-p-k-no-ns-nd/photo.jpg,TRUE,TRUE,TRUE,3,has_logo
ChIJ50sMOerHBZERn8tKf7_hoAY,NA,NA,NA,FALSE,FALSE,FALSE,0,missing_logo
ChIJK54LUY6ZBZERR-WxLMqnM2I,https://lh3.googleusercontent.com/gps-cs-s/AC9h4nq5NHNfchIJUzpX6RDDaitIOV8eQ70uozcWPla9YnbW6-hTfgbuFu5nPsTUq2WLCXocfU95JTtcxzDaxCVfykhNjzb0yKeIHe4ixJqy6LYbL5Y4OTvHujcQau-WcyMAPSY1Jutg=w800-h500-k-no,https://lh3.googleusercontent.com/gps-cs-s/AC9h4nq5NHNfchIJUzpX6RDDaitIOV8eQ70uozcWPla9YnbW6-hTfgbuFu5nPsTUq2WLCXocfU95JTtcxzDaxCVfykhNjzb0yKeIHe4ixJqy6LYbL5Y4OTvHujcQau-WcyMAPSY1Jutg=w1600-h1000-k-no,NA,TRUE,TRUE,FALSE,2,can_extract_later
ChIJTST-HcnJBZERrNhTM-u_rJA,NA,NA,https://lh4.googleusercontent.com/-HoTx7kcNIog/AAAAAAAAAAI/AAAAAAAAAAA/GIvl37AFTCQ/s44-p-k-no-ns-nd/photo.jpg,FALSE,FALSE,TRUE,1,has_logo
ChIJX_TLpF_JBZER0h0_mprkNC0,https://lh3.googleusercontent.com/p/AF1QipPyxg8rusNJMhpX51OM6BhSqw1t9tJfYEWdd7sn=w800-h500-k-no,https://lh3.googleusercontent.com/p/AF1QipPyxg8rusNJMhpX51OM6BhSqw1t9tJfYEWdd7sn=w1600-h1000-k-no,https://lh3.googleusercontent.com/-EiWUZYT_SrA/AAAAAAAAAAI/AAAAAAAAAAA/ioaNMLWKJdw/s44-p-k-no-ns-nd/photo.jpg,TRUE,TRUE,TRUE,3,has_logo
ChIJj4ZR05TLBZERZz0HklRYUlQ,https://lh3.googleusercontent.com/p/AF1QipPQuUArXKoqaFBih3iD3WrGKI68-kIf3iSWEQ-b=w800-h500-k-no,https://lh3.googleusercontent.com/p/AF1QipPQuUArXKoqaFBih3iD3WrGKI68-kIf3iSWEQ-b=w1600-h1000-k-no,https://lh6.googleusercontent.com/-707NHSPtTMM/AAAAAAAAAAI/AAAAAAAAAAA/KZzIaRINkrw/s44-p-k-no-ns-nd/photo.jpg,TRUE,TRUE,TRUE,3,has_logo
ChIJZ920gvzIBZERgQR9-HhPq6w,https://lh4.googleusercontent.com/AvgKuI-tBIFUKcZIMqbiPO2AfrGZrpqiit-fcpIXamznUOAfZ_yFZxN4uQx8u3jFAg=w800-h500-k-no,NA,NA,TRUE,FALSE,FALSE,1,can_extract_later
ChIJdZHuDynJBZERmT2FI6h0ib4,https://lh3.googleusercontent.com/p/AF1QipNQ7HhoWwjvunMt5m2ueBqn22la99_Wdqe2rtQ-=w800-h500-k-no,https://lh3.googleusercontent.com/p/AF1QipNQ7HhoWwjvunMt5m2ueBqn22la99_Wdqe2rtQ-=w1600-h1000-k-no,https://lh5.googleusercontent.com/-p8TUG8iYEQA/AAAAAAAAAAI/AAAAAAAAAAA/Z0jLPLiDh2s/s44-p-k-no-ns-nd/photo.jpg,TRUE,TRUE,TRUE,3,has_logo
ChIJd7C6LJbJBZER0URIRWAiJcY,https://lh3.googleusercontent.com/p/AF1QipPs-O5jbndc665w-oJFPyEA0IesOQjXKRAECKRP=w800-h500-k-no,https://lh3.googleusercontent.com/p/AF1QipPs-O5jbndc665w-oJFPyEA0IesOQjXKRAECKRP=w1600-h1000-k-no,https://lh6.googleusercontent.com/-Od0Inznllpk/AAAAAAAAAAI/AAAAAAAAAAA/FNVEiYB-FlM/s44-p-k-no-ns-nd/photo.jpg,TRUE,TRUE,TRUE,3,has_logo
ChIJCb45ex3JBZERc1ODq5sRUPU,https://lh3.googleusercontent.com/gps-cs-s/AC9h4np-Q6_mNWcPqAXU5Pcjgv0Yu6acbLa-D5x6jcSLd2lEejikB4p_b7aALiz5tqf2jG0_PLEbGyNwJiLoWIaM16CT9pABIrf-tFLigSpm0jUlwxTEX05xKTvi-b0FJxOyigwP7IhhDg=w800-h500-k-no,https://lh3.googleusercontent.com/gps-cs-s/AC9h4np-Q6_mNWcPqAXU5Pcjgv0Yu6acbLa-D5x6jcSLd2lEejikB4p_b7aALiz5tqf2jG0_PLEbGyNwJiLoWIaM16CT9pABIrf-tFLigSpm0jUlwxTEX05xKTvi-b0FJxOyigwP7IhhDg=w1600-h1000-k-no,https://lh3.googleusercontent.com/-8wClwGbzJp4/AAAAAAAAAAI/AAAAAAAAAAA/19EExfnRFmw/s44-p-k-no-ns-nd/photo.jpg,TRUE,TRUE,TRUE,3,has_logo
ChIJ-V1U4WiZBZEREqlFW69BUjs,NA,NA,https://lh5.googleusercontent.com/-xzisEx7wDH8/AAAAAAAAAAI/AAAAAAAAAAA/gH6g3WuPchY/s44-p-k-no-ns-nd/photo.jpg,FALSE,FALSE,TRUE,1,has_logo
ChIJb0J5dqHJBZERe8GSzXECUtQ,https://lh3.googleusercontent.com/p/AF1QipPL_TCGcXWpWUq8BSGdikheQbLE_M-q0dp9VMMp=w800-h500-k-no,https://lh3.googleusercontent.com/p/AF1QipPL_TCGcXWpWUq8BSGdikheQbLE_M-q0dp9VMMp=w1600-h1000-k-no,https://lh6.googleusercontent.com/-Z3wBpRmESaM/AAAAAAAAAAI/AAAAAAAAAAA/t2eqDDolizE/s44-p-k-no-ns-nd/photo.jpg,TRUE,TRUE,TRUE,3,has_logo
ChIJBzhPuPrPBZERLz7z0Txc60c,https://lh3.googleusercontent.com/p/AF1QipOHwffR0OAzBNDIeNzEQx6lUPuaoFlq55In1POg=w800-h500-k-no,NA,https://lh6.googleusercontent.com/-HvbAQAA8GgA/AAAAAAAAAAI/AAAAAAAAAAA/l8MLsJvqK-c/s44-p-k-no-ns-nd/photo.jpg,TRUE,FALSE,TRUE,2,has_logo
ChIJARxB5svRBZERNPsy3ne2Cns,https://lh3.googleusercontent.com/gps-cs-s/AC9h4nrbNBVnINCzqXa0iRg1dMGU93NvsS3tgNeb7PwefjMQ4fexmHC5T8eYOQp_4TRQ4YDNNN2mVrM2qmeb2l7-5LIJraFbzG8NvnlPiRzFJKU85S60PUi14Jtsea_RuJGiarFywAw=w800-h500-k-no,https://lh3.googleusercontent.com/gps-cs-s/AC9h4noeOpZf47EXQzvOp8_vY08hHbSu2HCOPFFQmHLCAtccu21B3tKmPtlLidW33hge-jtJnWZisDOBknebclg9I0M28NwCPaiZfbk529kJvKaoitjAIhScKxAg6hGYskMm2Im619jX=w1600-h1000-k-no,https://lh4.googleusercontent.com/-KNB66lopntc/AAAAAAAAAAI/AAAAAAAAAAA/ExSDK2fCbNI/s44-p-k-no-ns-nd/photo.jpg,TRUE,TRUE,TRUE,3,has_logo
ChIJ2_uPUwDJBZERQmMjPUSEARI,NA,NA,NA,FALSE,FALSE,FALSE,0,missing_logo
ChIJtdJazrDh8YsRSc-mT_xbFvs,NA,NA,https://lh6.googleusercontent.com/-Ef8Jlf3zc3g/AAAAAAAAAAI/AAAAAAAAAAA/KSi_FZ4G67A/s44-p-k-no-ns-nd/photo.jpg,FALSE,FALSE,TRUE,1,has_logo
ChIJ04_GLCTHBZEROwgIg2JXg7g,https://lh3.googleusercontent.com/p/AF1QipN6fvfjkN6jT925RSp_v0BFNuibrHu_e5S_Sg4O=w800-h500-k-no,https://lh3.googleusercontent.com/p/AF1QipN6fvfjkN6jT925RSp_v0BFNuibrHu_e5S_Sg4O=w1600-h1000-k-no,https://lh5.googleusercontent.com/-M91GQsWd_NE/AAAAAAAAAAI/AAAAAAAAAAA/fcFs_QoDqhs/s44-p-k-no-ns-nd/photo.jpg,TRUE,TRUE,TRUE,3,has_logo
ChIJWYDztR25BZERa12oVlSlFC8,https://lh3.googleusercontent.com/p/AF1QipPqANk2tKrH5H1LiVmWcoRT5-ITRelIG3t7r0V4=w800-h500-k-no,https://lh3.googleusercontent.com/p/AF1QipPqANk2tKrH5H1LiVmWcoRT5-ITRelIG3t7r0V4=w1600-h1000-k-no,https://lh4.googleusercontent.com/-ZbQCr0gDuWc/AAAAAAAAAAI/AAAAAAAAAAA/H_XBmRnMuTE/s44-p-k-no-ns-nd/photo.jpg,TRUE,TRUE,TRUE,3,has_logo
ChIJ1YklegDPBZER1Ibv-FUqkaM,https://lh3.googleusercontent.com/gps-cs-s/AC9h4np4Z84TP4QEbkdn11iKaTNnPqXvmtZV0rOt5XdJr8FbWn78wyUKKrbb0fO3bUDqP26uXAPN584EXI89xmMaylDHaTU73DoyYfSSC5agZc32KaRn8dRq41ApbkvaI-mZZoPh9r05qA=w800-h500-k-no,https://lh3.googleusercontent.com/gps-cs-s/AC9h4np4Z84TP4QEbkdn11iKaTNnPqXvmtZV0rOt5XdJr8FbWn78wyUKKrbb0fO3bUDqP26uXAPN584EXI89xmMaylDHaTU73DoyYfSSC5agZc32KaRn8dRq41ApbkvaI-mZZoPh9r05qA=w1600-h1000-k-no,NA,TRUE,TRUE,FALSE,2,can_extract_later
ChIJe3XTfQbJBZERP7gk6MKAVFQ,https://lh3.googleusercontent.com/p/AF1QipMu7rHPiOtrBAiPb8wOGIFrCVARXnlk39DT2H5y=w800-h500-k-no,https://lh3.googleusercontent.com/p/AF1QipMu7rHPiOtrBAiPb8wOGIFrCVARXnlk39DT2H5y=w1600-h1000-k-no,https://lh3.googleusercontent.com/-ZXhp8yTOjEQ/AAAAAAAAAAI/AAAAAAAAAAA/5bqEdgegKm4/s44-p-k-no-ns-nd/photo.jpg,TRUE,TRUE,TRUE,3,has_logo
ChIJwy6ggZC3BZER3XbcHvxB8tM,https://lh3.googleusercontent.com/gps-cs-s/AC9h4noiIgThOvAvNUSSY5A8T0gfVahGeKzya_TuN3MeVurmb91F152me9y2soGDFQ6QNgF96q6CadB2NL5Tw87bd7uHrog1jZ7aY8cPF7rcxLa2lSdnCzTwKu40AEHWkMgtQO-MiyIz=w800-h500-k-no,https://lh3.googleusercontent.com/gps-cs-s/AC9h4noiIgThOvAvNUSSY5A8T0gfVahGeKzya_TuN3MeVurmb91F152me9y2soGDFQ6QNgF96q6CadB2NL5Tw87bd7uHrog1jZ7aY8cPF7rcxLa2lSdnCzTwKu40AEHWkMgtQO-MiyIz=w1600-h1000-k-no,NA,TRUE,TRUE,FALSE,2,can_extract_later
ChIJPWxX5gDRBZER1LeoJ419ACM,NA,https://lh3.googleusercontent.com/p/AF1QipPriWPfNJM172vCTO0A6vIyEdYQjb84cqSnIai4=w1600-h1000-k-no,https://lh3.googleusercontent.com/-XwfAEQBNT6U/AAAAAAAAAAI/AAAAAAAAAAA/eKYDYYxJXEQ/s44-p-k-no-ns-nd/photo.jpg,FALSE,TRUE,TRUE,2,has_logo
ChIJrQBS6LjDBZERZTLseobjQDo,https://lh3.googleusercontent.com/gps-cs-s/AC9h4npg3P9fHYux69zvjoMzb3Du64tapghTH8_SvlJWiEKP2e5Yx7mCGYF2FcZfeCbXMnlyYZ4MWUEwfyu4VDbFOduAbSsx82nDR-rHReTL5GgFw8XGLeLIxMiKA1-UWoH-FHk4mmjT=w800-h500-k-no,https://lh3.googleusercontent.com/gps-cs-s/AC9h4npg3P9fHYux69zvjoMzb3Du64tapghTH8_SvlJWiEKP2e5Yx7mCGYF2FcZfeCbXMnlyYZ4MWUEwfyu4VDbFOduAbSsx82nDR-rHReTL5GgFw8XGLeLIxMiKA1-UWoH-FHk4mmjT=w1600-h1000-k-no,https://lh3.googleusercontent.com/-ePWeIn0EPE4/AAAAAAAAAAI/AAAAAAAAAAA/BtVoIPQPcEs/s44-p-k-no-ns-nd/photo.jpg,TRUE,TRUE,TRUE,3,has_logo
ChIJlYGuR9nIBZERDTNNPHOPDrE,https://lh3.googleusercontent.com/gps-cs-s/AC9h4noZWD6Y663zY3ZyXob_y2bN_Ww7OKXgIMLEakLCR3RcRJJjm1GH0QrVgOWzGLcqDjwCmntzdoXH71lxalPTF0S7ajniq8PtmgKXzjLCLQ1j-aDZYl8CZfz6DWQrVRCQo6Z1EhEi=w800-h500-k-no,https://lh3.googleusercontent.com/gps-cs-s/AC9h4noZWD6Y663zY3ZyXob_y2bN_Ww7OKXgIMLEakLCR3RcRJJjm1GH0QrVgOWzGLcqDjwCmntzdoXH71lxalPTF0S7ajniq8PtmgKXzjLCLQ1j-aDZYl8CZfz6DWQrVRCQo6Z1EhEi=w1600-h1000-k-no,NA,TRUE,TRUE,FALSE,2,can_extract_later
ChIJFRt8un67BZERRhMFNLShgtI,https://lh3.googleusercontent.com/gps-cs-s/AC9h4nrWIzrx8o0abAlaqXKVvUsUqrBeTLocVN__g1fQlYnSCYVsUziRbj-S6WrnN7rM6eigneblwKbmet9WNJrjYZdm4l3g5Z0GzpFZYoKI9TMxP-6YRy2h6SV9opirzDYZZlLJnqE=w800-h500-k-no,https://lh3.googleusercontent.com/gps-cs-s/AC9h4nrWIzrx8o0abAlaqXKVvUsUqrBeTLocVN__g1fQlYnSCYVsUziRbj-S6WrnN7rM6eigneblwKbmet9WNJrjYZdm4l3g5Z0GzpFZYoKI9TMxP-6YRy2h6SV9opirzDYZZlLJnqE=w1600-h1000-k-no,NA,TRUE,TRUE,FALSE,2,can_extract_later
ChIJZSSeoRTFBZERpUdBnFFB6hI,NA,https://lh3.googleusercontent.com/p/AF1QipNNlfJSxjcrnMPwllbi3kkrTDuPr0hNjDZDnfY-=w1600-h1000-k-no,https://lh4.googleusercontent.com/-Ium_cUdpWUE/AAAAAAAAAAI/AAAAAAAAAAA/m7vWl_nXEFg/s44-p-k-no-ns-nd/photo.jpg,FALSE,TRUE,TRUE,2,has_logo
ChIJxQAKcK_JBZERIL5Ve7JNsAw,https://lh3.googleusercontent.com/p/AF1QipOIjz9Ikrds98Mwwiwv5AV35QyGLcYQEDmBO8cP=w800-h500-k-no,https://lh3.googleusercontent.com/p/AF1QipOIjz9Ikrds98Mwwiwv5AV35QyGLcYQEDmBO8cP=w1600-h1000-k-no,https://lh5.googleusercontent.com/-A293opgrs_0/AAAAAAAAAAI/AAAAAAAAAAA/VAivicAFDIw/s44-p-k-no-ns-nd/photo.jpg,TRUE,TRUE,TRUE,3,has_logo
ChIJj-vVKgrPBZERqLodth-aueI,https://lh3.googleusercontent.com/gps-cs-s/AC9h4npFVb6g8YgnS-7JGRnraXJqOeszNzGmHEEDQbwj6w8PsE2uPQdCgk3fI3NJCY0-R8KF3ru2fyeE7LImfE2GFvgXZImcnRQfqRArydQmEt8ZW9K4UiJI41e6Ii7FloRXiTOIEdpg=w800-h500-k-no,https://lh3.googleusercontent.com/gps-cs-s/AC9h4npFVb6g8YgnS-7JGRnraXJqOeszNzGmHEEDQbwj6w8PsE2uPQdCgk3fI3NJCY0-R8KF3ru2fyeE7LImfE2GFvgXZImcnRQfqRArydQmEt8ZW9K4UiJI41e6Ii7FloRXiTOIEdpg=w1600-h1000-k-no,NA,TRUE,TRUE,FALSE,2,can_extract_later
ChIJtd_NNADpBZERnKKzBELjDA0,NA,NA,NA,FALSE,FALSE,FALSE,0,missing_logo
ChIJ2badz7rJBZERxHaIC4ApV2Q,https://lh3.googleusercontent.com/p/AF1QipO8EfhBR77ExdCuhghvSVBmE2S4kE5_kQBiXpv8=w800-h500-k-no,https://lh3.googleusercontent.com/p/AF1QipO8EfhBR77ExdCuhghvSVBmE2S4kE5_kQBiXpv8=w1600-h1000-k-no,https://lh3.googleusercontent.com/-ulwQtc3Zn5E/AAAAAAAAAAI/AAAAAAAAAAA/cqY22k0TZXU/s44-p-k-no-ns-nd/photo.jpg,TRUE,TRUE,TRUE,3,has_logo
ChIJgTAHm9HHBZERqH8Sfg4j4WQ,https://lh3.googleusercontent.com/gps-cs-s/AC9h4nrn3zznXzY9f0UE6Eik7Cii_017Tw2Kv9qjmPtXT32u4Ne3N9OgcKVqwXPqyXpEM-YvX2Xa5TPtpA-WICM8z3jPc3_hoJvjsWlyW0_4ZKW9UUkPieXhFf0_JxKHtfAczd8cJ04=w800-h500-k-no,https://lh3.googleusercontent.com/gps-cs-s/AC9h4nrn3zznXzY9f0UE6Eik7Cii_017Tw2Kv9qjmPtXT32u4Ne3N9OgcKVqwXPqyXpEM-YvX2Xa5TPtpA-WICM8z3jPc3_hoJvjsWlyW0_4ZKW9UUkPieXhFf0_JxKHtfAczd8cJ04=w1600-h1000-k-no,https://lh4.googleusercontent.com/-8bH1Y4eigM0/AAAAAAAAAAI/AAAAAAAAAAA/B1v-EdUvM5g/s44-p-k-no-ns-nd/photo.jpg,TRUE,TRUE,TRUE,3,has_logo
ChIJe58qHQDPBZERcOlRkfXry8o,NA,NA,NA,FALSE,FALSE,FALSE,0,missing_logo
ChIJleickSfFBZERvxocs06mECI,https://lh3.googleusercontent.com/p/AF1QipPBm2VfQ6O9_rVa5sMmSWihJ_KPJOI4h1lmyGuy=w800-h500-k-no,https://lh3.googleusercontent.com/p/AF1QipPBm2VfQ6O9_rVa5sMmSWihJ_KPJOI4h1lmyGuy=w1600-h1000-k-no,https://lh5.googleusercontent.com/-j9WehvO_7fA/AAAAAAAAAAI/AAAAAAAAAAA/9NqT_qSkoSM/s44-p-k-no-ns-nd/photo.jpg,TRUE,TRUE,TRUE,3,has_logo
ChIJtwb4dADJBZER1-b2zKidZzU,https://lh3.googleusercontent.com/p/AF1QipOdFtzCTAV3lERwSciHWEJHi3DRtDfXbiSamTaa=w800-h500-k-no,https://lh3.googleusercontent.com/p/AF1QipOdFtzCTAV3lERwSciHWEJHi3DRtDfXbiSamTaa=w1600-h1000-k-no,https://lh5.googleusercontent.com/-ZbgrwGA4upA/AAAAAAAAAAI/AAAAAAAAAAA/o1CAiGlke5I/s44-p-k-no-ns-nd/photo.jpg,TRUE,TRUE,TRUE,3,has_logo
ChIJaR7YcY7vBZER3FZOVZx4bHg,NA,NA,https://lh4.googleusercontent.com/-WfWUwYvUEEE/AAAAAAAAAAI/AAAAAAAAAAA/ZXh7uptJmgY/s44-p-k-no-ns-nd/photo.jpg,FALSE,FALSE,TRUE,1,has_logo
ChIJEzX-loTLBZER0JUz0_GZeRM,NA,NA,NA,FALSE,FALSE,FALSE,0,missing_logo
ChIJr4hIAu_LBZERILPbEM-CM9w,https://lh3.googleusercontent.com/gps-cs-s/AC9h4nrR0ejp-fHjIiCa0slpW1qHkrAP5m9hpJ1aJaw3L8VuwGylCF8nQfaWQVIjwd58P8Rv8FNsYiizm2VooHyaY2h5JQdL-CmXD5U_kVlx5WDvlpvvefwb3i-ZOnqjGxmRUdV82Vg=w800-h500-k-no,https://lh3.googleusercontent.com/gps-cs-s/AC9h4nrR0ejp-fHjIiCa0slpW1qHkrAP5m9hpJ1aJaw3L8VuwGylCF8nQfaWQVIjwd58P8Rv8FNsYiizm2VooHyaY2h5JQdL-CmXD5U_kVlx5WDvlpvvefwb3i-ZOnqjGxmRUdV82Vg=w1600-h1000-k-no,NA,TRUE,TRUE,FALSE,2,can_extract_later
ChIJD6btPMbHBZER9x_64LBItW0,https://lh3.googleusercontent.com/p/AF1QipMTm5jcz4knfj9rFA9dkwf-OewEchMg4T3O61AX=w800-h500-k-no,https://lh3.googleusercontent.com/p/AF1QipMTm5jcz4knfj9rFA9dkwf-OewEchMg4T3O61AX=w1600-h1000-k-no,https://lh6.googleusercontent.com/-ADiqGC1e2mI/AAAAAAAAAAI/AAAAAAAAAAA/JoIBs41MnSo/s44-p-k-no-ns-nd/photo.jpg,TRUE,TRUE,TRUE,3,has_logo
ChIJ0-QO8jTRBZERpLcqXjB3Kr4,NA,NA,NA,FALSE,FALSE,FALSE,0,missing_logo
ChIJQ31ia9PRBZERRfVjIYN9VuA,https://lh3.googleusercontent.com/p/AF1QipOod6w3MLkNt3t0qIjSRFzu3i3kYxck53W_P6l8=w800-h500-k-no,https://lh3.googleusercontent.com/p/AF1QipOod6w3MLkNt3t0qIjSRFzu3i3kYxck53W_P6l8=w1600-h1000-k-no,https://lh3.googleusercontent.com/-m9DKo_7MZ-s/AAAAAAAAAAI/AAAAAAAAAAA/kS7SUet7uBE/s44-p-k-no-ns-nd/photo.jpg,TRUE,TRUE,TRUE,3,has_logo
ChIJH-p69sm3BZERtabzgMfhqW0,https://lh3.googleusercontent.com/p/AF1QipMEu_eXTT5t5MWgEb_oOTQkiKoSjX0U9PqbX1c2=w800-h500-k-no,https://lh3.googleusercontent.com/p/AF1QipNq08zmYfXpoQWbB-PhP0SGp3a_U5vujHMkSNT2=w1600-h1000-k-no,https://lh6.googleusercontent.com/--_9FRkbdSeU/AAAAAAAAAAI/AAAAAAAAAAA/rVDFjq7vGCw/s44-p-k-no-ns-nd/photo.jpg,TRUE,TRUE,TRUE,3,has_logo
ChIJG9kQoXbJBZER3AlWHo88KO4,https://lh3.googleusercontent.com/p/AF1QipP1UFO1VS8XYhH4PsyYY0hnJNLgf3xBLaiiwk4R=w800-h500-k-no,https://lh3.googleusercontent.com/p/AF1QipP1UFO1VS8XYhH4PsyYY0hnJNLgf3xBLaiiwk4R=w1600-h1000-k-no,https://lh4.googleusercontent.com/-feY_mqgPhTk/AAAAAAAAAAI/AAAAAAAAAAA/GP3qSnyYrwo/s44-p-k-no-ns-nd/photo.jpg,TRUE,TRUE,TRUE,3,has_logo
ChIJx2KpUbvJBZERSXuxS6VWegQ,https://lh3.googleusercontent.com/gps-cs-s/AC9h4noP7ffRNWuuXdSU7idtRnd7sjZktCxAQKYjEuJZq4-AY97gwH__teMogM5y_o0XMVT_gUYn9WZrxP6pKpNIQDVY4CDEBp4f0ZMVv82Ep3bVuKN8VYelIcETv2u3A_SgNwvxa72U=w800-h500-k-no,https://lh3.googleusercontent.com/gps-cs-s/AC9h4noP7ffRNWuuXdSU7idtRnd7sjZktCxAQKYjEuJZq4-AY97gwH__teMogM5y_o0XMVT_gUYn9WZrxP6pKpNIQDVY4CDEBp4f0ZMVv82Ep3bVuKN8VYelIcETv2u3A_SgNwvxa72U=w1600-h1000-k-no,NA,TRUE,TRUE,FALSE,2,can_extract_later
ChIJ4e04LYrJBZERJn9FTvP_KYc,https://lh3.googleusercontent.com/p/AF1QipNJXjN89C224NLWp4P0pbsUZRnm5ZyjCB7-9UlT=w800-h500-k-no,https://lh3.googleusercontent.com/p/AF1QipNJXjN89C224NLWp4P0pbsUZRnm5ZyjCB7-9UlT=w1600-h1000-k-no,https://lh6.googleusercontent.com/-UiLAx-4R4kg/AAAAAAAAAAI/AAAAAAAAAAA/wK0P5PMbuOo/s44-p-k-no-ns-nd/photo.jpg,TRUE,TRUE,TRUE,3,has_logo
ChIJCZ9ET-npBZERmwkARU697XA,NA,https://lh3.googleusercontent.com/p/AF1QipNOlEhyawS9MaMbDb8op1Z6N8FdUulGAtQH9vim=w1600-h1000-k-no,https://lh5.googleusercontent.com/-Hi8qwgT-oXo/AAAAAAAAAAI/AAAAAAAAAAA/84IB6hBlJ6M/s44-p-k-no-ns-nd/photo.jpg,FALSE,TRUE,TRUE,2,has_logo
ChIJzRmx2l3vBZERIv9LuWJr-UY,NA,NA,https://lh3.googleusercontent.com/-XdB6gIuKKIA/AAAAAAAAAAI/AAAAAAAAAAA/_87mvxwo6dY/s44-p-k-no-ns-nd/photo.jpg,FALSE,FALSE,TRUE,1,has_logo
ChIJubZD0HvFBZERQWkbdUOlvgQ,https://lh3.googleusercontent.com/p/AF1QipMSPQkcZayRed3x_Aou3cxr87S_UzOYabeCDLII=w800-h500-k-no,https://lh3.googleusercontent.com/p/AF1QipMSPQkcZayRed3x_Aou3cxr87S_UzOYabeCDLII=w1600-h1000-k-no,https://lh5.googleusercontent.com/-krg7BeoU73c/AAAAAAAAAAI/AAAAAAAAAAA/hAHPl0ZkdaE/s44-p-k-no-ns-nd/photo.jpg,TRUE,TRUE,TRUE,3,has_logo
ChIJz03HLXzBBZERrg1vTS-hH8o,https://lh3.googleusercontent.com/p/AF1QipMY4evonq7HXQiD8sNYt7s0W6NjFwaM2rZs1Ekm=w800-h500-k-no,https://lh3.googleusercontent.com/p/AF1QipMY4evonq7HXQiD8sNYt7s0W6NjFwaM2rZs1Ekm=w1600-h1000-k-no,https://lh5.googleusercontent.com/-fSiGiC041g8/AAAAAAAAAAI/AAAAAAAAAAA/JXOKVssjP2I/s44-p-k-no-ns-nd/photo.jpg,TRUE,TRUE,TRUE,3,has_logo
ChIJMWm_TyDFBZERPAmzxjVEhbo,https://lh3.googleusercontent.com/p/AF1QipPuE21bylGvPYwMlOsaTtFVU479bmCDjdsN6MQ=w800-h500-k-no,https://lh3.googleusercontent.com/p/AF1QipPuE21bylGvPYwMlOsaTtFVU479bmCDjdsN6MQ=w1600-h1000-k-no,https://lh6.googleusercontent.com/-pw-EpGORNbQ/AAAAAAAAAAI/AAAAAAAAAAA/MYOtspcDSJM/s44-p-k-no-ns-nd/photo.jpg,TRUE,TRUE,TRUE,3,has_logo
ChIJwTj8Xu7FBZERi0agsCck9RU,https://lh3.googleusercontent.com/p/AF1QipOqJDSzq5R6jQkPckomBm2g7TdR8kIT2JxFOW9A=w800-h500-k-no,https://lh3.googleusercontent.com/p/AF1QipOqJDSzq5R6jQkPckomBm2g7TdR8kIT2JxFOW9A=w1600-h1000-k-no,https://lh4.googleusercontent.com/-jz_PdyRdUrs/AAAAAAAAAAI/AAAAAAAAAAA/vyJt1ngQQZ4/s44-p-k-no-ns-nd/photo.jpg,TRUE,TRUE,TRUE,3,has_logo
ChIJVW0EmhHHBZER_JJo4iXfnkY,https://lh3.googleusercontent.com/p/AF1QipMJtsI57Nez3Hu4L8uV-P51dzu_7WyfJ-PNWktZ=w800-h500-k-no,https://lh3.googleusercontent.com/p/AF1QipMJtsI57Nez3Hu4L8uV-P51dzu_7WyfJ-PNWktZ=w1600-h1000-k-no,https://lh3.googleusercontent.com/-gylo3GcjE04/AAAAAAAAAAI/AAAAAAAAAAA/UM6OFm1TNG4/s44-p-k-no-ns-nd/photo.jpg,TRUE,TRUE,TRUE,3,has_logo
ChIJSYYL9dbpBZERAH45ckrXXJI,https://lh3.googleusercontent.com/p/AF1QipOeTp4hJ3pKF637MTfSduMhtXn0vgGCLxdgLtI=w800-h500-k-no,https://lh3.googleusercontent.com/p/AF1QipOeTp4hJ3pKF637MTfSduMhtXn0vgGCLxdgLtI=w1600-h1000-k-no,https://lh4.googleusercontent.com/-CZP31uCiJE8/AAAAAAAAAAI/AAAAAAAAAAA/dy8mS6t3z6o/s44-p-k-no-ns-nd/photo.jpg,TRUE,TRUE,TRUE,3,has_logo
ChIJiUD0uIzJBZERMtyqr78xuGk,https://lh3.googleusercontent.com/gps-cs-s/AC9h4nqzU7rOE6g35uAigJrYJ2471tKzSGZTuTDh7LpBsgVJDhjL-tKvjlzztw07a-XQ06rMjvoG0QTddL-I4CYNM6E3oNCoDN_LAfW8kSBECLNOGxDePwNoLqvKfRj3Ho0CvQPFhWmp=w800-h500-k-no,https://lh3.googleusercontent.com/gps-cs-s/AC9h4nqzU7rOE6g35uAigJrYJ2471tKzSGZTuTDh7LpBsgVJDhjL-tKvjlzztw07a-XQ06rMjvoG0QTddL-I4CYNM6E3oNCoDN_LAfW8kSBECLNOGxDePwNoLqvKfRj3Ho0CvQPFhWmp=w1600-h1000-k-no,https://lh5.googleusercontent.com/-S7CMmqK-ECc/AAAAAAAAAAI/AAAAAAAAAAA/GgqVbAbiSOo/s44-p-k-no-ns-nd/photo.jpg,TRUE,TRUE,TRUE,3,has_logo
ChIJ92Sw1zfJBZERjzp-2jBBPCc,https://lh3.googleusercontent.com/gps-cs-s/AC9h4nqW6N_8OIN7vvWxMoPnsuFJ8NypEj-ZCcouJQCe7rkPZH7YOQQSyI2aiUpCw-9DbVA-v8wEpNgWm746SMcl1M32q1MOHnzgds-l1MLUWv0UTGnyRV3DinNiW46LNZRXrT9R5bY=w800-h500-k-no,https://lh3.googleusercontent.com/gps-cs-s/AC9h4nqW6N_8OIN7vvWxMoPnsuFJ8NypEj-ZCcouJQCe7rkPZH7YOQQSyI2aiUpCw-9DbVA-v8wEpNgWm746SMcl1M32q1MOHnzgds-l1MLUWv0UTGnyRV3DinNiW46LNZRXrT9R5bY=w1600-h1000-k-no,NA,TRUE,TRUE,FALSE,2,can_extract_later
ChIJ2RQ12Su5BZER7k-Ju-QN95g,https://lh3.googleusercontent.com/p/AF1QipNc46jWwmZdoCF4j2u39-yLxtyT2yBPg0ARUcfc=w800-h500-k-no,https://lh3.googleusercontent.com/p/AF1QipNc46jWwmZdoCF4j2u39-yLxtyT2yBPg0ARUcfc=w1600-h1000-k-no,https://lh5.googleusercontent.com/-LmiIhb7t6fU/AAAAAAAAAAI/AAAAAAAAAAA/t5dbcoB2UFw/s44-p-k-no-ns-nd/photo.jpg,TRUE,TRUE,TRUE,3,has_logo
ChIJl0MWi2DPBZERgFcEjhaUsr4,https://lh3.googleusercontent.com/gps-cs-s/AC9h4np8i-U05P0eTVZcDQQO-boRH9npHJRvFtfIhBRL8XHBnZTLX5DLOwWiyvg_KEU_XGL9kE7UY7vz-wGZ8-cWIynUOte74f8UL1KkYBATRScY5LEHoH9IhyMP6JhIDWf-kP_TGtwA=w800-h500-k-no,https://lh3.googleusercontent.com/gps-cs-s/AC9h4np8i-U05P0eTVZcDQQO-boRH9npHJRvFtfIhBRL8XHBnZTLX5DLOwWiyvg_KEU_XGL9kE7UY7vz-wGZ8-cWIynUOte74f8UL1KkYBATRScY5LEHoH9IhyMP6JhIDWf-kP_TGtwA=w1600-h1000-k-no,NA,TRUE,TRUE,FALSE,2,can_extract_later
ChIJ8_BFx5PPBZERWwYNTecWaQ0,NA,NA,NA,FALSE,FALSE,FALSE,0,missing_logo
ChIJTftM_zrIBZERka67kYT47XQ,https://lh3.googleusercontent.com/p/AF1QipP8dIuocgHfjP9tb0QC-KT99wcLLShKApfbMYNv=w800-h500-k-no,https://lh3.googleusercontent.com/p/AF1QipP8dIuocgHfjP9tb0QC-KT99wcLLShKApfbMYNv=w1600-h1000-k-no,https://lh5.googleusercontent.com/-NKPubJT7nKA/AAAAAAAAAAI/AAAAAAAAAAA/_6ytktkuj2E/s44-p-k-no-ns-nd/photo.jpg,TRUE,TRUE,TRUE,3,has_logo
ChIJYVOUbjvIBZERdBp3eI6wbZk,https://lh3.googleusercontent.com/p/AF1QipPoZtvowxhn8ah0W__0NIIcOS9I6jcli700RuJ2=w800-h500-k-no,https://lh3.googleusercontent.com/p/AF1QipPoZtvowxhn8ah0W__0NIIcOS9I6jcli700RuJ2=w1600-h1000-k-no,https://lh4.googleusercontent.com/-Bm5n-I5-lcc/AAAAAAAAAAI/AAAAAAAAAAA/QTCNnibk6AY/s44-p-k-no-ns-nd/photo.jpg,TRUE,TRUE,TRUE,3,has_logo
ChIJsZ2tIsLHBZER37S3_pK3UIs,https://lh3.googleusercontent.com/p/AF1QipOD_sUnmLD5tVYm_f8zHdNNCzNbGxhnhmXBMMV9=w800-h500-k-no,https://lh3.googleusercontent.com/p/AF1QipOD_sUnmLD5tVYm_f8zHdNNCzNbGxhnhmXBMMV9=w1600-h1000-k-no,https://lh3.googleusercontent.com/-SCslFcZww-g/AAAAAAAAAAI/AAAAAAAAAAA/lPDbdhhZBJQ/s44-p-k-no-ns-nd/photo.jpg,TRUE,TRUE,TRUE,3,has_logo
ChIJR7eS71vOBZERIgPBA0j4K7E,NA,NA,https://lh6.googleusercontent.com/-ZW6Nvygtl-g/AAAAAAAAAAI/AAAAAAAAAAA/5QW6z8V4vzU/s44-p-k-no-ns-nd/photo.jpg,FALSE,FALSE,TRUE,1,has_logo
ChIJOWUMw77PBZERy8POn-61MWk,https://lh3.googleusercontent.com/gps-cs-s/AC9h4nr66vjDblRAKfpwoJRvBvoKr3DGPGqpsumR4hlDwSP9OT_PohNB1oIUGxJse_gh8t53HzxVdeLut97Kx7pLt662DQmg-Hrynp5VVjvXJ6U-qkjGgs_cY0X-H_lqEY-tH53nO6tx=w800-h500-k-no,https://lh3.googleusercontent.com/gps-cs-s/AC9h4nr66vjDblRAKfpwoJRvBvoKr3DGPGqpsumR4hlDwSP9OT_PohNB1oIUGxJse_gh8t53HzxVdeLut97Kx7pLt662DQmg-Hrynp5VVjvXJ6U-qkjGgs_cY0X-H_lqEY-tH53nO6tx=w1600-h1000-k-no,https://lh5.googleusercontent.com/-QApGTjygIE4/AAAAAAAAAAI/AAAAAAAAAAA/UDg2bSC5efo/s44-p-k-no-ns-nd/photo.jpg,TRUE,TRUE,TRUE,3,has_logo
ChIJ7ZUIvK7FBZERUZZa79pBF54,NA,NA,NA,FALSE,FALSE,FALSE,0,missing_logo
ChIJPSIV6RrFBZER_QQAA2iF31s,https://lh3.googleusercontent.com/p/AF1QipOuJzxZOtriFoO87yzTiczRFDrEsxiLHkA-EWzQ=w800-h500-k-no,https://lh3.googleusercontent.com/gps-cs-s/AC9h4nrwKsC4fxl99iF7w1R3yMPscrUWEi8HToQVE0LIq_aQCSGdMLx6_bNpPew50HikGwEdsJVADMV-4O2lAIv4FrdS_yFTpNUU_DjHbONY_s6Nmgrk0Z3Ud1ROCKYSOIAUcGCdEPhbxlxF0oF5=w1600-h1000-k-no,https://lh5.googleusercontent.com/-zYozm5UQwbo/AAAAAAAAAAI/AAAAAAAAAAA/dytScYaeNGw/s44-p-k-no-ns-nd/photo.jpg,TRUE,TRUE,TRUE,3,has_logo
ChIJh4tNXAG3BZERzNdN3Wepyjo,NA,NA,NA,FALSE,FALSE,FALSE,0,missing_logo
ChIJfR7pXMrRBZERFdTSKfVDIKg,NA,https://lh3.googleusercontent.com/p/AF1QipPMh6KVatxKUepTf48VuQz1V_NpbGVzFUDiYG_Z=w1600-h1000-k-no,https://lh6.googleusercontent.com/-gdlcrvw-RO4/AAAAAAAAAAI/AAAAAAAAAAA/hIckkXd8XVA/s44-p-k-no-ns-nd/photo.jpg,FALSE,TRUE,TRUE,2,has_logo
ChIJieoTqpHFBZEReDjwbQNIQmc,https://lh3.googleusercontent.com/p/AF1QipPZnkGSPqSElwDRkh9OuTwKtyylcgSzM8Tv7CCh=w800-h500-k-no,https://lh3.googleusercontent.com/p/AF1QipPZnkGSPqSElwDRkh9OuTwKtyylcgSzM8Tv7CCh=w1600-h1000-k-no,https://lh6.googleusercontent.com/-EhBkad-Zgdw/AAAAAAAAAAI/AAAAAAAAAAA/6Nd3_nMn9oU/s44-p-k-no-ns-nd/photo.jpg,TRUE,TRUE,TRUE,3,has_logo
ChIJM6SvQ-3JBZERvH2XIwsA4kY,https://lh3.googleusercontent.com/p/AF1QipO62-wbFsAXpcBb3cPpIfqGWMMlzdLl6Zj-7Xgg=w800-h500-k-no,https://lh3.googleusercontent.com/p/AF1QipO62-wbFsAXpcBb3cPpIfqGWMMlzdLl6Zj-7Xgg=w1600-h1000-k-no,https://lh4.googleusercontent.com/-5MfjvnK9Qkc/AAAAAAAAAAI/AAAAAAAAAAA/4MGBcr0QWtQ/s44-p-k-no-ns-nd/photo.jpg,TRUE,TRUE,TRUE,3,has_logo
ChIJ4aVREwDHBZERglyIXiaVZ9Y,NA,NA,NA,FALSE,FALSE,FALSE,0,missing_logo
ChIJ148eGJzJBZER-YR5bt1dUDM,https://lh3.googleusercontent.com/gps-cs-s/AC9h4nrpqXNwqjvlchB3eD7uCiyPxfmg0XHTtjLuYDbyU3RWfKGx6LtzAo7wMNT-yC1Nu3kZeZ3LMzQIHYROjPzZnFkq56uPhAmHf6Wlz8tkS-LYbGuG5Q41zcu7k2C_csZASohbuxUPW8F9uyTZ=w800-h500-k-no,https://lh3.googleusercontent.com/gps-cs-s/AC9h4nrpqXNwqjvlchB3eD7uCiyPxfmg0XHTtjLuYDbyU3RWfKGx6LtzAo7wMNT-yC1Nu3kZeZ3LMzQIHYROjPzZnFkq56uPhAmHf6Wlz8tkS-LYbGuG5Q41zcu7k2C_csZASohbuxUPW8F9uyTZ=w1600-h1000-k-no,https://lh3.googleusercontent.com/-METltd14ONE/AAAAAAAAAAI/AAAAAAAAAAA/YgqoIZu9_AE/s44-p-k-no-ns-nd/photo.jpg,TRUE,TRUE,TRUE,3,has_logo
ChIJK8LnTOjFBZERBwnyzoHB4IY,https://lh3.googleusercontent.com/gps-cs-s/AC9h4nrD87mL0__ZUzYQ8Zozhu9ogAobYKn7Ea0vrVjkWPEHGr2ruX8yuLkDONZ4f9AEhl2J3UjcdlgoCw36Jhke0ygFUxA8v7xL7DQkOsk-NhBthScaB6Aad981oCuXcwVtIcZSDR7KWA=w800-h500-k-no,https://lh3.googleusercontent.com/gps-cs-s/AC9h4nrD87mL0__ZUzYQ8Zozhu9ogAobYKn7Ea0vrVjkWPEHGr2ruX8yuLkDONZ4f9AEhl2J3UjcdlgoCw36Jhke0ygFUxA8v7xL7DQkOsk-NhBthScaB6Aad981oCuXcwVtIcZSDR7KWA=w1600-h1000-k-no,https://lh3.googleusercontent.com/-zWJWrUKsNCc/AAAAAAAAAAI/AAAAAAAAAAA/jpzblnqK1D0/s44-p-k-no-ns-nd/photo.jpg,TRUE,TRUE,TRUE,3,has_logo
ChIJ85ntbIC7BZERa5AoRUpRtro,https://lh3.googleusercontent.com/gps-cs-s/AC9h4nryD6xYrQpqDpE3KXvW4FUVhQiw76S1grZEVko_BO7QB2jHhxucvo5dvl-NWV1EIzV9tcgoabClVKNBgkWES231HHEaYjFZEyQccs_zhJG3O2XioxJfCo2P_BsmI7Jnq5vxiCCB=w800-h500-k-no,https://lh3.googleusercontent.com/gps-cs-s/AC9h4nryD6xYrQpqDpE3KXvW4FUVhQiw76S1grZEVko_BO7QB2jHhxucvo5dvl-NWV1EIzV9tcgoabClVKNBgkWES231HHEaYjFZEyQccs_zhJG3O2XioxJfCo2P_BsmI7Jnq5vxiCCB=w1600-h1000-k-no,https://lh6.googleusercontent.com/-Eu7UmDuPcb0/AAAAAAAAAAI/AAAAAAAAAAA/HCDu0QSBFI4/s44-p-k-no-ns-nd/photo.jpg,TRUE,TRUE,TRUE,3,has_logo
ChIJcVtkKVrHBZERpcPJO0DIVvo,https://lh3.googleusercontent.com/gps-cs-s/AC9h4nonE_ucl5jOfytauaWfLASqT_sKh6ktBPgHskPoV6zRi68-ceHpOD6j3CO5r1W8BrK9mPhEuallVKyz4hf6Nitr_dkmHOUY1V5q5ysR_u-QIizsjQ9ybne7GVqc-0TvwfBQjA=w800-h500-k-no,https://lh3.googleusercontent.com/gps-cs-s/AC9h4nonE_ucl5jOfytauaWfLASqT_sKh6ktBPgHskPoV6zRi68-ceHpOD6j3CO5r1W8BrK9mPhEuallVKyz4hf6Nitr_dkmHOUY1V5q5ysR_u-QIizsjQ9ybne7GVqc-0TvwfBQjA=w1600-h1000-k-no,NA,TRUE,TRUE,FALSE,2,can_extract_later
ChIJeaNN3PW3BZER1JN21LAn4G4,https://lh3.googleusercontent.com/gps-cs-s/AC9h4nriIiWPo5iUw_tluPvUYNCdBWvDm3nwjwM-ITrYvB7JhvdyLoaQopQEIEsDPSGeH6dmp04zfQm4whlDngRPvAYSxFCYKOvdtcr62mS0gIwz29YV0880OeujThG65n7TRgiZdsWB=w800-h500-k-no,https://lh3.googleusercontent.com/gps-cs-s/AC9h4nriIiWPo5iUw_tluPvUYNCdBWvDm3nwjwM-ITrYvB7JhvdyLoaQopQEIEsDPSGeH6dmp04zfQm4whlDngRPvAYSxFCYKOvdtcr62mS0gIwz29YV0880OeujThG65n7TRgiZdsWB=w1600-h1000-k-no,NA,TRUE,TRUE,FALSE,2,can_extract_later
