place_id,day,raw,open,close,closed,pattern_flag
ChIJ-V1U4WiZBZEREqlFW69BUjs,Monday,6-10PM,06:00,22:00,FALSE,standard
ChIJ-V1U4WiZBZEREqlFW69BUjs,Tuesday,6-10PM,06:00,22:00,FALSE,standard
ChIJ-V1U4WiZBZEREqlFW69BUjs,Wednesday,6-10PM,06:00,22:00,FALSE,standard
ChIJ-V1U4WiZBZEREqlFW69BUjs,Thursday,6-10PM,06:00,22:00,FALSE,standard
ChIJ-V1U4WiZBZEREqlFW69BUjs,Friday,6-10PM,06:00,22:00,FALSE,standard
ChIJ-V1U4WiZBZEREqlFW69BUjs,Saturday,Closed,NA,NA,TRUE,closed
ChIJ-V1U4WiZBZEREqlFW69BUjs,Sunday,Closed,NA,NA,TRUE,closed
ChIJ-Y9xE8PFBZERYnNQ_wmVuXg,Monday,9AM-12AM,09:00,00:00,FALSE,standard
ChIJ-Y9xE8PFBZERYnNQ_wmVuXg,Tuesday,"12-8:30AM,9AM-12AM",09:00,08:30,FALSE,standard
ChIJ-Y9xE8PFBZERYnNQ_wmVuXg,Wednesday,"12-8:30AM,9AM-12AM",09:00,08:30,FALSE,standard
ChIJ-Y9xE8PFBZERYnNQ_wmVuXg,Thursday,"12-8:30AM,9AM-12AM",09:00,08:30,FALSE,standard
ChIJ-Y9xE8PFBZERYnNQ_wmVuXg,Friday,"12-8:30AM,9AM-12AM",09:00,08:30,FALSE,standard
ChIJ-Y9xE8PFBZERYnNQ_wmVuXg,Saturday,12AM-1PM,00:00,13:00,FALSE,standard
ChIJ-Y9xE8PFBZERYnNQ_wmVuXg,Sunday,Closed,NA,NA,TRUE,closed
ChIJ0-QO8jTRBZERpLcqXjB3Kr4,Monday,NA,NA,NA,TRUE,missing
ChIJ0-QO8jTRBZERpLcqXjB3Kr4,Tuesday,NA,NA,NA,TRUE,missing
ChIJ0-QO8jTRBZERpLcqXjB3Kr4,Wednesday,NA,NA,NA,TRUE,missing
ChIJ0-QO8jTRBZERpLcqXjB3Kr4,Thursday,NA,NA,NA,TRUE,missing
ChIJ0-QO8jTRBZERpLcqXjB3Kr4,Friday,NA,NA,NA,TRUE,missing
ChIJ0-QO8jTRBZERpLcqXjB3Kr4,Saturday,NA,NA,NA,TRUE,missing
ChIJ0-QO8jTRBZERpLcqXjB3Kr4,Sunday,NA,NA,NA,TRUE,missing
ChIJ04_GLCTHBZEROwgIg2JXg7g,Monday,6AM-8:30PM,06:00,20:30,FALSE,standard
ChIJ04_GLCTHBZEROwgIg2JXg7g,Tuesday,6AM-8:30PM,06:00,20:30,FALSE,standard
ChIJ04_GLCTHBZEROwgIg2JXg7g,Wednesday,6AM-8:30PM,06:00,20:30,FALSE,standard
ChIJ04_GLCTHBZEROwgIg2JXg7g,Thursday,6AM-8:30PM,06:00,20:30,FALSE,standard
ChIJ04_GLCTHBZEROwgIg2JXg7g,Friday,6AM-8:30PM,06:00,20:30,FALSE,standard
ChIJ04_GLCTHBZEROwgIg2JXg7g,Saturday,Closed,NA,NA,TRUE,closed
ChIJ04_GLCTHBZEROwgIg2JXg7g,Sunday,Closed,NA,NA,TRUE,closed
ChIJ13qNn8TJBZERWbv_je4pbBw,Monday,NA,NA,NA,TRUE,missing
ChIJ13qNn8TJBZERWbv_je4pbBw,Tuesday,NA,NA,NA,TRUE,missing
ChIJ13qNn8TJBZERWbv_je4pbBw,Wednesday,NA,NA,NA,TRUE,missing
ChIJ13qNn8TJBZERWbv_je4pbBw,Thursday,NA,NA,NA,TRUE,missing
ChIJ13qNn8TJBZERWbv_je4pbBw,Friday,NA,NA,NA,TRUE,missing
ChIJ13qNn8TJBZERWbv_je4pbBw,Saturday,NA,NA,NA,TRUE,missing
ChIJ13qNn8TJBZERWbv_je4pbBw,Sunday,NA,NA,NA,TRUE,missing
ChIJ148eGJzJBZER-YR5bt1dUDM,Monday,8AM-11PM,08:00,23:00,FALSE,standard
ChIJ148eGJzJBZER-YR5bt1dUDM,Tuesday,8AM-11PM,08:00,23:00,FALSE,standard
ChIJ148eGJzJBZER-YR5bt1dUDM,Wednesday,8AM-11PM,08:00,23:00,FALSE,standard
ChIJ148eGJzJBZER-YR5bt1dUDM,Thursday,8AM-11PM,08:00,23:00,FALSE,standard
ChIJ148eGJzJBZER-YR5bt1dUDM,Friday,8AM-11PM,08:00,23:00,FALSE,standard
ChIJ148eGJzJBZER-YR5bt1dUDM,Saturday,8AM-10PM,08:00,22:00,FALSE,standard
ChIJ148eGJzJBZER-YR5bt1dUDM,Sunday,8AM-5PM,08:00,17:00,FALSE,standard
ChIJ19FlnzW5BZERqD67s4vRqvk,Monday,NA,NA,NA,TRUE,missing
ChIJ19FlnzW5BZERqD67s4vRqvk,Tuesday,NA,NA,NA,TRUE,missing
ChIJ19FlnzW5BZERqD67s4vRqvk,Wednesday,NA,NA,NA,TRUE,missing
ChIJ19FlnzW5BZERqD67s4vRqvk,Thursday,NA,NA,NA,TRUE,missing
ChIJ19FlnzW5BZERqD67s4vRqvk,Friday,NA,NA,NA,TRUE,missing
ChIJ19FlnzW5BZERqD67s4vRqvk,Saturday,NA,NA,NA,TRUE,missing
ChIJ19FlnzW5BZERqD67s4vRqvk,Sunday,NA,NA,NA,TRUE,missing
ChIJ1YklegDPBZER1Ibv-FUqkaM,Monday,Closed,NA,NA,TRUE,closed
ChIJ1YklegDPBZER1Ibv-FUqkaM,Tuesday,"11AM-1PM,6-8PM",06:00,20:00,FALSE,standard
ChIJ1YklegDPBZER1Ibv-FUqkaM,Wednesday,Closed,NA,NA,TRUE,closed
ChIJ1YklegDPBZER1Ibv-FUqkaM,Thursday,"11AM-1PM,6-8PM",06:00,20:00,FALSE,standard
ChIJ1YklegDPBZER1Ibv-FUqkaM,Friday,Closed,NA,NA,TRUE,closed
ChIJ1YklegDPBZER1Ibv-FUqkaM,Saturday,"11AM-1PM,6-8PM",06:00,20:00,FALSE,standard
ChIJ1YklegDPBZER1Ibv-FUqkaM,Sunday,"11AM-1PM,6-8PM",06:00,20:00,FALSE,standard
ChIJ1YpSKgDJBZERKDmUGecW1nQ,Monday,6:30AM-9:30PM,06:30,21:30,FALSE,standard
ChIJ1YpSKgDJBZERKDmUGecW1nQ,Tuesday,6:30AM-9:30PM,06:30,21:30,FALSE,standard
ChIJ1YpSKgDJBZERKDmUGecW1nQ,Wednesday,6:30AM-7:30PM,06:30,19:30,FALSE,standard
ChIJ1YpSKgDJBZERKDmUGecW1nQ,Thursday,6:30AM-7:30PM,06:30,19:30,FALSE,standard
ChIJ1YpSKgDJBZERKDmUGecW1nQ,Friday,6:30AM-7:30PM,06:30,19:30,FALSE,standard
ChIJ1YpSKgDJBZERKDmUGecW1nQ,Saturday,8AM-2PM,08:00,14:00,FALSE,standard
ChIJ1YpSKgDJBZERKDmUGecW1nQ,Sunday,Closed,NA,NA,TRUE,closed
ChIJ2RQ12Su5BZER7k-Ju-QN95g,Monday,"9-10AM,7:30-8:30PM",07:30,20:30,FALSE,standard
ChIJ2RQ12Su5BZER7k-Ju-QN95g,Tuesday,"9-10AM,7:30-8:30PM",07:30,20:30,FALSE,standard
ChIJ2RQ12Su5BZER7k-Ju-QN95g,Wednesday,"9-10AM,7:30-8:30PM",07:30,20:30,FALSE,standard
ChIJ2RQ12Su5BZER7k-Ju-QN95g,Thursday,"9-10AM,7:30-8:30PM",07:30,20:30,FALSE,standard
ChIJ2RQ12Su5BZER7k-Ju-QN95g,Friday,"9-10AM,7:30-8:30PM",07:30,20:30,FALSE,standard
ChIJ2RQ12Su5BZER7k-Ju-QN95g,Saturday,9-10AM,09:00,10:00,FALSE,standard
ChIJ2RQ12Su5BZER7k-Ju-QN95g,Sunday,Closed,NA,NA,TRUE,closed
ChIJ2_uPUwDJBZERQmMjPUSEARI,Monday,NA,NA,NA,TRUE,missing
ChIJ2_uPUwDJBZERQmMjPUSEARI,Tuesday,NA,NA,NA,TRUE,missing
ChIJ2_uPUwDJBZERQmMjPUSEARI,Wednesday,NA,NA,NA,TRUE,missing
ChIJ2_uPUwDJBZERQmMjPUSEARI,Thursday,NA,NA,NA,TRUE,missing
ChIJ2_uPUwDJBZERQmMjPUSEARI,Friday,NA,NA,NA,TRUE,missing
ChIJ2_uPUwDJBZERQmMjPUSEARI,Saturday,NA,NA,NA,TRUE,missing
ChIJ2_uPUwDJBZERQmMjPUSEARI,Sunday,NA,NA,NA,TRUE,missing
ChIJ2badz7rJBZERxHaIC4ApV2Q,Monday,6AM-10PM,06:00,22:00,FALSE,standard
ChIJ2badz7rJBZERxHaIC4ApV2Q,Tuesday,6AM-10PM,06:00,22:00,FALSE,standard
ChIJ2badz7rJBZERxHaIC4ApV2Q,Wednesday,6AM-10PM,06:00,22:00,FALSE,standard
ChIJ2badz7rJBZERxHaIC4ApV2Q,Thursday,6AM-10PM,06:00,22:00,FALSE,standard
ChIJ2badz7rJBZERxHaIC4ApV2Q,Friday,6:30AM-10PM,06:30,22:00,FALSE,standard
ChIJ2badz7rJBZERxHaIC4ApV2Q,Saturday,9AM-12PM,09:00,12:00,FALSE,standard
ChIJ2badz7rJBZERxHaIC4ApV2Q,Sunday,Closed,NA,NA,TRUE,closed
ChIJ2wEqSgLJBZER6Nr2SfsZm_E,Monday,"7-8:30AM,10AM-12:30PM,7-8:30PM",07:00,20:30,FALSE,standard
ChIJ2wEqSgLJBZER6Nr2SfsZm_E,Tuesday,"10-11:30AM,7-8:30PM",07:00,20:30,FALSE,standard
ChIJ2wEqSgLJBZER6Nr2SfsZm_E,Wednesday,"7-8:30AM,10-11:30AM,7-8:30PM",07:00,20:30,FALSE,standard
ChIJ2wEqSgLJBZER6Nr2SfsZm_E,Thursday,"10-11:30AM,7-8:30PM",07:00,20:30,FALSE,standard
ChIJ2wEqSgLJBZER6Nr2SfsZm_E,Friday,"7-8:30AM,10-11:30AM,7-8:30PM",07:00,20:30,FALSE,standard
ChIJ2wEqSgLJBZER6Nr2SfsZm_E,Saturday,Closed,NA,NA,TRUE,closed
ChIJ2wEqSgLJBZER6Nr2SfsZm_E,Sunday,Closed,NA,NA,TRUE,closed
ChIJ3ZU-A2-5BZERY2-mnwJImBg,Monday,8AM-9PM,08:00,21:00,FALSE,standard
ChIJ3ZU-A2-5BZERY2-mnwJImBg,Tuesday,8AM-9PM,08:00,21:00,FALSE,standard
ChIJ3ZU-A2-5BZERY2-mnwJImBg,Wednesday,8AM-9PM,08:00,21:00,FALSE,standard
ChIJ3ZU-A2-5BZERY2-mnwJImBg,Thursday,8AM-9PM,08:00,21:00,FALSE,standard
ChIJ3ZU-A2-5BZERY2-mnwJImBg,Friday,8AM-9PM,08:00,21:00,FALSE,standard
ChIJ3ZU-A2-5BZERY2-mnwJImBg,Saturday,Closed,NA,NA,TRUE,closed
ChIJ3ZU-A2-5BZERY2-mnwJImBg,Sunday,Closed,NA,NA,TRUE,closed
ChIJ3cBfgAbJBZERjo1i2MqHYMk,Monday,6AM-9:30PM,06:00,21:30,FALSE,standard
ChIJ3cBfgAbJBZERjo1i2MqHYMk,Tuesday,6AM-9:30PM,06:00,21:30,FALSE,standard
ChIJ3cBfgAbJBZERjo1i2MqHYMk,Wednesday,6AM-9:30PM,06:00,21:30,FALSE,standard
ChIJ3cBfgAbJBZERjo1i2MqHYMk,Thursday,6AM-9:30PM,06:00,21:30,FALSE,standard
ChIJ3cBfgAbJBZERjo1i2MqHYMk,Friday,6AM-9:30PM,06:00,21:30,FALSE,standard
ChIJ3cBfgAbJBZERjo1i2MqHYMk,Saturday,Closed,NA,NA,TRUE,closed
ChIJ3cBfgAbJBZERjo1i2MqHYMk,Sunday,Closed,NA,NA,TRUE,closed
ChIJ3ca_7GfOBZER0kYN24RJ7KY,Monday,Open 24 hours,00:00,23:59,FALSE,24hrs
ChIJ3ca_7GfOBZER0kYN24RJ7KY,Tuesday,Open 24 hours,00:00,23:59,FALSE,24hrs
ChIJ3ca_7GfOBZER0kYN24RJ7KY,Wednesday,Open 24 hours,00:00,23:59,FALSE,24hrs
ChIJ3ca_7GfOBZER0kYN24RJ7KY,Thursday,Open 24 hours,00:00,23:59,FALSE,24hrs
ChIJ3ca_7GfOBZER0kYN24RJ7KY,Friday,Open 24 hours,00:00,23:59,FALSE,24hrs
ChIJ3ca_7GfOBZER0kYN24RJ7KY,Saturday,Open 24 hours,00:00,23:59,FALSE,24hrs
ChIJ3ca_7GfOBZER0kYN24RJ7KY,Sunday,Open 24 hours,00:00,23:59,FALSE,24hrs
ChIJ433FgiDOBZER8YkaGFvLvBw,Monday,Open 24 hours,00:00,23:59,FALSE,24hrs
ChIJ433FgiDOBZER8YkaGFvLvBw,Tuesday,Open 24 hours,00:00,23:59,FALSE,24hrs
ChIJ433FgiDOBZER8YkaGFvLvBw,Wednesday,Open 24 hours,00:00,23:59,FALSE,24hrs
ChIJ433FgiDOBZER8YkaGFvLvBw,Thursday,Open 24 hours,00:00,23:59,FALSE,24hrs
ChIJ433FgiDOBZER8YkaGFvLvBw,Friday,Open 24 hours,00:00,23:59,FALSE,24hrs
ChIJ433FgiDOBZER8YkaGFvLvBw,Saturday,Open 24 hours,00:00,23:59,FALSE,24hrs
ChIJ433FgiDOBZER8YkaGFvLvBw,Sunday,Open 24 hours,00:00,23:59,FALSE,24hrs
ChIJ4TZ_D_PQBZERuXFy_OVaZUU,Monday,9AM-9PM,09:00,21:00,FALSE,standard
ChIJ4TZ_D_PQBZERuXFy_OVaZUU,Tuesday,9AM-9PM,09:00,21:00,FALSE,standard
ChIJ4TZ_D_PQBZERuXFy_OVaZUU,Wednesday,9AM-9PM,09:00,21:00,FALSE,standard
ChIJ4TZ_D_PQBZERuXFy_OVaZUU,Thursday,9AM-9PM,09:00,21:00,FALSE,standard
ChIJ4TZ_D_PQBZERuXFy_OVaZUU,Friday,9AM-9PM,09:00,21:00,FALSE,standard
ChIJ4TZ_D_PQBZERuXFy_OVaZUU,Saturday,9AM-9PM,09:00,21:00,FALSE,standard
ChIJ4TZ_D_PQBZERuXFy_OVaZUU,Sunday,Closed,NA,NA,TRUE,closed
ChIJ4Y4PDdzHBZERJXAhgGULTzE,Monday,10AM-5PM,10:00,17:00,FALSE,standard
ChIJ4Y4PDdzHBZERJXAhgGULTzE,Tuesday,10AM-5PM,10:00,17:00,FALSE,standard
ChIJ4Y4PDdzHBZERJXAhgGULTzE,Wednesday,10AM-5PM,10:00,17:00,FALSE,standard
ChIJ4Y4PDdzHBZERJXAhgGULTzE,Thursday,10AM-5PM,10:00,17:00,FALSE,standard
ChIJ4Y4PDdzHBZERJXAhgGULTzE,Friday,10AM-5PM,10:00,17:00,FALSE,standard
ChIJ4Y4PDdzHBZERJXAhgGULTzE,Saturday,Closed,NA,NA,TRUE,closed
ChIJ4Y4PDdzHBZERJXAhgGULTzE,Sunday,Closed,NA,NA,TRUE,closed
ChIJ4aVREwDHBZERglyIXiaVZ9Y,Monday,6AM-10PM,06:00,22:00,FALSE,standard
ChIJ4aVREwDHBZERglyIXiaVZ9Y,Tuesday,6AM-10PM,06:00,22:00,FALSE,standard
ChIJ4aVREwDHBZERglyIXiaVZ9Y,Wednesday,6AM-10PM,06:00,22:00,FALSE,standard
ChIJ4aVREwDHBZERglyIXiaVZ9Y,Thursday,6AM-10PM,06:00,22:00,FALSE,standard
ChIJ4aVREwDHBZERglyIXiaVZ9Y,Friday,6AM-10PM,06:00,22:00,FALSE,standard
ChIJ4aVREwDHBZERglyIXiaVZ9Y,Saturday,Closed,NA,NA,TRUE,closed
ChIJ4aVREwDHBZERglyIXiaVZ9Y,Sunday,Closed,NA,NA,TRUE,closed
ChIJ4d2EXxbRBZER_xbi4ogLMxU,Monday,7:30AM-10PM,07:30,22:00,FALSE,standard
ChIJ4d2EXxbRBZER_xbi4ogLMxU,Tuesday,7:30AM-10PM,07:30,22:00,FALSE,standard
ChIJ4d2EXxbRBZER_xbi4ogLMxU,Wednesday,7:30AM-10PM,07:30,22:00,FALSE,standard
ChIJ4d2EXxbRBZER_xbi4ogLMxU,Thursday,7:30AM-10PM,07:30,22:00,FALSE,standard
ChIJ4d2EXxbRBZER_xbi4ogLMxU,Friday,7:30AM-10PM,07:30,22:00,FALSE,standard
ChIJ4d2EXxbRBZER_xbi4ogLMxU,Saturday,7:30AM-10PM,07:30,22:00,FALSE,standard
ChIJ4d2EXxbRBZER_xbi4ogLMxU,Sunday,Closed,NA,NA,TRUE,closed
ChIJ4e04LYrJBZERJn9FTvP_KYc,Monday,10AM-9PM,10:00,21:00,FALSE,standard
ChIJ4e04LYrJBZERJn9FTvP_KYc,Tuesday,11AM-9PM,11:00,21:00,FALSE,standard
ChIJ4e04LYrJBZERJn9FTvP_KYc,Wednesday,10AM-9PM,10:00,21:00,FALSE,standard
ChIJ4e04LYrJBZERJn9FTvP_KYc,Thursday,11AM-9PM,11:00,21:00,FALSE,standard
ChIJ4e04LYrJBZERJn9FTvP_KYc,Friday,10AM-9PM,10:00,21:00,FALSE,standard
ChIJ4e04LYrJBZERJn9FTvP_KYc,Saturday,Closed,NA,NA,TRUE,closed
ChIJ4e04LYrJBZERJn9FTvP_KYc,Sunday,Closed,NA,NA,TRUE,closed
ChIJ50sMOerHBZERn8tKf7_hoAY,Monday,NA,NA,NA,TRUE,missing
ChIJ50sMOerHBZERn8tKf7_hoAY,Tuesday,NA,NA,NA,TRUE,missing
ChIJ50sMOerHBZERn8tKf7_hoAY,Wednesday,NA,NA,NA,TRUE,missing
ChIJ50sMOerHBZERn8tKf7_hoAY,Thursday,NA,NA,NA,TRUE,missing
ChIJ50sMOerHBZERn8tKf7_hoAY,Friday,NA,NA,NA,TRUE,missing
ChIJ50sMOerHBZERn8tKf7_hoAY,Saturday,NA,NA,NA,TRUE,missing
ChIJ50sMOerHBZERn8tKf7_hoAY,Sunday,NA,NA,NA,TRUE,missing
ChIJ59fyEPi5BZER8SxRYGoYSio,Monday,"6:30-8AM,9-11PM",06:30,23:00,FALSE,standard
ChIJ59fyEPi5BZER8SxRYGoYSio,Tuesday,8:30-9:30PM,08:30,21:30,FALSE,standard
ChIJ59fyEPi5BZER8SxRYGoYSio,Wednesday,"6:30-8AM,9-11PM",06:30,23:00,FALSE,standard
ChIJ59fyEPi5BZER8SxRYGoYSio,Thursday,8:30-9:30PM,08:30,21:30,FALSE,standard
ChIJ59fyEPi5BZER8SxRYGoYSio,Friday,"6:30-8AM,9-11PM",06:30,23:00,FALSE,standard
ChIJ59fyEPi5BZER8SxRYGoYSio,Saturday,9AM-12PM,09:00,12:00,FALSE,standard
ChIJ59fyEPi5BZER8SxRYGoYSio,Sunday,Closed,NA,NA,TRUE,closed
ChIJ5fiUf_HHBZERYOsZZA9xFTU,Monday,Closed,NA,NA,TRUE,closed
ChIJ5fiUf_HHBZERYOsZZA9xFTU,Tuesday,Closed,NA,NA,TRUE,closed
ChIJ5fiUf_HHBZERYOsZZA9xFTU,Wednesday,4-5PM,04:00,17:00,FALSE,standard
ChIJ5fiUf_HHBZERYOsZZA9xFTU,Thursday,4-5PM,04:00,17:00,FALSE,standard
ChIJ5fiUf_HHBZERYOsZZA9xFTU,Friday,Closed,NA,NA,TRUE,closed
ChIJ5fiUf_HHBZERYOsZZA9xFTU,Saturday,Closed,NA,NA,TRUE,closed
ChIJ5fiUf_HHBZERYOsZZA9xFTU,Sunday,Closed,NA,NA,TRUE,closed
ChIJ65L-5m7FBZERFuWGrOis81s,Monday,7AM-11PM,07:00,23:00,FALSE,standard
ChIJ65L-5m7FBZERFuWGrOis81s,Tuesday,7AM-11PM,07:00,23:00,FALSE,standard
ChIJ65L-5m7FBZERFuWGrOis81s,Wednesday,7AM-11PM,07:00,23:00,FALSE,standard
ChIJ65L-5m7FBZERFuWGrOis81s,Thursday,7AM-11PM,07:00,23:00,FALSE,standard
ChIJ65L-5m7FBZERFuWGrOis81s,Friday,7AM-11PM,07:00,23:00,FALSE,standard
ChIJ65L-5m7FBZERFuWGrOis81s,Saturday,7AM-11PM,07:00,23:00,FALSE,standard
ChIJ65L-5m7FBZERFuWGrOis81s,Sunday,Closed,NA,NA,TRUE,closed
ChIJ6fWKZTjHBZERsaEjmGjhWx8,Monday,6AM-11PM,06:00,23:00,FALSE,standard
ChIJ6fWKZTjHBZERsaEjmGjhWx8,Tuesday,6AM-11PM,06:00,23:00,FALSE,standard
ChIJ6fWKZTjHBZERsaEjmGjhWx8,Wednesday,6AM-11PM,06:00,23:00,FALSE,standard
ChIJ6fWKZTjHBZERsaEjmGjhWx8,Thursday,6AM-11PM,06:00,23:00,FALSE,standard
ChIJ6fWKZTjHBZERsaEjmGjhWx8,Friday,6AM-11PM,06:00,23:00,FALSE,standard
ChIJ6fWKZTjHBZERsaEjmGjhWx8,Saturday,6AM-11PM,06:00,23:00,FALSE,standard
ChIJ6fWKZTjHBZERsaEjmGjhWx8,Sunday,Closed,NA,NA,TRUE,closed
ChIJ7SkTjy_vBZERaGwB_oSVhn8,Monday,7-8:30PM,07:00,20:30,FALSE,standard
ChIJ7SkTjy_vBZERaGwB_oSVhn8,Tuesday,Closed,NA,NA,TRUE,closed
ChIJ7SkTjy_vBZERaGwB_oSVhn8,Wednesday,7-8:30PM,07:00,20:30,FALSE,standard
ChIJ7SkTjy_vBZERaGwB_oSVhn8,Thursday,Closed,NA,NA,TRUE,closed
ChIJ7SkTjy_vBZERaGwB_oSVhn8,Friday,7-8:30PM,07:00,20:30,FALSE,standard
ChIJ7SkTjy_vBZERaGwB_oSVhn8,Saturday,11AM-12:30PM,11:00,12:30,FALSE,standard
ChIJ7SkTjy_vBZERaGwB_oSVhn8,Sunday,Closed,NA,NA,TRUE,closed
ChIJ7ZUIvK7FBZERUZZa79pBF54,Monday,NA,NA,NA,TRUE,missing
ChIJ7ZUIvK7FBZERUZZa79pBF54,Tuesday,NA,NA,NA,TRUE,missing
ChIJ7ZUIvK7FBZERUZZa79pBF54,Wednesday,NA,NA,NA,TRUE,missing
ChIJ7ZUIvK7FBZERUZZa79pBF54,Thursday,NA,NA,NA,TRUE,missing
ChIJ7ZUIvK7FBZERUZZa79pBF54,Friday,NA,NA,NA,TRUE,missing
ChIJ7ZUIvK7FBZERUZZa79pBF54,Saturday,NA,NA,NA,TRUE,missing
ChIJ7ZUIvK7FBZERUZZa79pBF54,Sunday,NA,NA,NA,TRUE,missing
ChIJ85ntbIC7BZERa5AoRUpRtro,Monday,9AM-9:45PM,09:00,22:00,FALSE,standard
ChIJ85ntbIC7BZERa5AoRUpRtro,Tuesday,6-9:45PM,06:00,22:00,FALSE,standard
ChIJ85ntbIC7BZERa5AoRUpRtro,Wednesday,9AM-9:45PM,09:00,22:00,FALSE,standard
ChIJ85ntbIC7BZERa5AoRUpRtro,Thursday,6-9:45PM,06:00,22:00,FALSE,standard
ChIJ85ntbIC7BZERa5AoRUpRtro,Friday,9AM-9:45PM,09:00,22:00,FALSE,standard
ChIJ85ntbIC7BZERa5AoRUpRtro,Saturday,9AM-9PM,09:00,21:00,FALSE,standard
ChIJ85ntbIC7BZERa5AoRUpRtro,Sunday,Closed,NA,NA,TRUE,closed
ChIJ8R-GFhDJBZERhtpx6oScBN4,Monday,"6-11AM,5-10PM",05:00,22:00,FALSE,standard
ChIJ8R-GFhDJBZERhtpx6oScBN4,Tuesday,"6-11AM,5-10PM",05:00,22:00,FALSE,standard
ChIJ8R-GFhDJBZERhtpx6oScBN4,Wednesday,"6-11AM,5-10PM",05:00,22:00,FALSE,standard
ChIJ8R-GFhDJBZERhtpx6oScBN4,Thursday,"6-11AM,5-10PM",05:00,22:00,FALSE,standard
ChIJ8R-GFhDJBZERhtpx6oScBN4,Friday,"6-11AM,5-10PM",05:00,22:00,FALSE,standard
ChIJ8R-GFhDJBZERhtpx6oScBN4,Saturday,8AM-12PM,08:00,12:00,FALSE,standard
ChIJ8R-GFhDJBZERhtpx6oScBN4,Sunday,Closed,NA,NA,TRUE,closed
ChIJ8_BFx5PPBZERWwYNTecWaQ0,Monday,NA,NA,NA,TRUE,missing
ChIJ8_BFx5PPBZERWwYNTecWaQ0,Tuesday,NA,NA,NA,TRUE,missing
ChIJ8_BFx5PPBZERWwYNTecWaQ0,Wednesday,NA,NA,NA,TRUE,missing
ChIJ8_BFx5PPBZERWwYNTecWaQ0,Thursday,NA,NA,NA,TRUE,missing
ChIJ8_BFx5PPBZERWwYNTecWaQ0,Friday,NA,NA,NA,TRUE,missing
ChIJ8_BFx5PPBZERWwYNTecWaQ0,Saturday,NA,NA,NA,TRUE,missing
ChIJ8_BFx5PPBZERWwYNTecWaQ0,Sunday,NA,NA,NA,TRUE,missing
ChIJ92Sw1zfJBZERjzp-2jBBPCc,Monday,10AM-10PM,10:00,22:00,FALSE,standard
ChIJ92Sw1zfJBZERjzp-2jBBPCc,Tuesday,10AM-10PM,10:00,22:00,FALSE,standard
ChIJ92Sw1zfJBZERjzp-2jBBPCc,Wednesday,10AM-10PM,10:00,22:00,FALSE,standard
ChIJ92Sw1zfJBZERjzp-2jBBPCc,Thursday,10AM-10PM,10:00,22:00,FALSE,standard
ChIJ92Sw1zfJBZERjzp-2jBBPCc,Friday,10AM-10PM,10:00,22:00,FALSE,standard
ChIJ92Sw1zfJBZERjzp-2jBBPCc,Saturday,10AM-12PM,10:00,12:00,FALSE,standard
ChIJ92Sw1zfJBZERjzp-2jBBPCc,Sunday,Closed,NA,NA,TRUE,closed
ChIJ93hXYyfHBZERcjGFyxcuVdE,Monday,6AM-10:20PM,06:00,22:30,FALSE,standard
ChIJ93hXYyfHBZERcjGFyxcuVdE,Tuesday,6AM-10:20PM,06:00,22:30,FALSE,standard
ChIJ93hXYyfHBZERcjGFyxcuVdE,Wednesday,6AM-10:20PM,06:00,22:30,FALSE,standard
ChIJ93hXYyfHBZERcjGFyxcuVdE,Thursday,6AM-10:20PM,06:00,22:30,FALSE,standard
ChIJ93hXYyfHBZERcjGFyxcuVdE,Friday,6AM-10:20PM,06:00,22:30,FALSE,standard
ChIJ93hXYyfHBZERcjGFyxcuVdE,Saturday,8:30AM-6:20PM,08:30,18:30,FALSE,standard
ChIJ93hXYyfHBZERcjGFyxcuVdE,Sunday,9AM-1PM,09:00,13:00,FALSE,standard
ChIJ95fwUFe5BZERNKqeERCzfFI,Monday,5-7AM,05:00,07:00,FALSE,standard
ChIJ95fwUFe5BZERNKqeERCzfFI,Tuesday,Closed,NA,NA,TRUE,closed
ChIJ95fwUFe5BZERNKqeERCzfFI,Wednesday,5-7AM,05:00,07:00,FALSE,standard
ChIJ95fwUFe5BZERNKqeERCzfFI,Thursday,Closed,NA,NA,TRUE,closed
ChIJ95fwUFe5BZERNKqeERCzfFI,Friday,5-7AM,05:00,07:00,FALSE,standard
ChIJ95fwUFe5BZERNKqeERCzfFI,Saturday,Closed,NA,NA,TRUE,closed
ChIJ95fwUFe5BZERNKqeERCzfFI,Sunday,Closed,NA,NA,TRUE,closed
ChIJ978EWfa5BZERiREZ7hbxVA0,Monday,Closed,NA,NA,TRUE,closed
ChIJ978EWfa5BZERiREZ7hbxVA0,Tuesday,7:45-10PM,08:00,22:00,FALSE,standard
ChIJ978EWfa5BZERiREZ7hbxVA0,Wednesday,Closed,NA,NA,TRUE,closed
ChIJ978EWfa5BZERiREZ7hbxVA0,Thursday,7:45-10PM,08:00,22:00,FALSE,standard
ChIJ978EWfa5BZERiREZ7hbxVA0,Friday,Closed,NA,NA,TRUE,closed
ChIJ978EWfa5BZERiREZ7hbxVA0,Saturday,Closed,NA,NA,TRUE,closed
ChIJ978EWfa5BZERiREZ7hbxVA0,Sunday,Closed,NA,NA,TRUE,closed
ChIJ9QBFvzyfBZERfeRaigDBmh8,Monday,7AM-8PM,07:00,20:00,FALSE,standard
ChIJ9QBFvzyfBZERfeRaigDBmh8,Tuesday,7AM-8PM,07:00,20:00,FALSE,standard
ChIJ9QBFvzyfBZERfeRaigDBmh8,Wednesday,7AM-8PM,07:00,20:00,FALSE,standard
ChIJ9QBFvzyfBZERfeRaigDBmh8,Thursday,7AM-8PM,07:00,20:00,FALSE,standard
ChIJ9QBFvzyfBZERfeRaigDBmh8,Friday,7AM-8PM,07:00,20:00,FALSE,standard
ChIJ9QBFvzyfBZERfeRaigDBmh8,Saturday,7AM-8PM,07:00,20:00,FALSE,standard
ChIJ9QBFvzyfBZERfeRaigDBmh8,Sunday,7AM-8PM,07:00,20:00,FALSE,standard
ChIJA-eyd8bIBZERzlDlMoT-BUo,Monday,6AM-11PM,06:00,23:00,FALSE,standard
ChIJA-eyd8bIBZERzlDlMoT-BUo,Tuesday,6AM-11PM,06:00,23:00,FALSE,standard
ChIJA-eyd8bIBZERzlDlMoT-BUo,Wednesday,6AM-11PM,06:00,23:00,FALSE,standard
ChIJA-eyd8bIBZERzlDlMoT-BUo,Thursday,6AM-11PM,06:00,23:00,FALSE,standard
ChIJA-eyd8bIBZERzlDlMoT-BUo,Friday,6AM-11PM,06:00,23:00,FALSE,standard
ChIJA-eyd8bIBZERzlDlMoT-BUo,Saturday,7AM-8PM,07:00,20:00,FALSE,standard
ChIJA-eyd8bIBZERzlDlMoT-BUo,Sunday,Closed,NA,NA,TRUE,closed
ChIJAQXOKwvNBZERqF_wMqqlaZc,Monday,NA,NA,NA,TRUE,missing
ChIJAQXOKwvNBZERqF_wMqqlaZc,Tuesday,NA,NA,NA,TRUE,missing
ChIJAQXOKwvNBZERqF_wMqqlaZc,Wednesday,NA,NA,NA,TRUE,missing
ChIJAQXOKwvNBZERqF_wMqqlaZc,Thursday,NA,NA,NA,TRUE,missing
ChIJAQXOKwvNBZERqF_wMqqlaZc,Friday,NA,NA,NA,TRUE,missing
ChIJAQXOKwvNBZERqF_wMqqlaZc,Saturday,NA,NA,NA,TRUE,missing
ChIJAQXOKwvNBZERqF_wMqqlaZc,Sunday,NA,NA,NA,TRUE,missing
ChIJARxB5svRBZERNPsy3ne2Cns,Monday,8-10PM,08:00,22:00,FALSE,standard
ChIJARxB5svRBZERNPsy3ne2Cns,Tuesday,6-8PM,06:00,20:00,FALSE,standard
ChIJARxB5svRBZERNPsy3ne2Cns,Wednesday,8-10PM,08:00,22:00,FALSE,standard
ChIJARxB5svRBZERNPsy3ne2Cns,Thursday,6-8PM,06:00,20:00,FALSE,standard
ChIJARxB5svRBZERNPsy3ne2Cns,Friday,6-8PM,06:00,20:00,FALSE,standard
ChIJARxB5svRBZERNPsy3ne2Cns,Saturday,9:30AM-1:30PM,09:30,13:30,FALSE,standard
ChIJARxB5svRBZERNPsy3ne2Cns,Sunday,9:30AM-1:30PM,09:30,13:30,FALSE,standard
ChIJBTqvMrvOBZERKOlujH1mxM8,Monday,9AM-10:30PM,09:00,22:30,FALSE,standard
ChIJBTqvMrvOBZERKOlujH1mxM8,Tuesday,9AM-10:30PM,09:00,22:30,FALSE,standard
ChIJBTqvMrvOBZERKOlujH1mxM8,Wednesday,9AM-10:30PM,09:00,22:30,FALSE,standard
ChIJBTqvMrvOBZERKOlujH1mxM8,Thursday,9AM-10:30PM,09:00,22:30,FALSE,standard
ChIJBTqvMrvOBZERKOlujH1mxM8,Friday,9AM-10:30PM,09:00,22:30,FALSE,standard
ChIJBTqvMrvOBZERKOlujH1mxM8,Saturday,9AM-10:30PM,09:00,22:30,FALSE,standard
ChIJBTqvMrvOBZERKOlujH1mxM8,Sunday,Closed,NA,NA,TRUE,closed
ChIJBWk2LFfHBZEReyxW8Pzqrnc,Monday,6AM-11PM,06:00,23:00,FALSE,standard
ChIJBWk2LFfHBZEReyxW8Pzqrnc,Tuesday,6AM-11PM,06:00,23:00,FALSE,standard
ChIJBWk2LFfHBZEReyxW8Pzqrnc,Wednesday,6AM-11PM,06:00,23:00,FALSE,standard
ChIJBWk2LFfHBZEReyxW8Pzqrnc,Thursday,6AM-11PM,06:00,23:00,FALSE,standard
ChIJBWk2LFfHBZEReyxW8Pzqrnc,Friday,6AM-11PM,06:00,23:00,FALSE,standard
ChIJBWk2LFfHBZEReyxW8Pzqrnc,Saturday,8AM-1PM,08:00,13:00,FALSE,standard
ChIJBWk2LFfHBZEReyxW8Pzqrnc,Sunday,Closed,NA,NA,TRUE,closed
ChIJBwYcZrjFBZERCoxUbCbvnRw,Monday,8AM-9:30PM,08:00,21:30,FALSE,standard
ChIJBwYcZrjFBZERCoxUbCbvnRw,Tuesday,8AM-9:30PM,08:00,21:30,FALSE,standard
ChIJBwYcZrjFBZERCoxUbCbvnRw,Wednesday,8AM-9:30PM,08:00,21:30,FALSE,standard
ChIJBwYcZrjFBZERCoxUbCbvnRw,Thursday,8AM-9:30PM,08:00,21:30,FALSE,standard
ChIJBwYcZrjFBZERCoxUbCbvnRw,Friday,8AM-9:30PM,08:00,21:30,FALSE,standard
ChIJBwYcZrjFBZERCoxUbCbvnRw,Saturday,8AM-9:30PM,08:00,21:30,FALSE,standard
ChIJBwYcZrjFBZERCoxUbCbvnRw,Sunday,8AM-9:30PM,08:00,21:30,FALSE,standard
ChIJBzhPuPrPBZERLz7z0Txc60c,Monday,4-10:30PM,04:00,22:30,FALSE,standard
ChIJBzhPuPrPBZERLz7z0Txc60c,Tuesday,4-10:30PM,04:00,22:30,FALSE,standard
ChIJBzhPuPrPBZERLz7z0Txc60c,Wednesday,4-8:30PM,04:00,20:30,FALSE,standard
ChIJBzhPuPrPBZERLz7z0Txc60c,Thursday,4-10:30PM,04:00,22:30,FALSE,standard
ChIJBzhPuPrPBZERLz7z0Txc60c,Friday,4-10:30PM,04:00,22:30,FALSE,standard
ChIJBzhPuPrPBZERLz7z0Txc60c,Saturday,4-6PM,04:00,18:00,FALSE,standard
ChIJBzhPuPrPBZERLz7z0Txc60c,Sunday,Closed,NA,NA,TRUE,closed
ChIJCZ9ET-npBZERmwkARU697XA,Monday,NA,NA,NA,TRUE,missing
ChIJCZ9ET-npBZERmwkARU697XA,Tuesday,NA,NA,NA,TRUE,missing
ChIJCZ9ET-npBZERmwkARU697XA,Wednesday,NA,NA,NA,TRUE,missing
ChIJCZ9ET-npBZERmwkARU697XA,Thursday,NA,NA,NA,TRUE,missing
ChIJCZ9ET-npBZERmwkARU697XA,Friday,NA,NA,NA,TRUE,missing
ChIJCZ9ET-npBZERmwkARU697XA,Saturday,NA,NA,NA,TRUE,missing
ChIJCZ9ET-npBZERmwkARU697XA,Sunday,NA,NA,NA,TRUE,missing
ChIJCb45ex3JBZERc1ODq5sRUPU,Monday,6AM-9PM,06:00,21:00,FALSE,standard
ChIJCb45ex3JBZERc1ODq5sRUPU,Tuesday,6AM-9PM,06:00,21:00,FALSE,standard
ChIJCb45ex3JBZERc1ODq5sRUPU,Wednesday,6AM-9PM,06:00,21:00,FALSE,standard
ChIJCb45ex3JBZERc1ODq5sRUPU,Thursday,6AM-9PM,06:00,21:00,FALSE,standard
ChIJCb45ex3JBZERc1ODq5sRUPU,Friday,6AM-9PM,06:00,21:00,FALSE,standard
ChIJCb45ex3JBZERc1ODq5sRUPU,Saturday,Closed,NA,NA,TRUE,closed
ChIJCb45ex3JBZERc1ODq5sRUPU,Sunday,Closed,NA,NA,TRUE,closed
ChIJD6btPMbHBZER9x_64LBItW0,Monday,"11:30AM-12:30PM,6:30-9PM",06:30,21:00,FALSE,standard
ChIJD6btPMbHBZER9x_64LBItW0,Tuesday,"6:30-7:30AM,6-9PM",06:00,21:00,FALSE,standard
ChIJD6btPMbHBZER9x_64LBItW0,Wednesday,"11:30AM-12:30PM,6:30-9PM",06:30,21:00,FALSE,standard
ChIJD6btPMbHBZER9x_64LBItW0,Thursday,"6:30-7:30AM,6-9PM",06:00,21:00,FALSE,standard
ChIJD6btPMbHBZER9x_64LBItW0,Friday,6:30-9PM,06:30,21:00,FALSE,standard
ChIJD6btPMbHBZER9x_64LBItW0,Saturday,7:30-8:30AM,07:30,08:30,FALSE,standard
ChIJD6btPMbHBZER9x_64LBItW0,Sunday,Closed,NA,NA,TRUE,closed
ChIJDYJJFte9BZERJbEyFnQ5e9I,Monday,8AM-9:30PM,08:00,21:30,FALSE,standard
ChIJDYJJFte9BZERJbEyFnQ5e9I,Tuesday,8AM-9:30PM,08:00,21:30,FALSE,standard
ChIJDYJJFte9BZERJbEyFnQ5e9I,Wednesday,8AM-9:30PM,08:00,21:30,FALSE,standard
ChIJDYJJFte9BZERJbEyFnQ5e9I,Thursday,8AM-9:30PM,08:00,21:30,FALSE,standard
ChIJDYJJFte9BZERJbEyFnQ5e9I,Friday,8AM-9:30PM,08:00,21:30,FALSE,standard
ChIJDYJJFte9BZERJbEyFnQ5e9I,Saturday,8AM-9:30PM,08:00,21:30,FALSE,standard
ChIJDYJJFte9BZERJbEyFnQ5e9I,Sunday,8AM-9:30PM,08:00,21:30,FALSE,standard
ChIJERtB_gzJBZERgcXx1-xaPVE,Monday,6:30AM-10:20PM,06:30,22:30,FALSE,standard
ChIJERtB_gzJBZERgcXx1-xaPVE,Tuesday,6:30AM-10:20PM,06:30,22:30,FALSE,standard
ChIJERtB_gzJBZERgcXx1-xaPVE,Wednesday,6:30AM-10:20PM,06:30,22:30,FALSE,standard
ChIJERtB_gzJBZERgcXx1-xaPVE,Thursday,6:30AM-10:20PM,06:30,22:30,FALSE,standard
ChIJERtB_gzJBZERgcXx1-xaPVE,Friday,6:30AM-10:20PM,06:30,22:30,FALSE,standard
ChIJERtB_gzJBZERgcXx1-xaPVE,Saturday,8:30AM-6:20PM,08:30,18:30,FALSE,standard
ChIJERtB_gzJBZERgcXx1-xaPVE,Sunday,8AM-12PM,08:00,12:00,FALSE,standard
ChIJEXKqbTO3BZER3euLTELXG_U,Monday,6:30-10AM,06:30,10:00,FALSE,standard
ChIJEXKqbTO3BZER3euLTELXG_U,Tuesday,6:30-10AM,06:30,10:00,FALSE,standard
ChIJEXKqbTO3BZER3euLTELXG_U,Wednesday,6:30-10AM,06:30,10:00,FALSE,standard
ChIJEXKqbTO3BZER3euLTELXG_U,Thursday,6:30-10AM,06:30,10:00,FALSE,standard
ChIJEXKqbTO3BZER3euLTELXG_U,Friday,6:30-10AM,06:30,10:00,FALSE,standard
ChIJEXKqbTO3BZER3euLTELXG_U,Saturday,12PM-4AM,12:00,04:00,FALSE,standard
ChIJEXKqbTO3BZER3euLTELXG_U,Sunday,Closed,NA,NA,TRUE,closed
ChIJEXuVY_i3BZER08CWMOYLlzA,Monday,"6AM-12:30PM,6:30-9PM",06:00,21:00,FALSE,standard
ChIJEXuVY_i3BZER08CWMOYLlzA,Tuesday,"6AM-12:30PM,6:30-9PM",06:00,21:00,FALSE,standard
ChIJEXuVY_i3BZER08CWMOYLlzA,Wednesday,"6AM-12:30PM,6-9PM",06:00,21:00,FALSE,standard
ChIJEXuVY_i3BZER08CWMOYLlzA,Thursday,"6AM-12:30PM,6-9PM",06:00,21:00,FALSE,standard
ChIJEXuVY_i3BZER08CWMOYLlzA,Friday,"6AM-12:30PM,6-9PM",06:00,21:00,FALSE,standard
ChIJEXuVY_i3BZER08CWMOYLlzA,Saturday,Closed,NA,NA,TRUE,closed
ChIJEXuVY_i3BZER08CWMOYLlzA,Sunday,Closed,NA,NA,TRUE,closed
ChIJEzX-loTLBZER0JUz0_GZeRM,Monday,NA,NA,NA,TRUE,missing
ChIJEzX-loTLBZER0JUz0_GZeRM,Tuesday,NA,NA,NA,TRUE,missing
ChIJEzX-loTLBZER0JUz0_GZeRM,Wednesday,NA,NA,NA,TRUE,missing
ChIJEzX-loTLBZER0JUz0_GZeRM,Thursday,NA,NA,NA,TRUE,missing
ChIJEzX-loTLBZER0JUz0_GZeRM,Friday,NA,NA,NA,TRUE,missing
ChIJEzX-loTLBZER0JUz0_GZeRM,Saturday,NA,NA,NA,TRUE,missing
ChIJEzX-loTLBZER0JUz0_GZeRM,Sunday,NA,NA,NA,TRUE,missing
ChIJFRt8un67BZERRhMFNLShgtI,Monday,NA,NA,NA,TRUE,missing
ChIJFRt8un67BZERRhMFNLShgtI,Tuesday,NA,NA,NA,TRUE,missing
ChIJFRt8un67BZERRhMFNLShgtI,Wednesday,NA,NA,NA,TRUE,missing
ChIJFRt8un67BZERRhMFNLShgtI,Thursday,NA,NA,NA,TRUE,missing
ChIJFRt8un67BZERRhMFNLShgtI,Friday,NA,NA,NA,TRUE,missing
ChIJFRt8un67BZERRhMFNLShgtI,Saturday,NA,NA,NA,TRUE,missing
ChIJFRt8un67BZERRhMFNLShgtI,Sunday,NA,NA,NA,TRUE,missing
ChIJG05Mh_DHBZERetDpq21KTFw,Monday,9AM-9PM,09:00,21:00,FALSE,standard
ChIJG05Mh_DHBZERetDpq21KTFw,Tuesday,6AM-10PM,06:00,22:00,FALSE,standard
ChIJG05Mh_DHBZERetDpq21KTFw,Wednesday,9AM-9PM,09:00,21:00,FALSE,standard
ChIJG05Mh_DHBZERetDpq21KTFw,Thursday,6AM-10PM,06:00,22:00,FALSE,standard
ChIJG05Mh_DHBZERetDpq21KTFw,Friday,9AM-10PM,09:00,22:00,FALSE,standard
ChIJG05Mh_DHBZERetDpq21KTFw,Saturday,9AM-12PM,09:00,12:00,FALSE,standard
ChIJG05Mh_DHBZERetDpq21KTFw,Sunday,10-11:30AM,10:00,11:30,FALSE,standard
ChIJG1UHBFrJBZERLbEeqYaaKuY,Monday,6:30AM-9:30PM,06:30,21:30,FALSE,standard
ChIJG1UHBFrJBZERLbEeqYaaKuY,Tuesday,6:30AM-5:30PM,06:30,17:30,FALSE,standard
ChIJG1UHBFrJBZERLbEeqYaaKuY,Wednesday,6:30AM-9:30PM,06:30,21:30,FALSE,standard
ChIJG1UHBFrJBZERLbEeqYaaKuY,Thursday,6:30AM-5:30PM,06:30,17:30,FALSE,standard
ChIJG1UHBFrJBZERLbEeqYaaKuY,Friday,6:30AM-9:30PM,06:30,21:30,FALSE,standard
ChIJG1UHBFrJBZERLbEeqYaaKuY,Saturday,6:30AM-9:30PM,06:30,21:30,FALSE,standard
ChIJG1UHBFrJBZERLbEeqYaaKuY,Sunday,6:30AM-1PM,06:30,13:00,FALSE,standard
ChIJG9kQoXbJBZER3AlWHo88KO4,Monday,7:30-9PM,07:30,21:00,FALSE,standard
ChIJG9kQoXbJBZER3AlWHo88KO4,Tuesday,6:30-8AM,06:30,08:00,FALSE,standard
ChIJG9kQoXbJBZER3AlWHo88KO4,Wednesday,"6:30-8AM,6-9:30PM",06:00,21:30,FALSE,standard
ChIJG9kQoXbJBZER3AlWHo88KO4,Thursday,6:30-8AM,06:30,08:00,FALSE,standard
ChIJG9kQoXbJBZER3AlWHo88KO4,Friday,7:30-9PM,07:30,21:00,FALSE,standard
ChIJG9kQoXbJBZER3AlWHo88KO4,Saturday,7-8:30AM,07:00,08:30,FALSE,standard
ChIJG9kQoXbJBZER3AlWHo88KO4,Sunday,10AM-1:10PM,10:00,13:00,FALSE,standard
ChIJGy2VpEjPBZERRuN81xfxeJc,Monday,"8AM-2PM,5-9:30PM",05:00,21:30,FALSE,standard
ChIJGy2VpEjPBZERRuN81xfxeJc,Tuesday,"8AM-2PM,5-9:30PM",05:00,21:30,FALSE,standard
ChIJGy2VpEjPBZERRuN81xfxeJc,Wednesday,"8AM-2PM,5-9:30PM",05:00,21:30,FALSE,standard
ChIJGy2VpEjPBZERRuN81xfxeJc,Thursday,"8AM-2PM,5-9:30PM",05:00,21:30,FALSE,standard
ChIJGy2VpEjPBZERRuN81xfxeJc,Friday,"8AM-2PM,5-9:30PM",05:00,21:30,FALSE,standard
ChIJGy2VpEjPBZERRuN81xfxeJc,Saturday,10AM-2PM,10:00,14:00,FALSE,standard
ChIJGy2VpEjPBZERRuN81xfxeJc,Sunday,Closed,NA,NA,TRUE,closed
ChIJH-p69sm3BZERtabzgMfhqW0,Monday,4:30PM-12AM,16:30,00:00,FALSE,standard
ChIJH-p69sm3BZERtabzgMfhqW0,Tuesday,"12-8:30AM,4:30-7:30PM",04:30,19:30,FALSE,standard
ChIJH-p69sm3BZERtabzgMfhqW0,Wednesday,4:30PM-12AM,16:30,00:00,FALSE,standard
ChIJH-p69sm3BZERtabzgMfhqW0,Thursday,"12-8:30AM,4:30-7:30PM",04:30,19:30,FALSE,standard
ChIJH-p69sm3BZERtabzgMfhqW0,Friday,7-9AM,07:00,09:00,FALSE,standard
ChIJH-p69sm3BZERtabzgMfhqW0,Saturday,Closed,NA,NA,TRUE,closed
ChIJH-p69sm3BZERtabzgMfhqW0,Sunday,Closed,NA,NA,TRUE,closed
ChIJH2ACIMDPBZERfhs_s1bpIRM,Monday,7:30-10PM,07:30,22:00,FALSE,standard
ChIJH2ACIMDPBZERfhs_s1bpIRM,Tuesday,7:30-10PM,07:30,22:00,FALSE,standard
ChIJH2ACIMDPBZERfhs_s1bpIRM,Wednesday,7:30-10PM,07:30,22:00,FALSE,standard
ChIJH2ACIMDPBZERfhs_s1bpIRM,Thursday,7:30-10PM,07:30,22:00,FALSE,standard
ChIJH2ACIMDPBZERfhs_s1bpIRM,Friday,7:30-10PM,07:30,22:00,FALSE,standard
ChIJH2ACIMDPBZERfhs_s1bpIRM,Saturday,Closed,NA,NA,TRUE,closed
ChIJH2ACIMDPBZERfhs_s1bpIRM,Sunday,Closed,NA,NA,TRUE,closed
ChIJHbWmE0zFBZERzpHMxHI3tJU,Monday,9AM-9PM,09:00,21:00,FALSE,standard
ChIJHbWmE0zFBZERzpHMxHI3tJU,Tuesday,3:30-9PM,03:30,21:00,FALSE,standard
ChIJHbWmE0zFBZERzpHMxHI3tJU,Wednesday,9AM-9PM,09:00,21:00,FALSE,standard
ChIJHbWmE0zFBZERzpHMxHI3tJU,Thursday,3:30-9PM,03:30,21:00,FALSE,standard
ChIJHbWmE0zFBZERzpHMxHI3tJU,Friday,9AM-9:30PM,09:00,21:30,FALSE,standard
ChIJHbWmE0zFBZERzpHMxHI3tJU,Saturday,Closed,NA,NA,TRUE,closed
ChIJHbWmE0zFBZERzpHMxHI3tJU,Sunday,Closed,NA,NA,TRUE,closed
ChIJIxkhu37HBZEROfIG-FHuJYM,Monday,6AM-11PM,06:00,23:00,FALSE,standard
ChIJIxkhu37HBZEROfIG-FHuJYM,Tuesday,6AM-11PM,06:00,23:00,FALSE,standard
ChIJIxkhu37HBZEROfIG-FHuJYM,Wednesday,6AM-11PM,06:00,23:00,FALSE,standard
ChIJIxkhu37HBZEROfIG-FHuJYM,Thursday,6AM-11PM,06:00,23:00,FALSE,standard
ChIJIxkhu37HBZEROfIG-FHuJYM,Friday,6AM-11PM,06:00,23:00,FALSE,standard
ChIJIxkhu37HBZEROfIG-FHuJYM,Saturday,6AM-11PM,06:00,23:00,FALSE,standard
ChIJIxkhu37HBZEROfIG-FHuJYM,Sunday,6AM-11PM,06:00,23:00,FALSE,standard
ChIJJ-HrgETHBZERj90CNmOWPh4,Monday,6:30AM-8:30PM,06:30,20:30,FALSE,standard
ChIJJ-HrgETHBZERj90CNmOWPh4,Tuesday,6:30AM-8:30PM,06:30,20:30,FALSE,standard
ChIJJ-HrgETHBZERj90CNmOWPh4,Wednesday,6:30AM-8:30PM,06:30,20:30,FALSE,standard
ChIJJ-HrgETHBZERj90CNmOWPh4,Thursday,6:30AM-8:30PM,06:30,20:30,FALSE,standard
ChIJJ-HrgETHBZERj90CNmOWPh4,Friday,6:30AM-8:30PM,06:30,20:30,FALSE,standard
ChIJJ-HrgETHBZERj90CNmOWPh4,Saturday,Closed,NA,NA,TRUE,closed
ChIJJ-HrgETHBZERj90CNmOWPh4,Sunday,Closed,NA,NA,TRUE,closed
ChIJK54LUY6ZBZERR-WxLMqnM2I,Monday,"7-10AM,5-10PM",05:00,22:00,FALSE,standard
ChIJK54LUY6ZBZERR-WxLMqnM2I,Tuesday,"7-10AM,5-10PM",05:00,22:00,FALSE,standard
ChIJK54LUY6ZBZERR-WxLMqnM2I,Wednesday,"7-10AM,5-10PM",05:00,22:00,FALSE,standard
ChIJK54LUY6ZBZERR-WxLMqnM2I,Thursday,"7-10AM,5-10PM",05:00,22:00,FALSE,standard
ChIJK54LUY6ZBZERR-WxLMqnM2I,Friday,"7-10AM,5-10PM",05:00,22:00,FALSE,standard
ChIJK54LUY6ZBZERR-WxLMqnM2I,Saturday,Closed,NA,NA,TRUE,closed
ChIJK54LUY6ZBZERR-WxLMqnM2I,Sunday,Closed,NA,NA,TRUE,closed
ChIJK8LnTOjFBZERBwnyzoHB4IY,Monday,5-10PM,05:00,22:00,FALSE,standard
ChIJK8LnTOjFBZERBwnyzoHB4IY,Tuesday,5-10PM,05:00,22:00,FALSE,standard
ChIJK8LnTOjFBZERBwnyzoHB4IY,Wednesday,5-10PM,05:00,22:00,FALSE,standard
ChIJK8LnTOjFBZERBwnyzoHB4IY,Thursday,5-10PM,05:00,22:00,FALSE,standard
ChIJK8LnTOjFBZERBwnyzoHB4IY,Friday,5-10PM,05:00,22:00,FALSE,standard
ChIJK8LnTOjFBZERBwnyzoHB4IY,Saturday,10AM-6PM,10:00,18:00,FALSE,standard
ChIJK8LnTOjFBZERBwnyzoHB4IY,Sunday,Closed,NA,NA,TRUE,closed
ChIJKaKtOJLTBZERIcXehVZ4ODk,Monday,NA,NA,NA,TRUE,missing
ChIJKaKtOJLTBZERIcXehVZ4ODk,Tuesday,NA,NA,NA,TRUE,missing
ChIJKaKtOJLTBZERIcXehVZ4ODk,Wednesday,NA,NA,NA,TRUE,missing
ChIJKaKtOJLTBZERIcXehVZ4ODk,Thursday,NA,NA,NA,TRUE,missing
ChIJKaKtOJLTBZERIcXehVZ4ODk,Friday,NA,NA,NA,TRUE,missing
ChIJKaKtOJLTBZERIcXehVZ4ODk,Saturday,NA,NA,NA,TRUE,missing
ChIJKaKtOJLTBZERIcXehVZ4ODk,Sunday,NA,NA,NA,TRUE,missing
ChIJKesXee25BZERRTPN-SaAGX4,Monday,Closed,NA,NA,TRUE,closed
ChIJKesXee25BZERRTPN-SaAGX4,Tuesday,6:30-10PM,06:30,22:00,FALSE,standard
ChIJKesXee25BZERRTPN-SaAGX4,Wednesday,Closed,NA,NA,TRUE,closed
ChIJKesXee25BZERRTPN-SaAGX4,Thursday,6:30-10PM,06:30,22:00,FALSE,standard
ChIJKesXee25BZERRTPN-SaAGX4,Friday,Closed,NA,NA,TRUE,closed
ChIJKesXee25BZERRTPN-SaAGX4,Saturday,6:30-10PM,06:30,22:00,FALSE,standard
ChIJKesXee25BZERRTPN-SaAGX4,Sunday,Closed,NA,NA,TRUE,closed
ChIJM6SvQ-3JBZERvH2XIwsA4kY,Monday,"7-8:30AM,4:30-9:30PM",04:30,21:30,FALSE,standard
ChIJM6SvQ-3JBZERvH2XIwsA4kY,Tuesday,"7-8:30AM,6-10PM",06:00,22:00,FALSE,standard
ChIJM6SvQ-3JBZERvH2XIwsA4kY,Wednesday,"7-8:30AM,4:30-9:30PM",04:30,21:30,FALSE,standard
ChIJM6SvQ-3JBZERvH2XIwsA4kY,Thursday,"7-8:30AM,6-10PM",06:00,22:00,FALSE,standard
ChIJM6SvQ-3JBZERvH2XIwsA4kY,Friday,4:30-9:30PM,04:30,21:30,FALSE,standard
ChIJM6SvQ-3JBZERvH2XIwsA4kY,Saturday,Closed,NA,NA,TRUE,closed
ChIJM6SvQ-3JBZERvH2XIwsA4kY,Sunday,Closed,NA,NA,TRUE,closed
ChIJMWm_TyDFBZERPAmzxjVEhbo,Monday,9AM-10PM,09:00,22:00,FALSE,standard
ChIJMWm_TyDFBZERPAmzxjVEhbo,Tuesday,9AM-10PM,09:00,22:00,FALSE,standard
ChIJMWm_TyDFBZERPAmzxjVEhbo,Wednesday,9AM-10PM,09:00,22:00,FALSE,standard
ChIJMWm_TyDFBZERPAmzxjVEhbo,Thursday,9AM-10PM,09:00,22:00,FALSE,standard
ChIJMWm_TyDFBZERPAmzxjVEhbo,Friday,9AM-10PM,09:00,22:00,FALSE,standard
ChIJMWm_TyDFBZERPAmzxjVEhbo,Saturday,9AM-10PM,09:00,22:00,FALSE,standard
ChIJMWm_TyDFBZERPAmzxjVEhbo,Sunday,Closed,NA,NA,TRUE,closed
ChIJMdRaup_PBZERDM9AVTMzd6w,Monday,8AM-6PM,08:00,18:00,FALSE,standard
ChIJMdRaup_PBZERDM9AVTMzd6w,Tuesday,8AM-6PM,08:00,18:00,FALSE,standard
ChIJMdRaup_PBZERDM9AVTMzd6w,Wednesday,8AM-6PM,08:00,18:00,FALSE,standard
ChIJMdRaup_PBZERDM9AVTMzd6w,Thursday,8AM-6PM,08:00,18:00,FALSE,standard
ChIJMdRaup_PBZERDM9AVTMzd6w,Friday,8AM-6PM,08:00,18:00,FALSE,standard
ChIJMdRaup_PBZERDM9AVTMzd6w,Saturday,8AM-1PM,08:00,13:00,FALSE,standard
ChIJMdRaup_PBZERDM9AVTMzd6w,Sunday,Closed,NA,NA,TRUE,closed
ChIJN3QsxCbPBZERgR2YabPmQbA,Monday,NA,NA,NA,TRUE,missing
ChIJN3QsxCbPBZERgR2YabPmQbA,Tuesday,NA,NA,NA,TRUE,missing
ChIJN3QsxCbPBZERgR2YabPmQbA,Wednesday,NA,NA,NA,TRUE,missing
ChIJN3QsxCbPBZERgR2YabPmQbA,Thursday,NA,NA,NA,TRUE,missing
ChIJN3QsxCbPBZERgR2YabPmQbA,Friday,NA,NA,NA,TRUE,missing
ChIJN3QsxCbPBZERgR2YabPmQbA,Saturday,NA,NA,NA,TRUE,missing
ChIJN3QsxCbPBZERgR2YabPmQbA,Sunday,NA,NA,NA,TRUE,missing
ChIJN5ZmqUjDBZERfg6CAsw_DIk,Monday,5-9:30PM,05:00,21:30,FALSE,standard
ChIJN5ZmqUjDBZERfg6CAsw_DIk,Tuesday,6:30-9:30PM,06:30,21:30,FALSE,standard
ChIJN5ZmqUjDBZERfg6CAsw_DIk,Wednesday,5-9:30PM,05:00,21:30,FALSE,standard
ChIJN5ZmqUjDBZERfg6CAsw_DIk,Thursday,6:30-9:30PM,06:30,21:30,FALSE,standard
ChIJN5ZmqUjDBZERfg6CAsw_DIk,Friday,5:30-9:30PM,05:30,21:30,FALSE,standard
ChIJN5ZmqUjDBZERfg6CAsw_DIk,Saturday,Closed,NA,NA,TRUE,closed
ChIJN5ZmqUjDBZERfg6CAsw_DIk,Sunday,Closed,NA,NA,TRUE,closed
ChIJN9wzg_zRBZERNZr_IawriMM,Monday,11AM-9:30PM,11:00,21:30,FALSE,standard
ChIJN9wzg_zRBZERNZr_IawriMM,Tuesday,11AM-9:30PM,11:00,21:30,FALSE,standard
ChIJN9wzg_zRBZERNZr_IawriMM,Wednesday,11AM-9:30PM,11:00,21:30,FALSE,standard
ChIJN9wzg_zRBZERNZr_IawriMM,Thursday,11AM-9:30PM,11:00,21:30,FALSE,standard
ChIJN9wzg_zRBZERNZr_IawriMM,Friday,11AM-9:30PM,11:00,21:30,FALSE,standard
ChIJN9wzg_zRBZERNZr_IawriMM,Saturday,11AM-3PM,11:00,15:00,FALSE,standard
ChIJN9wzg_zRBZERNZr_IawriMM,Sunday,Closed,NA,NA,TRUE,closed
ChIJNeMy2jDJBZERawYM4lCPlLc,Monday,"6:30-8AM,4-5:30PM,8-9:30PM",04:00,21:30,FALSE,standard
ChIJNeMy2jDJBZERawYM4lCPlLc,Tuesday,"6:30-8AM,4-5:30PM,8-9:30PM",04:00,21:30,FALSE,standard
ChIJNeMy2jDJBZERawYM4lCPlLc,Wednesday,"6:30-8AM,4-5:30PM,8-9:30PM",04:00,21:30,FALSE,standard
ChIJNeMy2jDJBZERawYM4lCPlLc,Thursday,"6:30-8AM,4-5:30PM,8-9:30PM",04:00,21:30,FALSE,standard
ChIJNeMy2jDJBZERawYM4lCPlLc,Friday,"6:30-8AM,4-5:30PM,8-9:30PM",04:00,21:30,FALSE,standard
ChIJNeMy2jDJBZERawYM4lCPlLc,Saturday,11AM-1PM,11:00,13:00,FALSE,standard
ChIJNeMy2jDJBZERawYM4lCPlLc,Sunday,Closed,NA,NA,TRUE,closed
ChIJNwNYneXPBZERvnx_1rWKLmQ,Monday,6AM-10:15PM,06:00,22:00,FALSE,standard
ChIJNwNYneXPBZERvnx_1rWKLmQ,Tuesday,6AM-10:15PM,06:00,22:00,FALSE,standard
ChIJNwNYneXPBZERvnx_1rWKLmQ,Wednesday,6AM-10:15PM,06:00,22:00,FALSE,standard
ChIJNwNYneXPBZERvnx_1rWKLmQ,Thursday,6AM-10:15PM,06:00,22:00,FALSE,standard
ChIJNwNYneXPBZERvnx_1rWKLmQ,Friday,6AM-10:15PM,06:00,22:00,FALSE,standard
ChIJNwNYneXPBZERvnx_1rWKLmQ,Saturday,6AM-9PM,06:00,21:00,FALSE,standard
ChIJNwNYneXPBZERvnx_1rWKLmQ,Sunday,10AM-3PM,10:00,15:00,FALSE,standard
ChIJOWUMw77PBZERy8POn-61MWk,Monday,"6-10AM,3-10PM",03:00,22:00,FALSE,standard
ChIJOWUMw77PBZERy8POn-61MWk,Tuesday,"6-10AM,3-10PM",03:00,22:00,FALSE,standard
ChIJOWUMw77PBZERy8POn-61MWk,Wednesday,"6-10AM,3-10PM",03:00,22:00,FALSE,standard
ChIJOWUMw77PBZERy8POn-61MWk,Thursday,"6-10AM,3-10PM",03:00,22:00,FALSE,standard
ChIJOWUMw77PBZERy8POn-61MWk,Friday,"6-10AM,3-10PM",03:00,22:00,FALSE,standard
ChIJOWUMw77PBZERy8POn-61MWk,Saturday,3-8PM,03:00,20:00,FALSE,standard
ChIJOWUMw77PBZERy8POn-61MWk,Sunday,Closed,NA,NA,TRUE,closed
ChIJOfOF4ui9BZERNEHtLiFSW_U,Monday,Open 24 hours,00:00,23:59,FALSE,24hrs
ChIJOfOF4ui9BZERNEHtLiFSW_U,Tuesday,Open 24 hours,00:00,23:59,FALSE,24hrs
ChIJOfOF4ui9BZERNEHtLiFSW_U,Wednesday,Open 24 hours,00:00,23:59,FALSE,24hrs
ChIJOfOF4ui9BZERNEHtLiFSW_U,Thursday,Open 24 hours,00:00,23:59,FALSE,24hrs
ChIJOfOF4ui9BZERNEHtLiFSW_U,Friday,Open 24 hours,00:00,23:59,FALSE,24hrs
ChIJOfOF4ui9BZERNEHtLiFSW_U,Saturday,Closed,NA,NA,TRUE,closed
ChIJOfOF4ui9BZERNEHtLiFSW_U,Sunday,Closed,NA,NA,TRUE,closed
ChIJOfVTLj_JBZERTUyB_kKhYnc,Monday,9:30AM-9:30PM,09:30,21:30,FALSE,standard
ChIJOfVTLj_JBZERTUyB_kKhYnc,Tuesday,9:30AM-9:30PM,09:30,21:30,FALSE,standard
ChIJOfVTLj_JBZERTUyB_kKhYnc,Wednesday,9:30AM-9:30PM,09:30,21:30,FALSE,standard
ChIJOfVTLj_JBZERTUyB_kKhYnc,Thursday,9:30AM-9:30PM,09:30,21:30,FALSE,standard
ChIJOfVTLj_JBZERTUyB_kKhYnc,Friday,9:30AM-9:30PM,09:30,21:30,FALSE,standard
ChIJOfVTLj_JBZERTUyB_kKhYnc,Saturday,Closed,NA,NA,TRUE,closed
ChIJOfVTLj_JBZERTUyB_kKhYnc,Sunday,Closed,NA,NA,TRUE,closed
ChIJP096eO_RBZERoalEPIOyesI,Monday,"7-11AM,5-9:30PM",05:00,21:30,FALSE,standard
ChIJP096eO_RBZERoalEPIOyesI,Tuesday,"7-9AM,6-9:30PM",06:00,21:30,FALSE,standard
ChIJP096eO_RBZERoalEPIOyesI,Wednesday,"7-11AM,5-9:30PM",05:00,21:30,FALSE,standard
ChIJP096eO_RBZERoalEPIOyesI,Thursday,"7-9AM,6-9:30PM",06:00,21:30,FALSE,standard
ChIJP096eO_RBZERoalEPIOyesI,Friday,"7-11AM,5-9:30PM",05:00,21:30,FALSE,standard
ChIJP096eO_RBZERoalEPIOyesI,Saturday,Closed,NA,NA,TRUE,closed
ChIJP096eO_RBZERoalEPIOyesI,Sunday,Closed,NA,NA,TRUE,closed
ChIJP6z8pTTJBZERkq2_VrWh5QA,Monday,Closed,NA,NA,TRUE,closed
ChIJP6z8pTTJBZERkq2_VrWh5QA,Tuesday,"6-8AM,7:30-9:30PM",06:00,21:30,FALSE,standard
ChIJP6z8pTTJBZERkq2_VrWh5QA,Wednesday,Closed,NA,NA,TRUE,closed
ChIJP6z8pTTJBZERkq2_VrWh5QA,Thursday,"6-8AM,7:30-9:30PM",06:00,21:30,FALSE,standard
ChIJP6z8pTTJBZERkq2_VrWh5QA,Friday,Closed,NA,NA,TRUE,closed
ChIJP6z8pTTJBZERkq2_VrWh5QA,Saturday,6-8AM,06:00,08:00,FALSE,standard
ChIJP6z8pTTJBZERkq2_VrWh5QA,Sunday,Closed,NA,NA,TRUE,closed
ChIJPSIV6RrFBZER_QQAA2iF31s,Monday,8AM-10PM,08:00,22:00,FALSE,standard
ChIJPSIV6RrFBZER_QQAA2iF31s,Tuesday,8AM-10PM,08:00,22:00,FALSE,standard
ChIJPSIV6RrFBZER_QQAA2iF31s,Wednesday,8AM-10PM,08:00,22:00,FALSE,standard
ChIJPSIV6RrFBZER_QQAA2iF31s,Thursday,8AM-10PM,08:00,22:00,FALSE,standard
ChIJPSIV6RrFBZER_QQAA2iF31s,Friday,8AM-10PM,08:00,22:00,FALSE,standard
ChIJPSIV6RrFBZER_QQAA2iF31s,Saturday,8AM-12PM,08:00,12:00,FALSE,standard
ChIJPSIV6RrFBZER_QQAA2iF31s,Sunday,Closed,NA,NA,TRUE,closed
ChIJPWxX5gDRBZER1LeoJ419ACM,Monday,11AM-10PM,11:00,22:00,FALSE,standard
ChIJPWxX5gDRBZER1LeoJ419ACM,Tuesday,4-8PM,04:00,20:00,FALSE,standard
ChIJPWxX5gDRBZER1LeoJ419ACM,Wednesday,11AM-10PM,11:00,22:00,FALSE,standard
ChIJPWxX5gDRBZER1LeoJ419ACM,Thursday,4-8PM,04:00,20:00,FALSE,standard
ChIJPWxX5gDRBZER1LeoJ419ACM,Friday,11AM-10PM,11:00,22:00,FALSE,standard
ChIJPWxX5gDRBZER1LeoJ419ACM,Saturday,7AM-1PM,07:00,13:00,FALSE,standard
ChIJPWxX5gDRBZER1LeoJ419ACM,Sunday,Closed,NA,NA,TRUE,closed
ChIJPaZRdMPHBZER5ztEW3DODhQ,Monday,"6-9AM,12-1:30PM,6-9PM",06:00,21:00,FALSE,standard
ChIJPaZRdMPHBZER5ztEW3DODhQ,Tuesday,"6-9AM,12-1:30PM,6-9PM",06:00,21:00,FALSE,standard
ChIJPaZRdMPHBZER5ztEW3DODhQ,Wednesday,"6-9AM,12-1:30PM,6-9PM",06:00,21:00,FALSE,standard
ChIJPaZRdMPHBZER5ztEW3DODhQ,Thursday,"6-9AM,12-1:30PM,6-9PM",06:00,21:00,FALSE,standard
ChIJPaZRdMPHBZER5ztEW3DODhQ,Friday,"6-9AM,12-1:30PM,6-9PM",06:00,21:00,FALSE,standard
ChIJPaZRdMPHBZER5ztEW3DODhQ,Saturday,9-11AM,09:00,11:00,FALSE,standard
ChIJPaZRdMPHBZER5ztEW3DODhQ,Sunday,Closed,NA,NA,TRUE,closed
ChIJQ2RMgsTHBZER5qEcaRKPudY,Monday,NA,NA,NA,TRUE,missing
ChIJQ2RMgsTHBZER5qEcaRKPudY,Tuesday,NA,NA,NA,TRUE,missing
ChIJQ2RMgsTHBZER5qEcaRKPudY,Wednesday,NA,NA,NA,TRUE,missing
ChIJQ2RMgsTHBZER5qEcaRKPudY,Thursday,NA,NA,NA,TRUE,missing
ChIJQ2RMgsTHBZER5qEcaRKPudY,Friday,NA,NA,NA,TRUE,missing
ChIJQ2RMgsTHBZER5qEcaRKPudY,Saturday,NA,NA,NA,TRUE,missing
ChIJQ2RMgsTHBZER5qEcaRKPudY,Sunday,NA,NA,NA,TRUE,missing
ChIJQ2fNfwe4BZERh-TrCyDrHOk,Monday,6:45AM-9:30PM,07:00,21:30,FALSE,standard
ChIJQ2fNfwe4BZERh-TrCyDrHOk,Tuesday,6:45AM-9:30PM,07:00,21:30,FALSE,standard
ChIJQ2fNfwe4BZERh-TrCyDrHOk,Wednesday,6:45AM-9:30PM,07:00,21:30,FALSE,standard
ChIJQ2fNfwe4BZERh-TrCyDrHOk,Thursday,6:45AM-9:30PM,07:00,21:30,FALSE,standard
ChIJQ2fNfwe4BZERh-TrCyDrHOk,Friday,6:45AM-9:30PM,07:00,21:30,FALSE,standard
ChIJQ2fNfwe4BZERh-TrCyDrHOk,Saturday,9:30AM-2PM,09:30,14:00,FALSE,standard
ChIJQ2fNfwe4BZERh-TrCyDrHOk,Sunday,Closed,NA,NA,TRUE,closed
ChIJQ31ia9PRBZERRfVjIYN9VuA,Monday,6AM-9PM,06:00,21:00,FALSE,standard
ChIJQ31ia9PRBZERRfVjIYN9VuA,Tuesday,6AM-9PM,06:00,21:00,FALSE,standard
ChIJQ31ia9PRBZERRfVjIYN9VuA,Wednesday,6AM-9PM,06:00,21:00,FALSE,standard
ChIJQ31ia9PRBZERRfVjIYN9VuA,Thursday,6AM-9PM,06:00,21:00,FALSE,standard
ChIJQ31ia9PRBZERRfVjIYN9VuA,Friday,6AM-9PM,06:00,21:00,FALSE,standard
ChIJQ31ia9PRBZERRfVjIYN9VuA,Saturday,6AM-3PM,06:00,15:00,FALSE,standard
ChIJQ31ia9PRBZERRfVjIYN9VuA,Sunday,Closed,NA,NA,TRUE,closed
ChIJR5qRsOrIBZERjnI90IPBAfk,Monday,NA,NA,NA,TRUE,missing
ChIJR5qRsOrIBZERjnI90IPBAfk,Tuesday,NA,NA,NA,TRUE,missing
ChIJR5qRsOrIBZERjnI90IPBAfk,Wednesday,NA,NA,NA,TRUE,missing
ChIJR5qRsOrIBZERjnI90IPBAfk,Thursday,NA,NA,NA,TRUE,missing
ChIJR5qRsOrIBZERjnI90IPBAfk,Friday,NA,NA,NA,TRUE,missing
ChIJR5qRsOrIBZERjnI90IPBAfk,Saturday,NA,NA,NA,TRUE,missing
ChIJR5qRsOrIBZERjnI90IPBAfk,Sunday,NA,NA,NA,TRUE,missing
ChIJR7eS71vOBZERIgPBA0j4K7E,Monday,6AM-9PM,06:00,21:00,FALSE,standard
ChIJR7eS71vOBZERIgPBA0j4K7E,Tuesday,6AM-9PM,06:00,21:00,FALSE,standard
ChIJR7eS71vOBZERIgPBA0j4K7E,Wednesday,6AM-9PM,06:00,21:00,FALSE,standard
ChIJR7eS71vOBZERIgPBA0j4K7E,Thursday,6AM-9PM,06:00,21:00,FALSE,standard
ChIJR7eS71vOBZERIgPBA0j4K7E,Friday,6AM-9PM,06:00,21:00,FALSE,standard
ChIJR7eS71vOBZERIgPBA0j4K7E,Saturday,8AM-8PM,08:00,20:00,FALSE,standard
ChIJR7eS71vOBZERIgPBA0j4K7E,Sunday,9AM-2PM,09:00,14:00,FALSE,standard
ChIJRWJggGTJBZERQY3h-qj4SOc,Monday,NA,NA,NA,TRUE,missing
ChIJRWJggGTJBZERQY3h-qj4SOc,Tuesday,NA,NA,NA,TRUE,missing
ChIJRWJggGTJBZERQY3h-qj4SOc,Wednesday,NA,NA,NA,TRUE,missing
ChIJRWJggGTJBZERQY3h-qj4SOc,Thursday,NA,NA,NA,TRUE,missing
ChIJRWJggGTJBZERQY3h-qj4SOc,Friday,NA,NA,NA,TRUE,missing
ChIJRWJggGTJBZERQY3h-qj4SOc,Saturday,NA,NA,NA,TRUE,missing
ChIJRWJggGTJBZERQY3h-qj4SOc,Sunday,NA,NA,NA,TRUE,missing
ChIJRXLy5FTJBZER3lPKDIM2_Gg,Monday,7:30-9:30PM,07:30,21:30,FALSE,standard
ChIJRXLy5FTJBZER3lPKDIM2_Gg,Tuesday,Closed,NA,NA,TRUE,closed
ChIJRXLy5FTJBZER3lPKDIM2_Gg,Wednesday,7:30-9:30PM,07:30,21:30,FALSE,standard
ChIJRXLy5FTJBZER3lPKDIM2_Gg,Thursday,Closed,NA,NA,TRUE,closed
ChIJRXLy5FTJBZER3lPKDIM2_Gg,Friday,7:30-9:30PM,07:30,21:30,FALSE,standard
ChIJRXLy5FTJBZER3lPKDIM2_Gg,Saturday,Closed,NA,NA,TRUE,closed
ChIJRXLy5FTJBZER3lPKDIM2_Gg,Sunday,Closed,NA,NA,TRUE,closed
ChIJSYYL9dbpBZERAH45ckrXXJI,Monday,"7-10AM,3-10PM",03:00,22:00,FALSE,standard
ChIJSYYL9dbpBZERAH45ckrXXJI,Tuesday,7AM-10PM,07:00,22:00,FALSE,standard
ChIJSYYL9dbpBZERAH45ckrXXJI,Wednesday,"7-10AM,3-10PM",03:00,22:00,FALSE,standard
ChIJSYYL9dbpBZERAH45ckrXXJI,Thursday,"7-10AM,3-10PM",03:00,22:00,FALSE,standard
ChIJSYYL9dbpBZERAH45ckrXXJI,Friday,"7-10AM,3-10PM",03:00,22:00,FALSE,standard
ChIJSYYL9dbpBZERAH45ckrXXJI,Saturday,6AM-12PM,06:00,12:00,FALSE,standard
ChIJSYYL9dbpBZERAH45ckrXXJI,Sunday,Closed,NA,NA,TRUE,closed
ChIJSb1NrmPJBZERf34Gt0a60eM,Monday,6:30AM-10PM,06:30,22:00,FALSE,standard
ChIJSb1NrmPJBZERf34Gt0a60eM,Tuesday,6:30AM-10PM,06:30,22:00,FALSE,standard
ChIJSb1NrmPJBZERf34Gt0a60eM,Wednesday,6:30AM-10PM,06:30,22:00,FALSE,standard
ChIJSb1NrmPJBZERf34Gt0a60eM,Thursday,6:30AM-10PM,06:30,22:00,FALSE,standard
ChIJSb1NrmPJBZERf34Gt0a60eM,Friday,6:30AM-10PM,06:30,22:00,FALSE,standard
ChIJSb1NrmPJBZERf34Gt0a60eM,Saturday,8AM-1PM,08:00,13:00,FALSE,standard
ChIJSb1NrmPJBZERf34Gt0a60eM,Sunday,Closed,NA,NA,TRUE,closed
ChIJTQbQ2VbVBZERIvXW_Nrgoyw,Monday,7:30AM-8PM,07:30,20:00,FALSE,standard
ChIJTQbQ2VbVBZERIvXW_Nrgoyw,Tuesday,7:30AM-9PM,07:30,21:00,FALSE,standard
ChIJTQbQ2VbVBZERIvXW_Nrgoyw,Wednesday,7:30AM-8PM,07:30,20:00,FALSE,standard
ChIJTQbQ2VbVBZERIvXW_Nrgoyw,Thursday,7-9PM,07:00,21:00,FALSE,standard
ChIJTQbQ2VbVBZERIvXW_Nrgoyw,Friday,7:30AM-8PM,07:30,20:00,FALSE,standard
ChIJTQbQ2VbVBZERIvXW_Nrgoyw,Saturday,7:30AM-9PM,07:30,21:00,FALSE,standard
ChIJTQbQ2VbVBZERIvXW_Nrgoyw,Sunday,7:30AM-9PM,07:30,21:00,FALSE,standard
ChIJTST-HcnJBZERrNhTM-u_rJA,Monday,9AM-5PM,09:00,17:00,FALSE,standard
ChIJTST-HcnJBZERrNhTM-u_rJA,Tuesday,9AM-5PM,09:00,17:00,FALSE,standard
ChIJTST-HcnJBZERrNhTM-u_rJA,Wednesday,9AM-5PM,09:00,17:00,FALSE,standard
ChIJTST-HcnJBZERrNhTM-u_rJA,Thursday,9AM-5PM,09:00,17:00,FALSE,standard
ChIJTST-HcnJBZERrNhTM-u_rJA,Friday,9AM-5PM,09:00,17:00,FALSE,standard
ChIJTST-HcnJBZERrNhTM-u_rJA,Saturday,9AM-5PM,09:00,17:00,FALSE,standard
ChIJTST-HcnJBZERrNhTM-u_rJA,Sunday,9AM-5PM,09:00,17:00,FALSE,standard
ChIJTftM_zrIBZERka67kYT47XQ,Monday,6AM-9PM,06:00,21:00,FALSE,standard
ChIJTftM_zrIBZERka67kYT47XQ,Tuesday,6AM-9PM,06:00,21:00,FALSE,standard
ChIJTftM_zrIBZERka67kYT47XQ,Wednesday,6AM-9PM,06:00,21:00,FALSE,standard
ChIJTftM_zrIBZERka67kYT47XQ,Thursday,6AM-9PM,06:00,21:00,FALSE,standard
ChIJTftM_zrIBZERka67kYT47XQ,Friday,6AM-9PM,06:00,21:00,FALSE,standard
ChIJTftM_zrIBZERka67kYT47XQ,Saturday,Closed,NA,NA,TRUE,closed
ChIJTftM_zrIBZERka67kYT47XQ,Sunday,Closed,NA,NA,TRUE,closed
ChIJUYZHwv65BZERZDLI2FygMwc,Monday,4-9PM,04:00,21:00,FALSE,standard
ChIJUYZHwv65BZERZDLI2FygMwc,Tuesday,4-9PM,04:00,21:00,FALSE,standard
ChIJUYZHwv65BZERZDLI2FygMwc,Wednesday,4-9PM,04:00,21:00,FALSE,standard
ChIJUYZHwv65BZERZDLI2FygMwc,Thursday,4-9PM,04:00,21:00,FALSE,standard
ChIJUYZHwv65BZERZDLI2FygMwc,Friday,4-9PM,04:00,21:00,FALSE,standard
ChIJUYZHwv65BZERZDLI2FygMwc,Saturday,Closed,NA,NA,TRUE,closed
ChIJUYZHwv65BZERZDLI2FygMwc,Sunday,Closed,NA,NA,TRUE,closed
ChIJVTkYBQy4BZER8Lrs_Th1Gyg,Monday,9AM-9:30PM,09:00,21:30,FALSE,standard
ChIJVTkYBQy4BZER8Lrs_Th1Gyg,Tuesday,9AM-9:30PM,09:00,21:30,FALSE,standard
ChIJVTkYBQy4BZER8Lrs_Th1Gyg,Wednesday,9AM-9:30PM,09:00,21:30,FALSE,standard
ChIJVTkYBQy4BZER8Lrs_Th1Gyg,Thursday,9AM-9:30PM,09:00,21:30,FALSE,standard
ChIJVTkYBQy4BZER8Lrs_Th1Gyg,Friday,9AM-9:30PM,09:00,21:30,FALSE,standard
ChIJVTkYBQy4BZER8Lrs_Th1Gyg,Saturday,9AM-1PM,09:00,13:00,FALSE,standard
ChIJVTkYBQy4BZER8Lrs_Th1Gyg,Sunday,Closed,NA,NA,TRUE,closed
ChIJVW0EmhHHBZER_JJo4iXfnkY,Monday,NA,NA,NA,TRUE,missing
ChIJVW0EmhHHBZER_JJo4iXfnkY,Tuesday,NA,NA,NA,TRUE,missing
ChIJVW0EmhHHBZER_JJo4iXfnkY,Wednesday,NA,NA,NA,TRUE,missing
ChIJVW0EmhHHBZER_JJo4iXfnkY,Thursday,NA,NA,NA,TRUE,missing
ChIJVW0EmhHHBZER_JJo4iXfnkY,Friday,NA,NA,NA,TRUE,missing
ChIJVW0EmhHHBZER_JJo4iXfnkY,Saturday,NA,NA,NA,TRUE,missing
ChIJVW0EmhHHBZER_JJo4iXfnkY,Sunday,NA,NA,NA,TRUE,missing
ChIJVxAkJBXHBZERuJ5Z1IzrEPc,Monday,"3:30-7AM,10-11AM",03:30,11:00,FALSE,standard
ChIJVxAkJBXHBZERuJ5Z1IzrEPc,Tuesday,6-7PM,06:00,19:00,FALSE,standard
ChIJVxAkJBXHBZERuJ5Z1IzrEPc,Wednesday,"3:30-7AM,10-11AM",03:30,11:00,FALSE,standard
ChIJVxAkJBXHBZERuJ5Z1IzrEPc,Thursday,6-7PM,06:00,19:00,FALSE,standard
ChIJVxAkJBXHBZERuJ5Z1IzrEPc,Friday,"3:30-7AM,10-11AM",03:30,11:00,FALSE,standard
ChIJVxAkJBXHBZERuJ5Z1IzrEPc,Saturday,Closed,NA,NA,TRUE,closed
ChIJVxAkJBXHBZERuJ5Z1IzrEPc,Sunday,Closed,NA,NA,TRUE,closed
ChIJWYDztR25BZERa12oVlSlFC8,Monday,NA,NA,NA,TRUE,missing
ChIJWYDztR25BZERa12oVlSlFC8,Tuesday,NA,NA,NA,TRUE,missing
ChIJWYDztR25BZERa12oVlSlFC8,Wednesday,NA,NA,NA,TRUE,missing
ChIJWYDztR25BZERa12oVlSlFC8,Thursday,NA,NA,NA,TRUE,missing
ChIJWYDztR25BZERa12oVlSlFC8,Friday,NA,NA,NA,TRUE,missing
ChIJWYDztR25BZERa12oVlSlFC8,Saturday,NA,NA,NA,TRUE,missing
ChIJWYDztR25BZERa12oVlSlFC8,Sunday,NA,NA,NA,TRUE,missing
ChIJWcjah627BZERr3KaEviXWL4,Monday,7AM-10PM,07:00,22:00,FALSE,standard
ChIJWcjah627BZERr3KaEviXWL4,Tuesday,7AM-10PM,07:00,22:00,FALSE,standard
ChIJWcjah627BZERr3KaEviXWL4,Wednesday,7AM-10PM,07:00,22:00,FALSE,standard
ChIJWcjah627BZERr3KaEviXWL4,Thursday,7AM-10PM,07:00,22:00,FALSE,standard
ChIJWcjah627BZERr3KaEviXWL4,Friday,7AM-10PM,07:00,22:00,FALSE,standard
ChIJWcjah627BZERr3KaEviXWL4,Saturday,7AM-10PM,07:00,22:00,FALSE,standard
ChIJWcjah627BZERr3KaEviXWL4,Sunday,7AM-10PM,07:00,22:00,FALSE,standard
ChIJX_TLpF_JBZER0h0_mprkNC0,Monday,8-9:30PM,08:00,21:30,FALSE,standard
ChIJX_TLpF_JBZER0h0_mprkNC0,Tuesday,Closed,NA,NA,TRUE,closed
ChIJX_TLpF_JBZER0h0_mprkNC0,Wednesday,8-9:30PM,08:00,21:30,FALSE,standard
ChIJX_TLpF_JBZER0h0_mprkNC0,Thursday,Closed,NA,NA,TRUE,closed
ChIJX_TLpF_JBZER0h0_mprkNC0,Friday,6-7:30AM,06:00,07:30,FALSE,standard
ChIJX_TLpF_JBZER0h0_mprkNC0,Saturday,Closed,NA,NA,TRUE,closed
ChIJX_TLpF_JBZER0h0_mprkNC0,Sunday,Closed,NA,NA,TRUE,closed
ChIJXfqFUWXHBZERBCWUtdh8OzA,Monday,"6:30-8AM,9-11AM,12:30-2PM,9:30-11PM",06:30,23:00,FALSE,standard
ChIJXfqFUWXHBZERBCWUtdh8OzA,Tuesday,"9-11AM,12:30-2PM,8:30-10PM",08:30,22:00,FALSE,standard
ChIJXfqFUWXHBZERBCWUtdh8OzA,Wednesday,"6:30-8AM,9-11AM,12:30-2PM,9:30-11PM",06:30,23:00,FALSE,standard
ChIJXfqFUWXHBZERBCWUtdh8OzA,Thursday,"9-11AM,12:30-2PM,8:30-10PM",08:30,22:00,FALSE,standard
ChIJXfqFUWXHBZERBCWUtdh8OzA,Friday,"6:30-8AM,9-11AM",06:30,11:00,FALSE,standard
ChIJXfqFUWXHBZERBCWUtdh8OzA,Saturday,10AM-12PM,10:00,12:00,FALSE,standard
ChIJXfqFUWXHBZERBCWUtdh8OzA,Sunday,Closed,NA,NA,TRUE,closed
ChIJY5uxEwDHBZERzW87SSNLl4A,Monday,NA,NA,NA,TRUE,missing
ChIJY5uxEwDHBZERzW87SSNLl4A,Tuesday,NA,NA,NA,TRUE,missing
ChIJY5uxEwDHBZERzW87SSNLl4A,Wednesday,NA,NA,NA,TRUE,missing
ChIJY5uxEwDHBZERzW87SSNLl4A,Thursday,NA,NA,NA,TRUE,missing
ChIJY5uxEwDHBZERzW87SSNLl4A,Friday,NA,NA,NA,TRUE,missing
ChIJY5uxEwDHBZERzW87SSNLl4A,Saturday,NA,NA,NA,TRUE,missing
ChIJY5uxEwDHBZERzW87SSNLl4A,Sunday,NA,NA,NA,TRUE,missing
ChIJYVOUbjvIBZERdBp3eI6wbZk,Monday,NA,NA,NA,TRUE,missing
ChIJYVOUbjvIBZERdBp3eI6wbZk,Tuesday,NA,NA,NA,TRUE,missing
ChIJYVOUbjvIBZERdBp3eI6wbZk,Wednesday,NA,NA,NA,TRUE,missing
ChIJYVOUbjvIBZERdBp3eI6wbZk,Thursday,NA,NA,NA,TRUE,missing
ChIJYVOUbjvIBZERdBp3eI6wbZk,Friday,NA,NA,NA,TRUE,missing
ChIJYVOUbjvIBZERdBp3eI6wbZk,Saturday,NA,NA,NA,TRUE,missing
ChIJYVOUbjvIBZERdBp3eI6wbZk,Sunday,NA,NA,NA,TRUE,missing
ChIJZ920gvzIBZERgQR9-HhPq6w,Monday,"7AM-2PM,5-10:30PM",05:00,22:30,FALSE,standard
ChIJZ920gvzIBZERgQR9-HhPq6w,Tuesday,"7AM-2PM,5-10:30PM",05:00,22:30,FALSE,standard
ChIJZ920gvzIBZERgQR9-HhPq6w,Wednesday,"7AM-2PM,5-10:30PM",05:00,22:30,FALSE,standard
ChIJZ920gvzIBZERgQR9-HhPq6w,Thursday,"7AM-2PM,5-10:30PM",05:00,22:30,FALSE,standard
ChIJZ920gvzIBZERgQR9-HhPq6w,Friday,"7AM-2PM,5-10:30PM",05:00,22:30,FALSE,standard
ChIJZ920gvzIBZERgQR9-HhPq6w,Saturday,9AM-5PM,09:00,17:00,FALSE,standard
ChIJZ920gvzIBZERgQR9-HhPq6w,Sunday,Closed,NA,NA,TRUE,closed
ChIJZSSeoRTFBZERpUdBnFFB6hI,Monday,6AM-10PM,06:00,22:00,FALSE,standard
ChIJZSSeoRTFBZERpUdBnFFB6hI,Tuesday,6AM-10PM,06:00,22:00,FALSE,standard
ChIJZSSeoRTFBZERpUdBnFFB6hI,Wednesday,6AM-10PM,06:00,22:00,FALSE,standard
ChIJZSSeoRTFBZERpUdBnFFB6hI,Thursday,6AM-10PM,06:00,22:00,FALSE,standard
ChIJZSSeoRTFBZERpUdBnFFB6hI,Friday,6AM-10PM,06:00,22:00,FALSE,standard
ChIJZSSeoRTFBZERpUdBnFFB6hI,Saturday,6AM-10PM,06:00,22:00,FALSE,standard
ChIJZSSeoRTFBZERpUdBnFFB6hI,Sunday,Closed,NA,NA,TRUE,closed
ChIJZxWvr-HIBZERPwGb5wPFqag,Monday,4:30-9PM,04:30,21:00,FALSE,standard
ChIJZxWvr-HIBZERPwGb5wPFqag,Tuesday,3-9PM,03:00,21:00,FALSE,standard
ChIJZxWvr-HIBZERPwGb5wPFqag,Wednesday,4:30-9PM,04:30,21:00,FALSE,standard
ChIJZxWvr-HIBZERPwGb5wPFqag,Thursday,3-9PM,03:00,21:00,FALSE,standard
ChIJZxWvr-HIBZERPwGb5wPFqag,Friday,4:30-9PM,04:30,21:00,FALSE,standard
ChIJZxWvr-HIBZERPwGb5wPFqag,Saturday,9:15AM-2PM,09:00,14:00,FALSE,standard
ChIJZxWvr-HIBZERPwGb5wPFqag,Sunday,11AM-2PM,11:00,14:00,FALSE,standard
ChIJ_49ZfwC5BZER25WIUu0zge8,Monday,"12-2PM,6-10PM",06:00,22:00,FALSE,standard
ChIJ_49ZfwC5BZER25WIUu0zge8,Tuesday,7-10PM,07:00,22:00,FALSE,standard
ChIJ_49ZfwC5BZER25WIUu0zge8,Wednesday,"12-2PM,6-10PM",06:00,22:00,FALSE,standard
ChIJ_49ZfwC5BZER25WIUu0zge8,Thursday,7-10PM,07:00,22:00,FALSE,standard
ChIJ_49ZfwC5BZER25WIUu0zge8,Friday,"12-2PM,6-10PM",06:00,22:00,FALSE,standard
ChIJ_49ZfwC5BZER25WIUu0zge8,Saturday,11AM-2PM,11:00,14:00,FALSE,standard
ChIJ_49ZfwC5BZER25WIUu0zge8,Sunday,11AM-2PM,11:00,14:00,FALSE,standard
ChIJ_7g9iXnHBZERhEl77cpDon4,Monday,NA,NA,NA,TRUE,missing
ChIJ_7g9iXnHBZERhEl77cpDon4,Tuesday,NA,NA,NA,TRUE,missing
ChIJ_7g9iXnHBZERhEl77cpDon4,Wednesday,NA,NA,NA,TRUE,missing
ChIJ_7g9iXnHBZERhEl77cpDon4,Thursday,NA,NA,NA,TRUE,missing
ChIJ_7g9iXnHBZERhEl77cpDon4,Friday,NA,NA,NA,TRUE,missing
ChIJ_7g9iXnHBZERhEl77cpDon4,Saturday,NA,NA,NA,TRUE,missing
ChIJ_7g9iXnHBZERhEl77cpDon4,Sunday,NA,NA,NA,TRUE,missing
ChIJ__8gaBnJBZERMs5FSMPbsFg,Monday,9:22AM-9:29PM,09:30,21:30,FALSE,standard
ChIJ__8gaBnJBZERMs5FSMPbsFg,Tuesday,9:22AM-9:29PM,09:30,21:30,FALSE,standard
ChIJ__8gaBnJBZERMs5FSMPbsFg,Wednesday,9:22AM-9:29PM,09:30,21:30,FALSE,standard
ChIJ__8gaBnJBZERMs5FSMPbsFg,Thursday,9:22AM-9:29PM,09:30,21:30,FALSE,standard
ChIJ__8gaBnJBZERMs5FSMPbsFg,Friday,9:22AM-9:29PM,09:30,21:30,FALSE,standard
ChIJ__8gaBnJBZERMs5FSMPbsFg,Saturday,9:22AM-12:30PM,09:30,12:30,FALSE,standard
ChIJ__8gaBnJBZERMs5FSMPbsFg,Sunday,Closed,NA,NA,TRUE,closed
ChIJ_ajXUwDJBZERn-ZfOy2Pt4g,Monday,"6:30-8:30AM,4:30-10PM",04:30,22:00,FALSE,standard
ChIJ_ajXUwDJBZERn-ZfOy2Pt4g,Tuesday,"6:30-8:30AM,4:30-10PM",04:30,22:00,FALSE,standard
ChIJ_ajXUwDJBZERn-ZfOy2Pt4g,Wednesday,"6:30-8:30AM,4:30-10PM",04:30,22:00,FALSE,standard
ChIJ_ajXUwDJBZERn-ZfOy2Pt4g,Thursday,"6:30-8:30AM,4:30-10PM",04:30,22:00,FALSE,standard
ChIJ_ajXUwDJBZERn-ZfOy2Pt4g,Friday,"6:30-8:30AM,4:30-10PM",04:30,22:00,FALSE,standard
ChIJ_ajXUwDJBZERn-ZfOy2Pt4g,Saturday,8AM-12PM,08:00,12:00,FALSE,standard
ChIJ_ajXUwDJBZERn-ZfOy2Pt4g,Sunday,Closed,NA,NA,TRUE,closed
ChIJ_x2r75vJBZERgmBgN_FrDIM,Monday,6AM-10:30PM,06:00,22:30,FALSE,standard
ChIJ_x2r75vJBZERgmBgN_FrDIM,Tuesday,6AM-10:30PM,06:00,22:30,FALSE,standard
ChIJ_x2r75vJBZERgmBgN_FrDIM,Wednesday,6AM-10:30PM,06:00,22:30,FALSE,standard
ChIJ_x2r75vJBZERgmBgN_FrDIM,Thursday,6AM-10:30PM,06:00,22:30,FALSE,standard
ChIJ_x2r75vJBZERgmBgN_FrDIM,Friday,6AM-10:30PM,06:00,22:30,FALSE,standard
ChIJ_x2r75vJBZERgmBgN_FrDIM,Saturday,11AM-2PM,11:00,14:00,FALSE,standard
ChIJ_x2r75vJBZERgmBgN_FrDIM,Sunday,Closed,NA,NA,TRUE,closed
ChIJa1MpRMDPBZER3Zq-EXTKhP8,Monday,3:40-9:30PM,03:30,21:30,FALSE,standard
ChIJa1MpRMDPBZER3Zq-EXTKhP8,Tuesday,3:40-9:30PM,03:30,21:30,FALSE,standard
ChIJa1MpRMDPBZER3Zq-EXTKhP8,Wednesday,3:40-9:30PM,03:30,21:30,FALSE,standard
ChIJa1MpRMDPBZER3Zq-EXTKhP8,Thursday,3:40-9:30PM,03:30,21:30,FALSE,standard
ChIJa1MpRMDPBZER3Zq-EXTKhP8,Friday,3:40-9:30PM,03:30,21:30,FALSE,standard
ChIJa1MpRMDPBZER3Zq-EXTKhP8,Saturday,9:50AM-11:50PM,10:00,00:00,FALSE,standard
ChIJa1MpRMDPBZER3Zq-EXTKhP8,Sunday,Closed,NA,NA,TRUE,closed
ChIJaR7YcY7vBZER3FZOVZx4bHg,Monday,Open 24 hours,00:00,23:59,FALSE,24hrs
ChIJaR7YcY7vBZER3FZOVZx4bHg,Tuesday,Open 24 hours,00:00,23:59,FALSE,24hrs
ChIJaR7YcY7vBZER3FZOVZx4bHg,Wednesday,Open 24 hours,00:00,23:59,FALSE,24hrs
ChIJaR7YcY7vBZER3FZOVZx4bHg,Thursday,Open 24 hours,00:00,23:59,FALSE,24hrs
ChIJaR7YcY7vBZER3FZOVZx4bHg,Friday,Open 24 hours,00:00,23:59,FALSE,24hrs
ChIJaR7YcY7vBZER3FZOVZx4bHg,Saturday,Open 24 hours,00:00,23:59,FALSE,24hrs
ChIJaR7YcY7vBZER3FZOVZx4bHg,Sunday,Closed,NA,NA,TRUE,closed
ChIJabJUHWzHBZERBIaiGFzAyBc,Monday,6AM-9PM,06:00,21:00,FALSE,standard
ChIJabJUHWzHBZERBIaiGFzAyBc,Tuesday,6AM-9PM,06:00,21:00,FALSE,standard
ChIJabJUHWzHBZERBIaiGFzAyBc,Wednesday,6AM-9PM,06:00,21:00,FALSE,standard
ChIJabJUHWzHBZERBIaiGFzAyBc,Thursday,6AM-9PM,06:00,21:00,FALSE,standard
ChIJabJUHWzHBZERBIaiGFzAyBc,Friday,6AM-9PM,06:00,21:00,FALSE,standard
ChIJabJUHWzHBZERBIaiGFzAyBc,Saturday,9-11AM,09:00,11:00,FALSE,standard
ChIJabJUHWzHBZERBIaiGFzAyBc,Sunday,10-11AM,10:00,11:00,FALSE,standard
ChIJb0J5dqHJBZERe8GSzXECUtQ,Monday,"6:30-8AM,7-8PM",06:30,20:00,FALSE,standard
ChIJb0J5dqHJBZERe8GSzXECUtQ,Tuesday,"6:30-8AM,7-8PM",06:30,20:00,FALSE,standard
ChIJb0J5dqHJBZERe8GSzXECUtQ,Wednesday,"6:30-8AM,7-8PM",06:30,20:00,FALSE,standard
ChIJb0J5dqHJBZERe8GSzXECUtQ,Thursday,"6:30-8AM,7-8PM",06:30,20:00,FALSE,standard
ChIJb0J5dqHJBZERe8GSzXECUtQ,Friday,6:30-8AM,06:30,08:00,FALSE,standard
ChIJb0J5dqHJBZERe8GSzXECUtQ,Saturday,9-10:30AM,09:00,10:30,FALSE,standard
ChIJb0J5dqHJBZERe8GSzXECUtQ,Sunday,Closed,NA,NA,TRUE,closed
ChIJb35O-MG5BZER0gm5vyGT7yY,Monday,7-10PM,07:00,22:00,FALSE,standard
ChIJb35O-MG5BZER0gm5vyGT7yY,Tuesday,7-10PM,07:00,22:00,FALSE,standard
ChIJb35O-MG5BZER0gm5vyGT7yY,Wednesday,Closed,NA,NA,TRUE,closed
ChIJb35O-MG5BZER0gm5vyGT7yY,Thursday,7-10PM,07:00,22:00,FALSE,standard
ChIJb35O-MG5BZER0gm5vyGT7yY,Friday,7-10PM,07:00,22:00,FALSE,standard
ChIJb35O-MG5BZER0gm5vyGT7yY,Saturday,6-8PM,06:00,20:00,FALSE,standard
ChIJb35O-MG5BZER0gm5vyGT7yY,Sunday,Closed,NA,NA,TRUE,closed
ChIJbehiZfDHBZERxD71uXfBsvE,Monday,6AM-9:30PM,06:00,21:30,FALSE,standard
ChIJbehiZfDHBZERxD71uXfBsvE,Tuesday,6AM-9:30PM,06:00,21:30,FALSE,standard
ChIJbehiZfDHBZERxD71uXfBsvE,Wednesday,6AM-9:30PM,06:00,21:30,FALSE,standard
ChIJbehiZfDHBZERxD71uXfBsvE,Thursday,6AM-9:30PM,06:00,21:30,FALSE,standard
ChIJbehiZfDHBZERxD71uXfBsvE,Friday,6AM-9:30PM,06:00,21:30,FALSE,standard
ChIJbehiZfDHBZERxD71uXfBsvE,Saturday,Closed,NA,NA,TRUE,closed
ChIJbehiZfDHBZERxD71uXfBsvE,Sunday,Closed,NA,NA,TRUE,closed
ChIJcS5KKr_QBZERqHtSYCUJARg,Monday,NA,NA,NA,TRUE,missing
ChIJcS5KKr_QBZERqHtSYCUJARg,Tuesday,NA,NA,NA,TRUE,missing
ChIJcS5KKr_QBZERqHtSYCUJARg,Wednesday,NA,NA,NA,TRUE,missing
ChIJcS5KKr_QBZERqHtSYCUJARg,Thursday,NA,NA,NA,TRUE,missing
ChIJcS5KKr_QBZERqHtSYCUJARg,Friday,NA,NA,NA,TRUE,missing
ChIJcS5KKr_QBZERqHtSYCUJARg,Saturday,NA,NA,NA,TRUE,missing
ChIJcS5KKr_QBZERqHtSYCUJARg,Sunday,NA,NA,NA,TRUE,missing
ChIJcVtkKVrHBZERpcPJO0DIVvo,Monday,6AM-11PM,06:00,23:00,FALSE,standard
ChIJcVtkKVrHBZERpcPJO0DIVvo,Tuesday,6AM-11PM,06:00,23:00,FALSE,standard
ChIJcVtkKVrHBZERpcPJO0DIVvo,Wednesday,6AM-11PM,06:00,23:00,FALSE,standard
ChIJcVtkKVrHBZERpcPJO0DIVvo,Thursday,6AM-11PM,06:00,23:00,FALSE,standard
ChIJcVtkKVrHBZERpcPJO0DIVvo,Friday,6AM-11PM,06:00,23:00,FALSE,standard
ChIJcVtkKVrHBZERpcPJO0DIVvo,Saturday,6AM-6PM,06:00,18:00,FALSE,standard
ChIJcVtkKVrHBZERpcPJO0DIVvo,Sunday,8AM-4PM,08:00,16:00,FALSE,standard
ChIJd7C6LJbJBZER0URIRWAiJcY,Monday,9AM-9:30PM,09:00,21:30,FALSE,standard
ChIJd7C6LJbJBZER0URIRWAiJcY,Tuesday,9AM-9:30PM,09:00,21:30,FALSE,standard
ChIJd7C6LJbJBZER0URIRWAiJcY,Wednesday,9AM-9:30PM,09:00,21:30,FALSE,standard
ChIJd7C6LJbJBZER0URIRWAiJcY,Thursday,9AM-9:30PM,09:00,21:30,FALSE,standard
ChIJd7C6LJbJBZER0URIRWAiJcY,Friday,9AM-9:30PM,09:00,21:30,FALSE,standard
ChIJd7C6LJbJBZER0URIRWAiJcY,Saturday,9-11:30AM,09:00,11:30,FALSE,standard
ChIJd7C6LJbJBZER0URIRWAiJcY,Sunday,Closed,NA,NA,TRUE,closed
ChIJdZHuDynJBZERmT2FI6h0ib4,Monday,"6:30AM-1PM,5:30-10PM",05:30,22:00,FALSE,standard
ChIJdZHuDynJBZERmT2FI6h0ib4,Tuesday,"6:30AM-1PM,3:30-10PM",03:30,22:00,FALSE,standard
ChIJdZHuDynJBZERmT2FI6h0ib4,Wednesday,"6:30AM-1PM,5:30-10PM",05:30,22:00,FALSE,standard
ChIJdZHuDynJBZERmT2FI6h0ib4,Thursday,"6:30AM-1PM,3:30-10PM",03:30,22:00,FALSE,standard
ChIJdZHuDynJBZERmT2FI6h0ib4,Friday,"6:30AM-1PM,5:30-10PM",05:30,22:00,FALSE,standard
ChIJdZHuDynJBZERmT2FI6h0ib4,Saturday,"6:30-7:30AM,9AM-2PM",06:30,14:00,FALSE,standard
ChIJdZHuDynJBZERmT2FI6h0ib4,Sunday,Closed,NA,NA,TRUE,closed
ChIJdyuWXifRBZERL7akeaIyRfA,Monday,6AM-10:30PM,06:00,22:30,FALSE,standard
ChIJdyuWXifRBZERL7akeaIyRfA,Tuesday,6AM-10:30PM,06:00,22:30,FALSE,standard
ChIJdyuWXifRBZERL7akeaIyRfA,Wednesday,6AM-10:30PM,06:00,22:30,FALSE,standard
ChIJdyuWXifRBZERL7akeaIyRfA,Thursday,6AM-10:30PM,06:00,22:30,FALSE,standard
ChIJdyuWXifRBZERL7akeaIyRfA,Friday,6AM-10:30PM,06:00,22:30,FALSE,standard
ChIJdyuWXifRBZERL7akeaIyRfA,Saturday,Open 24 hours,00:00,23:59,FALSE,24hrs
ChIJdyuWXifRBZERL7akeaIyRfA,Sunday,Open 24 hours,00:00,23:59,FALSE,24hrs
ChIJe3XTfQbJBZERP7gk6MKAVFQ,Monday,"6:30AM-12PM,4-10PM",04:00,22:00,FALSE,standard
ChIJe3XTfQbJBZERP7gk6MKAVFQ,Tuesday,"6:30AM-12PM,4-10:30PM",04:00,22:30,FALSE,standard
ChIJe3XTfQbJBZERP7gk6MKAVFQ,Wednesday,"6:30AM-12PM,4-10PM",04:00,22:00,FALSE,standard
ChIJe3XTfQbJBZERP7gk6MKAVFQ,Thursday,"6:30AM-12PM,4-10PM",04:00,22:00,FALSE,standard
ChIJe3XTfQbJBZERP7gk6MKAVFQ,Friday,"6:30AM-12PM,4-8:30PM",04:00,20:30,FALSE,standard
ChIJe3XTfQbJBZERP7gk6MKAVFQ,Saturday,11AM-1PM,11:00,13:00,FALSE,standard
ChIJe3XTfQbJBZERP7gk6MKAVFQ,Sunday,Closed,NA,NA,TRUE,closed
ChIJe58qHQDPBZERcOlRkfXry8o,Monday,NA,NA,NA,TRUE,missing
ChIJe58qHQDPBZERcOlRkfXry8o,Tuesday,NA,NA,NA,TRUE,missing
ChIJe58qHQDPBZERcOlRkfXry8o,Wednesday,NA,NA,NA,TRUE,missing
ChIJe58qHQDPBZERcOlRkfXry8o,Thursday,NA,NA,NA,TRUE,missing
ChIJe58qHQDPBZERcOlRkfXry8o,Friday,NA,NA,NA,TRUE,missing
ChIJe58qHQDPBZERcOlRkfXry8o,Saturday,NA,NA,NA,TRUE,missing
ChIJe58qHQDPBZERcOlRkfXry8o,Sunday,NA,NA,NA,TRUE,missing
ChIJe8lhM-zJBZERvsFzVLnwZVE,Monday,NA,NA,NA,TRUE,missing
ChIJe8lhM-zJBZERvsFzVLnwZVE,Tuesday,NA,NA,NA,TRUE,missing
ChIJe8lhM-zJBZERvsFzVLnwZVE,Wednesday,NA,NA,NA,TRUE,missing
ChIJe8lhM-zJBZERvsFzVLnwZVE,Thursday,NA,NA,NA,TRUE,missing
ChIJe8lhM-zJBZERvsFzVLnwZVE,Friday,NA,NA,NA,TRUE,missing
ChIJe8lhM-zJBZERvsFzVLnwZVE,Saturday,NA,NA,NA,TRUE,missing
ChIJe8lhM-zJBZERvsFzVLnwZVE,Sunday,NA,NA,NA,TRUE,missing
ChIJeUrtvNnJBZERNyjbCLzob6k,Monday,"8AM-12PM,2-6PM,7-10PM",02:00,22:00,FALSE,standard
ChIJeUrtvNnJBZERNyjbCLzob6k,Tuesday,"8AM-12PM,2-6PM,7-10PM",02:00,22:00,FALSE,standard
ChIJeUrtvNnJBZERNyjbCLzob6k,Wednesday,"8AM-12PM,2-6PM,7-10PM",02:00,22:00,FALSE,standard
ChIJeUrtvNnJBZERNyjbCLzob6k,Thursday,"8AM-12PM,2-6PM,7-10PM",02:00,22:00,FALSE,standard
ChIJeUrtvNnJBZERNyjbCLzob6k,Friday,"8AM-12PM,2-6PM,7-10PM",02:00,22:00,FALSE,standard
ChIJeUrtvNnJBZERNyjbCLzob6k,Saturday,7AM-8PM,07:00,20:00,FALSE,standard
ChIJeUrtvNnJBZERNyjbCLzob6k,Sunday,Closed,NA,NA,TRUE,closed
ChIJeYNwkwnIBZER9ksmHYGbEuw,Monday,6AM-8PM,06:00,20:00,FALSE,standard
ChIJeYNwkwnIBZER9ksmHYGbEuw,Tuesday,6AM-8PM,06:00,20:00,FALSE,standard
ChIJeYNwkwnIBZER9ksmHYGbEuw,Wednesday,6AM-8PM,06:00,20:00,FALSE,standard
ChIJeYNwkwnIBZER9ksmHYGbEuw,Thursday,6AM-8PM,06:00,20:00,FALSE,standard
ChIJeYNwkwnIBZER9ksmHYGbEuw,Friday,6AM-8PM,06:00,20:00,FALSE,standard
ChIJeYNwkwnIBZER9ksmHYGbEuw,Saturday,10AM-1PM,10:00,13:00,FALSE,standard
ChIJeYNwkwnIBZER9ksmHYGbEuw,Sunday,Closed,NA,NA,TRUE,closed
ChIJeZn4EQDHBZERK-YhvBUA_nI,Monday,6AM-10:15PM,06:00,22:00,FALSE,standard
ChIJeZn4EQDHBZERK-YhvBUA_nI,Tuesday,6AM-10:15PM,06:00,22:00,FALSE,standard
ChIJeZn4EQDHBZERK-YhvBUA_nI,Wednesday,6AM-10:15PM,06:00,22:00,FALSE,standard
ChIJeZn4EQDHBZERK-YhvBUA_nI,Thursday,6AM-10:15PM,06:00,22:00,FALSE,standard
ChIJeZn4EQDHBZERK-YhvBUA_nI,Friday,6AM-10:15PM,06:00,22:00,FALSE,standard
ChIJeZn4EQDHBZERK-YhvBUA_nI,Saturday,10AM-2:30PM,10:00,14:30,FALSE,standard
ChIJeZn4EQDHBZERK-YhvBUA_nI,Sunday,Closed,NA,NA,TRUE,closed
ChIJeaNN3PW3BZER1JN21LAn4G4,Monday,NA,NA,NA,TRUE,missing
ChIJeaNN3PW3BZER1JN21LAn4G4,Tuesday,NA,NA,NA,TRUE,missing
ChIJeaNN3PW3BZER1JN21LAn4G4,Wednesday,NA,NA,NA,TRUE,missing
ChIJeaNN3PW3BZER1JN21LAn4G4,Thursday,NA,NA,NA,TRUE,missing
ChIJeaNN3PW3BZER1JN21LAn4G4,Friday,NA,NA,NA,TRUE,missing
ChIJeaNN3PW3BZER1JN21LAn4G4,Saturday,NA,NA,NA,TRUE,missing
ChIJeaNN3PW3BZER1JN21LAn4G4,Sunday,NA,NA,NA,TRUE,missing
ChIJf-tGXyvFBZERcKfPb9ruO40,Monday,6AM-9PM,06:00,21:00,FALSE,standard
ChIJf-tGXyvFBZERcKfPb9ruO40,Tuesday,6AM-9PM,06:00,21:00,FALSE,standard
ChIJf-tGXyvFBZERcKfPb9ruO40,Wednesday,6AM-9PM,06:00,21:00,FALSE,standard
ChIJf-tGXyvFBZERcKfPb9ruO40,Thursday,6AM-9PM,06:00,21:00,FALSE,standard
ChIJf-tGXyvFBZERcKfPb9ruO40,Friday,6AM-9PM,06:00,21:00,FALSE,standard
ChIJf-tGXyvFBZERcKfPb9ruO40,Saturday,Closed,NA,NA,TRUE,closed
ChIJf-tGXyvFBZERcKfPb9ruO40,Sunday,Closed,NA,NA,TRUE,closed
ChIJf9J7Su7QBZER5OjNsKwQDeI,Monday,NA,NA,NA,TRUE,missing
ChIJf9J7Su7QBZER5OjNsKwQDeI,Tuesday,NA,NA,NA,TRUE,missing
ChIJf9J7Su7QBZER5OjNsKwQDeI,Wednesday,NA,NA,NA,TRUE,missing
ChIJf9J7Su7QBZER5OjNsKwQDeI,Thursday,NA,NA,NA,TRUE,missing
ChIJf9J7Su7QBZER5OjNsKwQDeI,Friday,NA,NA,NA,TRUE,missing
ChIJf9J7Su7QBZER5OjNsKwQDeI,Saturday,NA,NA,NA,TRUE,missing
ChIJf9J7Su7QBZER5OjNsKwQDeI,Sunday,NA,NA,NA,TRUE,missing
ChIJfR7pXMrRBZERFdTSKfVDIKg,Monday,9AM-9PM,09:00,21:00,FALSE,standard
ChIJfR7pXMrRBZERFdTSKfVDIKg,Tuesday,9AM-9PM,09:00,21:00,FALSE,standard
ChIJfR7pXMrRBZERFdTSKfVDIKg,Wednesday,9AM-9PM,09:00,21:00,FALSE,standard
ChIJfR7pXMrRBZERFdTSKfVDIKg,Thursday,9AM-9PM,09:00,21:00,FALSE,standard
ChIJfR7pXMrRBZERFdTSKfVDIKg,Friday,9AM-9PM,09:00,21:00,FALSE,standard
ChIJfR7pXMrRBZERFdTSKfVDIKg,Saturday,9AM-9PM,09:00,21:00,FALSE,standard
ChIJfR7pXMrRBZERFdTSKfVDIKg,Sunday,Closed,NA,NA,TRUE,closed
ChIJfWAsKx_IBZERt1ZX_T0dxT4,Monday,"8AM-2PM,5-9PM",05:00,21:00,FALSE,standard
ChIJfWAsKx_IBZERt1ZX_T0dxT4,Tuesday,"8AM-2PM,5-9PM",05:00,21:00,FALSE,standard
ChIJfWAsKx_IBZERt1ZX_T0dxT4,Wednesday,"8AM-2PM,5-9PM",05:00,21:00,FALSE,standard
ChIJfWAsKx_IBZERt1ZX_T0dxT4,Thursday,"8AM-2PM,5-9PM",05:00,21:00,FALSE,standard
ChIJfWAsKx_IBZERt1ZX_T0dxT4,Friday,"8AM-2PM,5-9PM",05:00,21:00,FALSE,standard
ChIJfWAsKx_IBZERt1ZX_T0dxT4,Saturday,8AM-2PM,08:00,14:00,FALSE,standard
ChIJfWAsKx_IBZERt1ZX_T0dxT4,Sunday,Closed,NA,NA,TRUE,closed
ChIJgTAHm9HHBZERqH8Sfg4j4WQ,Monday,8AM-10PM,08:00,22:00,FALSE,standard
ChIJgTAHm9HHBZERqH8Sfg4j4WQ,Tuesday,8AM-10PM,08:00,22:00,FALSE,standard
ChIJgTAHm9HHBZERqH8Sfg4j4WQ,Wednesday,8AM-10PM,08:00,22:00,FALSE,standard
ChIJgTAHm9HHBZERqH8Sfg4j4WQ,Thursday,8AM-10PM,08:00,22:00,FALSE,standard
ChIJgTAHm9HHBZERqH8Sfg4j4WQ,Friday,8AM-10PM,08:00,22:00,FALSE,standard
ChIJgTAHm9HHBZERqH8Sfg4j4WQ,Saturday,8AM-1PM,08:00,13:00,FALSE,standard
ChIJgTAHm9HHBZERqH8Sfg4j4WQ,Sunday,Closed,NA,NA,TRUE,closed
ChIJgfP7ckzRBZERYV0OABgUnqA,Monday,9AM-10PM,09:00,22:00,FALSE,standard
ChIJgfP7ckzRBZERYV0OABgUnqA,Tuesday,9AM-10PM,09:00,22:00,FALSE,standard
ChIJgfP7ckzRBZERYV0OABgUnqA,Wednesday,9AM-10PM,09:00,22:00,FALSE,standard
ChIJgfP7ckzRBZERYV0OABgUnqA,Thursday,9AM-10PM,09:00,22:00,FALSE,standard
ChIJgfP7ckzRBZERYV0OABgUnqA,Friday,9AM-10PM,09:00,22:00,FALSE,standard
ChIJgfP7ckzRBZERYV0OABgUnqA,Saturday,9AM-10PM,09:00,22:00,FALSE,standard
ChIJgfP7ckzRBZERYV0OABgUnqA,Sunday,Closed,NA,NA,TRUE,closed
ChIJh4tNXAG3BZERzNdN3Wepyjo,Monday,NA,NA,NA,TRUE,missing
ChIJh4tNXAG3BZERzNdN3Wepyjo,Tuesday,NA,NA,NA,TRUE,missing
ChIJh4tNXAG3BZERzNdN3Wepyjo,Wednesday,NA,NA,NA,TRUE,missing
ChIJh4tNXAG3BZERzNdN3Wepyjo,Thursday,NA,NA,NA,TRUE,missing
ChIJh4tNXAG3BZERzNdN3Wepyjo,Friday,NA,NA,NA,TRUE,missing
ChIJh4tNXAG3BZERzNdN3Wepyjo,Saturday,NA,NA,NA,TRUE,missing
ChIJh4tNXAG3BZERzNdN3Wepyjo,Sunday,NA,NA,NA,TRUE,missing
ChIJi6uz63eYBZERB8CC3eo9-xM,Monday,NA,NA,NA,TRUE,missing
ChIJi6uz63eYBZERB8CC3eo9-xM,Tuesday,NA,NA,NA,TRUE,missing
ChIJi6uz63eYBZERB8CC3eo9-xM,Wednesday,NA,NA,NA,TRUE,missing
ChIJi6uz63eYBZERB8CC3eo9-xM,Thursday,NA,NA,NA,TRUE,missing
ChIJi6uz63eYBZERB8CC3eo9-xM,Friday,NA,NA,NA,TRUE,missing
ChIJi6uz63eYBZERB8CC3eo9-xM,Saturday,NA,NA,NA,TRUE,missing
ChIJi6uz63eYBZERB8CC3eo9-xM,Sunday,NA,NA,NA,TRUE,missing
ChIJiUD0uIzJBZERMtyqr78xuGk,Monday,7-10PM,07:00,22:00,FALSE,standard
ChIJiUD0uIzJBZERMtyqr78xuGk,Tuesday,3-10PM,03:00,22:00,FALSE,standard
ChIJiUD0uIzJBZERMtyqr78xuGk,Wednesday,7-10PM,07:00,22:00,FALSE,standard
ChIJiUD0uIzJBZERMtyqr78xuGk,Thursday,3-10PM,03:00,22:00,FALSE,standard
ChIJiUD0uIzJBZERMtyqr78xuGk,Friday,7-10PM,07:00,22:00,FALSE,standard
ChIJiUD0uIzJBZERMtyqr78xuGk,Saturday,9:30AM-2PM,09:30,14:00,FALSE,standard
ChIJiUD0uIzJBZERMtyqr78xuGk,Sunday,Closed,NA,NA,TRUE,closed
ChIJieoTqpHFBZEReDjwbQNIQmc,Monday,7AM-9PM,07:00,21:00,FALSE,standard
ChIJieoTqpHFBZEReDjwbQNIQmc,Tuesday,7AM-9PM,07:00,21:00,FALSE,standard
ChIJieoTqpHFBZEReDjwbQNIQmc,Wednesday,7AM-9PM,07:00,21:00,FALSE,standard
ChIJieoTqpHFBZEReDjwbQNIQmc,Thursday,7AM-9PM,07:00,21:00,FALSE,standard
ChIJieoTqpHFBZEReDjwbQNIQmc,Friday,7AM-9PM,07:00,21:00,FALSE,standard
ChIJieoTqpHFBZEReDjwbQNIQmc,Saturday,7AM-9PM,07:00,21:00,FALSE,standard
ChIJieoTqpHFBZEReDjwbQNIQmc,Sunday,7AM-9PM,07:00,21:00,FALSE,standard
ChIJj-vVKgrPBZERqLodth-aueI,Monday,6AM-10:30PM,06:00,22:30,FALSE,standard
ChIJj-vVKgrPBZERqLodth-aueI,Tuesday,6AM-10:30PM,06:00,22:30,FALSE,standard
ChIJj-vVKgrPBZERqLodth-aueI,Wednesday,6AM-10:30PM,06:00,22:30,FALSE,standard
ChIJj-vVKgrPBZERqLodth-aueI,Thursday,6AM-10:30PM,06:00,22:30,FALSE,standard
ChIJj-vVKgrPBZERqLodth-aueI,Friday,6AM-10:30PM,06:00,22:30,FALSE,standard
ChIJj-vVKgrPBZERqLodth-aueI,Saturday,6AM-10:30PM,06:00,22:30,FALSE,standard
ChIJj-vVKgrPBZERqLodth-aueI,Sunday,Closed,NA,NA,TRUE,closed
ChIJj0IXpKXFBZERJoi_5KYTcYw,Monday,Closed,NA,NA,TRUE,closed
ChIJj0IXpKXFBZERJoi_5KYTcYw,Tuesday,3-7PM,03:00,19:00,FALSE,standard
ChIJj0IXpKXFBZERJoi_5KYTcYw,Wednesday,Closed,NA,NA,TRUE,closed
ChIJj0IXpKXFBZERJoi_5KYTcYw,Thursday,3-7PM,03:00,19:00,FALSE,standard
ChIJj0IXpKXFBZERJoi_5KYTcYw,Friday,Closed,NA,NA,TRUE,closed
ChIJj0IXpKXFBZERJoi_5KYTcYw,Saturday,3-7PM,03:00,19:00,FALSE,standard
ChIJj0IXpKXFBZERJoi_5KYTcYw,Sunday,Closed,NA,NA,TRUE,closed
ChIJj4ZR05TLBZERZz0HklRYUlQ,Monday,"6-11AM,5:30-9:30PM",05:30,21:30,FALSE,standard
ChIJj4ZR05TLBZERZz0HklRYUlQ,Tuesday,"6-11AM,5:30-9:30PM",05:30,21:30,FALSE,standard
ChIJj4ZR05TLBZERZz0HklRYUlQ,Wednesday,"6-11AM,5:30-9:30PM",05:30,21:30,FALSE,standard
ChIJj4ZR05TLBZERZz0HklRYUlQ,Thursday,"6-11AM,5:30-9:30PM",05:30,21:30,FALSE,standard
ChIJj4ZR05TLBZERZz0HklRYUlQ,Friday,"6-11AM,5:30-9:30PM",05:30,21:30,FALSE,standard
ChIJj4ZR05TLBZERZz0HklRYUlQ,Saturday,9:30-11AM,09:30,11:00,FALSE,standard
ChIJj4ZR05TLBZERZz0HklRYUlQ,Sunday,Closed,NA,NA,TRUE,closed
ChIJjY4SOaZ1BZERRHxcdzy-H4Y,Monday,NA,NA,NA,TRUE,missing
ChIJjY4SOaZ1BZERRHxcdzy-H4Y,Tuesday,NA,NA,NA,TRUE,missing
ChIJjY4SOaZ1BZERRHxcdzy-H4Y,Wednesday,NA,NA,NA,TRUE,missing
ChIJjY4SOaZ1BZERRHxcdzy-H4Y,Thursday,NA,NA,NA,TRUE,missing
ChIJjY4SOaZ1BZERRHxcdzy-H4Y,Friday,NA,NA,NA,TRUE,missing
ChIJjY4SOaZ1BZERRHxcdzy-H4Y,Saturday,NA,NA,NA,TRUE,missing
ChIJjY4SOaZ1BZERRHxcdzy-H4Y,Sunday,NA,NA,NA,TRUE,missing
ChIJk8SzSkDOBZERCTZ3zE24RQw,Monday,7AM-11PM,07:00,23:00,FALSE,standard
ChIJk8SzSkDOBZERCTZ3zE24RQw,Tuesday,7AM-11PM,07:00,23:00,FALSE,standard
ChIJk8SzSkDOBZERCTZ3zE24RQw,Wednesday,7AM-11PM,07:00,23:00,FALSE,standard
ChIJk8SzSkDOBZERCTZ3zE24RQw,Thursday,7AM-11PM,07:00,23:00,FALSE,standard
ChIJk8SzSkDOBZERCTZ3zE24RQw,Friday,7AM-11PM,07:00,23:00,FALSE,standard
ChIJk8SzSkDOBZERCTZ3zE24RQw,Saturday,7AM-11PM,07:00,23:00,FALSE,standard
ChIJk8SzSkDOBZERCTZ3zE24RQw,Sunday,7AM-11PM,07:00,23:00,FALSE,standard
ChIJkXP02G3JBZERHLuIe0SQAHM,Monday,"6-11AM,5-10PM",05:00,22:00,FALSE,standard
ChIJkXP02G3JBZERHLuIe0SQAHM,Tuesday,"6-11AM,5-10PM",05:00,22:00,FALSE,standard
ChIJkXP02G3JBZERHLuIe0SQAHM,Wednesday,"6-11AM,5-10PM",05:00,22:00,FALSE,standard
ChIJkXP02G3JBZERHLuIe0SQAHM,Thursday,"6-11AM,5-10PM",05:00,22:00,FALSE,standard
ChIJkXP02G3JBZERHLuIe0SQAHM,Friday,"6-11AM,5-10PM",05:00,22:00,FALSE,standard
ChIJkXP02G3JBZERHLuIe0SQAHM,Saturday,10AM-12PM,10:00,12:00,FALSE,standard
ChIJkXP02G3JBZERHLuIe0SQAHM,Sunday,Closed,NA,NA,TRUE,closed
ChIJkb7L-yPHBZERvMfhofqs9f0,Monday,6AM-10:30PM,06:00,22:30,FALSE,standard
ChIJkb7L-yPHBZERvMfhofqs9f0,Tuesday,6AM-10:30PM,06:00,22:30,FALSE,standard
ChIJkb7L-yPHBZERvMfhofqs9f0,Wednesday,6AM-10:30PM,06:00,22:30,FALSE,standard
ChIJkb7L-yPHBZERvMfhofqs9f0,Thursday,6AM-10:30PM,06:00,22:30,FALSE,standard
ChIJkb7L-yPHBZERvMfhofqs9f0,Friday,6AM-10:30PM,06:00,22:30,FALSE,standard
ChIJkb7L-yPHBZERvMfhofqs9f0,Saturday,11AM-2PM,11:00,14:00,FALSE,standard
ChIJkb7L-yPHBZERvMfhofqs9f0,Sunday,Closed,NA,NA,TRUE,closed
ChIJkfQshOjFBZERHZm1o7HcYTE,Monday,Open 24 hours,00:00,23:59,FALSE,24hrs
ChIJkfQshOjFBZERHZm1o7HcYTE,Tuesday,Open 24 hours,00:00,23:59,FALSE,24hrs
ChIJkfQshOjFBZERHZm1o7HcYTE,Wednesday,Open 24 hours,00:00,23:59,FALSE,24hrs
ChIJkfQshOjFBZERHZm1o7HcYTE,Thursday,Open 24 hours,00:00,23:59,FALSE,24hrs
ChIJkfQshOjFBZERHZm1o7HcYTE,Friday,Open 24 hours,00:00,23:59,FALSE,24hrs
ChIJkfQshOjFBZERHZm1o7HcYTE,Saturday,Closed,NA,NA,TRUE,closed
ChIJkfQshOjFBZERHZm1o7HcYTE,Sunday,Closed,NA,NA,TRUE,closed
ChIJkwetawDPBZERe4-TTmC1ho0,Monday,6AM-11PM,06:00,23:00,FALSE,standard
ChIJkwetawDPBZERe4-TTmC1ho0,Tuesday,6AM-11PM,06:00,23:00,FALSE,standard
ChIJkwetawDPBZERe4-TTmC1ho0,Wednesday,6AM-11PM,06:00,23:00,FALSE,standard
ChIJkwetawDPBZERe4-TTmC1ho0,Thursday,6AM-11PM,06:00,23:00,FALSE,standard
ChIJkwetawDPBZERe4-TTmC1ho0,Friday,6AM-11PM,06:00,23:00,FALSE,standard
ChIJkwetawDPBZERe4-TTmC1ho0,Saturday,6AM-11PM,06:00,23:00,FALSE,standard
ChIJkwetawDPBZERe4-TTmC1ho0,Sunday,Closed,NA,NA,TRUE,closed
ChIJl-OE-4bIBZERA407nV0og0Y,Monday,6AM-10PM,06:00,22:00,FALSE,standard
ChIJl-OE-4bIBZERA407nV0og0Y,Tuesday,11:30AM-8:30PM,11:30,20:30,FALSE,standard
ChIJl-OE-4bIBZERA407nV0og0Y,Wednesday,6AM-10PM,06:00,22:00,FALSE,standard
ChIJl-OE-4bIBZERA407nV0og0Y,Thursday,11:30AM-8:30PM,11:30,20:30,FALSE,standard
ChIJl-OE-4bIBZERA407nV0og0Y,Friday,6AM-10PM,06:00,22:00,FALSE,standard
ChIJl-OE-4bIBZERA407nV0og0Y,Saturday,11:30AM-5:30PM,11:30,17:30,FALSE,standard
ChIJl-OE-4bIBZERA407nV0og0Y,Sunday,Closed,NA,NA,TRUE,closed
ChIJl0MWi2DPBZERgFcEjhaUsr4,Monday,NA,NA,NA,TRUE,missing
ChIJl0MWi2DPBZERgFcEjhaUsr4,Tuesday,NA,NA,NA,TRUE,missing
ChIJl0MWi2DPBZERgFcEjhaUsr4,Wednesday,NA,NA,NA,TRUE,missing
ChIJl0MWi2DPBZERgFcEjhaUsr4,Thursday,NA,NA,NA,TRUE,missing
ChIJl0MWi2DPBZERgFcEjhaUsr4,Friday,NA,NA,NA,TRUE,missing
ChIJl0MWi2DPBZERgFcEjhaUsr4,Saturday,NA,NA,NA,TRUE,missing
ChIJl0MWi2DPBZERgFcEjhaUsr4,Sunday,NA,NA,NA,TRUE,missing
ChIJl7jBoyrPBZER7uggoGyGutA,Monday,4-9PM,04:00,21:00,FALSE,standard
ChIJl7jBoyrPBZER7uggoGyGutA,Tuesday,5-9PM,05:00,21:00,FALSE,standard
ChIJl7jBoyrPBZER7uggoGyGutA,Wednesday,4-9PM,04:00,21:00,FALSE,standard
ChIJl7jBoyrPBZER7uggoGyGutA,Thursday,5-9PM,05:00,21:00,FALSE,standard
ChIJl7jBoyrPBZER7uggoGyGutA,Friday,4-9PM,04:00,21:00,FALSE,standard
ChIJl7jBoyrPBZER7uggoGyGutA,Saturday,10AM-12PM,10:00,12:00,FALSE,standard
ChIJl7jBoyrPBZER7uggoGyGutA,Sunday,Closed,NA,NA,TRUE,closed
ChIJl8KifKTVBZERAZzwbANiMV4,Monday,8AM-10:30PM,08:00,22:30,FALSE,standard
ChIJl8KifKTVBZERAZzwbANiMV4,Tuesday,8AM-10:30PM,08:00,22:30,FALSE,standard
ChIJl8KifKTVBZERAZzwbANiMV4,Wednesday,8AM-10:30PM,08:00,22:30,FALSE,standard
ChIJl8KifKTVBZERAZzwbANiMV4,Thursday,8AM-10:30PM,08:00,22:30,FALSE,standard
ChIJl8KifKTVBZERAZzwbANiMV4,Friday,8AM-10:30PM,08:00,22:30,FALSE,standard
ChIJl8KifKTVBZERAZzwbANiMV4,Saturday,8AM-12PM,08:00,12:00,FALSE,standard
ChIJl8KifKTVBZERAZzwbANiMV4,Sunday,8AM-12PM,08:00,12:00,FALSE,standard
ChIJlYGuR9nIBZERDTNNPHOPDrE,Monday,7AM-9PM,07:00,21:00,FALSE,standard
ChIJlYGuR9nIBZERDTNNPHOPDrE,Tuesday,7AM-9PM,07:00,21:00,FALSE,standard
ChIJlYGuR9nIBZERDTNNPHOPDrE,Wednesday,7AM-9PM,07:00,21:00,FALSE,standard
ChIJlYGuR9nIBZERDTNNPHOPDrE,Thursday,7AM-9PM,07:00,21:00,FALSE,standard
ChIJlYGuR9nIBZERDTNNPHOPDrE,Friday,7AM-9PM,07:00,21:00,FALSE,standard
ChIJlYGuR9nIBZERDTNNPHOPDrE,Saturday,7AM-9PM,07:00,21:00,FALSE,standard
ChIJlYGuR9nIBZERDTNNPHOPDrE,Sunday,Closed,NA,NA,TRUE,closed
ChIJlbGtU7_LBZERmVRwOcVZAmg,Monday,NA,NA,NA,TRUE,missing
ChIJlbGtU7_LBZERmVRwOcVZAmg,Tuesday,NA,NA,NA,TRUE,missing
ChIJlbGtU7_LBZERmVRwOcVZAmg,Wednesday,NA,NA,NA,TRUE,missing
ChIJlbGtU7_LBZERmVRwOcVZAmg,Thursday,NA,NA,NA,TRUE,missing
ChIJlbGtU7_LBZERmVRwOcVZAmg,Friday,NA,NA,NA,TRUE,missing
ChIJlbGtU7_LBZERmVRwOcVZAmg,Saturday,NA,NA,NA,TRUE,missing
ChIJlbGtU7_LBZERmVRwOcVZAmg,Sunday,NA,NA,NA,TRUE,missing
ChIJleickSfFBZERvxocs06mECI,Monday,"7AM-1PM,5:30-10PM",05:30,22:00,FALSE,standard
ChIJleickSfFBZERvxocs06mECI,Tuesday,"7AM-1PM,5:30-10PM",05:30,22:00,FALSE,standard
ChIJleickSfFBZERvxocs06mECI,Wednesday,"7AM-1PM,5:30-10PM",05:30,22:00,FALSE,standard
ChIJleickSfFBZERvxocs06mECI,Thursday,"7AM-1PM,5:30-10PM",05:30,22:00,FALSE,standard
ChIJleickSfFBZERvxocs06mECI,Friday,"7AM-1PM,5:30-10PM",05:30,22:00,FALSE,standard
ChIJleickSfFBZERvxocs06mECI,Saturday,Closed,NA,NA,TRUE,closed
ChIJleickSfFBZERvxocs06mECI,Sunday,Closed,NA,NA,TRUE,closed
ChIJm6XxcgS5BZER8rNsS3pqcIk,Monday,"7-11:30AM,4-11PM",04:00,23:00,FALSE,standard
ChIJm6XxcgS5BZER8rNsS3pqcIk,Tuesday,Closed,NA,NA,TRUE,closed
ChIJm6XxcgS5BZER8rNsS3pqcIk,Wednesday,"7-11:30AM,4-11PM",04:00,23:00,FALSE,standard
ChIJm6XxcgS5BZER8rNsS3pqcIk,Thursday,Closed,NA,NA,TRUE,closed
ChIJm6XxcgS5BZER8rNsS3pqcIk,Friday,"7-11:30AM,4-11PM",04:00,23:00,FALSE,standard
ChIJm6XxcgS5BZER8rNsS3pqcIk,Saturday,10AM-12PM,10:00,12:00,FALSE,standard
ChIJm6XxcgS5BZER8rNsS3pqcIk,Sunday,Closed,NA,NA,TRUE,closed
ChIJn7sYPwDJBZER8XVYDRxEe8E,Monday,6:30AM-9:30PM,06:30,21:30,FALSE,standard
ChIJn7sYPwDJBZER8XVYDRxEe8E,Tuesday,6:30AM-9:30PM,06:30,21:30,FALSE,standard
ChIJn7sYPwDJBZER8XVYDRxEe8E,Wednesday,6:30AM-9:30PM,06:30,21:30,FALSE,standard
ChIJn7sYPwDJBZER8XVYDRxEe8E,Thursday,6:30AM-9:30PM,06:30,21:30,FALSE,standard
ChIJn7sYPwDJBZER8XVYDRxEe8E,Friday,6:30AM-9:30PM,06:30,21:30,FALSE,standard
ChIJn7sYPwDJBZER8XVYDRxEe8E,Saturday,10:30AM-1PM,10:30,13:00,FALSE,standard
ChIJn7sYPwDJBZER8XVYDRxEe8E,Sunday,Closed,NA,NA,TRUE,closed
ChIJo5dfznG7BZERUKPgRmSt_tE,Monday,9AM-9:30PM,09:00,21:30,FALSE,standard
ChIJo5dfznG7BZERUKPgRmSt_tE,Tuesday,9AM-9:30PM,09:00,21:30,FALSE,standard
ChIJo5dfznG7BZERUKPgRmSt_tE,Wednesday,9AM-9:30PM,09:00,21:30,FALSE,standard
ChIJo5dfznG7BZERUKPgRmSt_tE,Thursday,9AM-9:30PM,09:00,21:30,FALSE,standard
ChIJo5dfznG7BZERUKPgRmSt_tE,Friday,9AM-9:30PM,09:00,21:30,FALSE,standard
ChIJo5dfznG7BZERUKPgRmSt_tE,Saturday,9AM-9:30PM,09:00,21:30,FALSE,standard
ChIJo5dfznG7BZERUKPgRmSt_tE,Sunday,Closed,NA,NA,TRUE,closed
ChIJoX5d-zW3BZERvLanKo27QSY,Monday,8AM-9PM,08:00,21:00,FALSE,standard
ChIJoX5d-zW3BZERvLanKo27QSY,Tuesday,8AM-9PM,08:00,21:00,FALSE,standard
ChIJoX5d-zW3BZERvLanKo27QSY,Wednesday,8AM-9PM,08:00,21:00,FALSE,standard
ChIJoX5d-zW3BZERvLanKo27QSY,Thursday,8AM-9PM,08:00,21:00,FALSE,standard
ChIJoX5d-zW3BZERvLanKo27QSY,Friday,8AM-9PM,08:00,21:00,FALSE,standard
ChIJoX5d-zW3BZERvLanKo27QSY,Saturday,8AM-9PM,08:00,21:00,FALSE,standard
ChIJoX5d-zW3BZERvLanKo27QSY,Sunday,Closed,NA,NA,TRUE,closed
ChIJp8E3VQ3PBZERnloYE0DqDw4,Monday,7AM-10:30PM,07:00,22:30,FALSE,standard
ChIJp8E3VQ3PBZERnloYE0DqDw4,Tuesday,7AM-10:30PM,07:00,22:30,FALSE,standard
ChIJp8E3VQ3PBZERnloYE0DqDw4,Wednesday,7AM-10:30PM,07:00,22:30,FALSE,standard
ChIJp8E3VQ3PBZERnloYE0DqDw4,Thursday,7AM-10:30PM,07:00,22:30,FALSE,standard
ChIJp8E3VQ3PBZERnloYE0DqDw4,Friday,7AM-10:30PM,07:00,22:30,FALSE,standard
ChIJp8E3VQ3PBZERnloYE0DqDw4,Saturday,7AM-10PM,07:00,22:00,FALSE,standard
ChIJp8E3VQ3PBZERnloYE0DqDw4,Sunday,Closed,NA,NA,TRUE,closed
ChIJpbOPHQDPBZERgNhOqhBdNlI,Monday,"6-9AM,5-10:30PM",05:00,22:30,FALSE,standard
ChIJpbOPHQDPBZERgNhOqhBdNlI,Tuesday,"6-9AM,5-10:30PM",05:00,22:30,FALSE,standard
ChIJpbOPHQDPBZERgNhOqhBdNlI,Wednesday,"6-9AM,5-10:30PM",05:00,22:30,FALSE,standard
ChIJpbOPHQDPBZERgNhOqhBdNlI,Thursday,"6-9AM,5-10:30PM",05:00,22:30,FALSE,standard
ChIJpbOPHQDPBZERgNhOqhBdNlI,Friday,"6-9AM,5-10:30PM",05:00,22:30,FALSE,standard
ChIJpbOPHQDPBZERgNhOqhBdNlI,Saturday,10AM-1PM,10:00,13:00,FALSE,standard
ChIJpbOPHQDPBZERgNhOqhBdNlI,Sunday,Closed,NA,NA,TRUE,closed
ChIJpx8PrxK5BZER6zsdCeVE_ks,Monday,7AM-10PM,07:00,22:00,FALSE,standard
ChIJpx8PrxK5BZER6zsdCeVE_ks,Tuesday,7AM-10PM,07:00,22:00,FALSE,standard
ChIJpx8PrxK5BZER6zsdCeVE_ks,Wednesday,7AM-10PM,07:00,22:00,FALSE,standard
ChIJpx8PrxK5BZER6zsdCeVE_ks,Thursday,7AM-10PM,07:00,22:00,FALSE,standard
ChIJpx8PrxK5BZER6zsdCeVE_ks,Friday,7AM-10PM,07:00,22:00,FALSE,standard
ChIJpx8PrxK5BZER6zsdCeVE_ks,Saturday,7AM-7PM,07:00,19:00,FALSE,standard
ChIJpx8PrxK5BZER6zsdCeVE_ks,Sunday,7AM-12PM,07:00,12:00,FALSE,standard
ChIJq4XJ2-nPBZERtqn6GDsB-cQ,Monday,8AM-8PM,08:00,20:00,FALSE,standard
ChIJq4XJ2-nPBZERtqn6GDsB-cQ,Tuesday,Closed,NA,NA,TRUE,closed
ChIJq4XJ2-nPBZERtqn6GDsB-cQ,Wednesday,8AM-8PM,08:00,20:00,FALSE,standard
ChIJq4XJ2-nPBZERtqn6GDsB-cQ,Thursday,Closed,NA,NA,TRUE,closed
ChIJq4XJ2-nPBZERtqn6GDsB-cQ,Friday,8AM-8PM,08:00,20:00,FALSE,standard
ChIJq4XJ2-nPBZERtqn6GDsB-cQ,Saturday,Closed,NA,NA,TRUE,closed
ChIJq4XJ2-nPBZERtqn6GDsB-cQ,Sunday,8-10AM,08:00,10:00,FALSE,standard
ChIJqSHozRjIBZERtbsnNkuMfng,Monday,6:30AM-10PM,06:30,22:00,FALSE,standard
ChIJqSHozRjIBZERtbsnNkuMfng,Tuesday,6:30AM-10PM,06:30,22:00,FALSE,standard
ChIJqSHozRjIBZERtbsnNkuMfng,Wednesday,6:30AM-10PM,06:30,22:00,FALSE,standard
ChIJqSHozRjIBZERtbsnNkuMfng,Thursday,6:30AM-10PM,06:30,22:00,FALSE,standard
ChIJqSHozRjIBZERtbsnNkuMfng,Friday,6:30AM-10PM,06:30,22:00,FALSE,standard
ChIJqSHozRjIBZERtbsnNkuMfng,Saturday,8AM-5:30PM,08:00,17:30,FALSE,standard
ChIJqSHozRjIBZERtbsnNkuMfng,Sunday,Closed,NA,NA,TRUE,closed
ChIJqT3IfADFBZERiGYMI6Qk8xc,Monday,6AM-10PM,06:00,22:00,FALSE,standard
ChIJqT3IfADFBZERiGYMI6Qk8xc,Tuesday,6AM-10PM,06:00,22:00,FALSE,standard
ChIJqT3IfADFBZERiGYMI6Qk8xc,Wednesday,6AM-10PM,06:00,22:00,FALSE,standard
ChIJqT3IfADFBZERiGYMI6Qk8xc,Thursday,6AM-10PM,06:00,22:00,FALSE,standard
ChIJqT3IfADFBZERiGYMI6Qk8xc,Friday,6AM-10PM,06:00,22:00,FALSE,standard
ChIJqT3IfADFBZERiGYMI6Qk8xc,Saturday,10AM-1PM,10:00,13:00,FALSE,standard
ChIJqT3IfADFBZERiGYMI6Qk8xc,Sunday,Closed,NA,NA,TRUE,closed
ChIJr4hIAu_LBZERILPbEM-CM9w,Monday,NA,NA,NA,TRUE,missing
ChIJr4hIAu_LBZERILPbEM-CM9w,Tuesday,NA,NA,NA,TRUE,missing
ChIJr4hIAu_LBZERILPbEM-CM9w,Wednesday,NA,NA,NA,TRUE,missing
ChIJr4hIAu_LBZERILPbEM-CM9w,Thursday,NA,NA,NA,TRUE,missing
ChIJr4hIAu_LBZERILPbEM-CM9w,Friday,NA,NA,NA,TRUE,missing
ChIJr4hIAu_LBZERILPbEM-CM9w,Saturday,NA,NA,NA,TRUE,missing
ChIJr4hIAu_LBZERILPbEM-CM9w,Sunday,NA,NA,NA,TRUE,missing
ChIJrQBS6LjDBZERZTLseobjQDo,Monday,7AM-8:30PM,07:00,20:30,FALSE,standard
ChIJrQBS6LjDBZERZTLseobjQDo,Tuesday,Closed,NA,NA,TRUE,closed
ChIJrQBS6LjDBZERZTLseobjQDo,Wednesday,7AM-8:30PM,07:00,20:30,FALSE,standard
ChIJrQBS6LjDBZERZTLseobjQDo,Thursday,Closed,NA,NA,TRUE,closed
ChIJrQBS6LjDBZERZTLseobjQDo,Friday,7AM-8:30PM,07:00,20:30,FALSE,standard
ChIJrQBS6LjDBZERZTLseobjQDo,Saturday,Closed,NA,NA,TRUE,closed
ChIJrQBS6LjDBZERZTLseobjQDo,Sunday,7AM-12PM,07:00,12:00,FALSE,standard
ChIJsZ2tIsLHBZER37S3_pK3UIs,Monday,7AM-10:30PM,07:00,22:30,FALSE,standard
ChIJsZ2tIsLHBZER37S3_pK3UIs,Tuesday,7AM-10:30PM,07:00,22:30,FALSE,standard
ChIJsZ2tIsLHBZER37S3_pK3UIs,Wednesday,7AM-10:30PM,07:00,22:30,FALSE,standard
ChIJsZ2tIsLHBZER37S3_pK3UIs,Thursday,7AM-10:30PM,07:00,22:30,FALSE,standard
ChIJsZ2tIsLHBZER37S3_pK3UIs,Friday,7AM-10:30PM,07:00,22:30,FALSE,standard
ChIJsZ2tIsLHBZER37S3_pK3UIs,Saturday,9AM-1PM,09:00,13:00,FALSE,standard
ChIJsZ2tIsLHBZER37S3_pK3UIs,Sunday,Closed,NA,NA,TRUE,closed
ChIJtdJazrDh8YsRSc-mT_xbFvs,Monday,Open 24 hours,00:00,23:59,FALSE,24hrs
ChIJtdJazrDh8YsRSc-mT_xbFvs,Tuesday,Open 24 hours,00:00,23:59,FALSE,24hrs
ChIJtdJazrDh8YsRSc-mT_xbFvs,Wednesday,Open 24 hours,00:00,23:59,FALSE,24hrs
ChIJtdJazrDh8YsRSc-mT_xbFvs,Thursday,Open 24 hours,00:00,23:59,FALSE,24hrs
ChIJtdJazrDh8YsRSc-mT_xbFvs,Friday,Open 24 hours,00:00,23:59,FALSE,24hrs
ChIJtdJazrDh8YsRSc-mT_xbFvs,Saturday,6:30AM-12PM,06:30,12:00,FALSE,standard
ChIJtdJazrDh8YsRSc-mT_xbFvs,Sunday,10AM-12AM,10:00,00:00,FALSE,standard
ChIJtd_NNADpBZERnKKzBELjDA0,Monday,NA,NA,NA,TRUE,missing
ChIJtd_NNADpBZERnKKzBELjDA0,Tuesday,NA,NA,NA,TRUE,missing
ChIJtd_NNADpBZERnKKzBELjDA0,Wednesday,NA,NA,NA,TRUE,missing
ChIJtd_NNADpBZERnKKzBELjDA0,Thursday,NA,NA,NA,TRUE,missing
ChIJtd_NNADpBZERnKKzBELjDA0,Friday,NA,NA,NA,TRUE,missing
ChIJtd_NNADpBZERnKKzBELjDA0,Saturday,NA,NA,NA,TRUE,missing
ChIJtd_NNADpBZERnKKzBELjDA0,Sunday,NA,NA,NA,TRUE,missing
ChIJtwb4dADJBZER1-b2zKidZzU,Monday,10AM-9PM,10:00,21:00,FALSE,standard
ChIJtwb4dADJBZER1-b2zKidZzU,Tuesday,11AM-9PM,11:00,21:00,FALSE,standard
ChIJtwb4dADJBZER1-b2zKidZzU,Wednesday,10AM-9PM,10:00,21:00,FALSE,standard
ChIJtwb4dADJBZER1-b2zKidZzU,Thursday,11AM-9PM,11:00,21:00,FALSE,standard
ChIJtwb4dADJBZER1-b2zKidZzU,Friday,10AM-9PM,10:00,21:00,FALSE,standard
ChIJtwb4dADJBZER1-b2zKidZzU,Saturday,Closed,NA,NA,TRUE,closed
ChIJtwb4dADJBZER1-b2zKidZzU,Sunday,Closed,NA,NA,TRUE,closed
ChIJuSGxkgrRBZER1xdiRMDhh04,Monday,7AM-11PM,07:00,23:00,FALSE,standard
ChIJuSGxkgrRBZER1xdiRMDhh04,Tuesday,7AM-11PM,07:00,23:00,FALSE,standard
ChIJuSGxkgrRBZER1xdiRMDhh04,Wednesday,7AM-11PM,07:00,23:00,FALSE,standard
ChIJuSGxkgrRBZER1xdiRMDhh04,Thursday,7AM-11PM,07:00,23:00,FALSE,standard
ChIJuSGxkgrRBZER1xdiRMDhh04,Friday,7AM-11PM,07:00,23:00,FALSE,standard
ChIJuSGxkgrRBZER1xdiRMDhh04,Saturday,7AM-6PM,07:00,18:00,FALSE,standard
ChIJuSGxkgrRBZER1xdiRMDhh04,Sunday,Closed,NA,NA,TRUE,closed
ChIJubZD0HvFBZERQWkbdUOlvgQ,Monday,9AM-8:30PM,09:00,20:30,FALSE,standard
ChIJubZD0HvFBZERQWkbdUOlvgQ,Tuesday,9AM-8:30PM,09:00,20:30,FALSE,standard
ChIJubZD0HvFBZERQWkbdUOlvgQ,Wednesday,9AM-8:30PM,09:00,20:30,FALSE,standard
ChIJubZD0HvFBZERQWkbdUOlvgQ,Thursday,9AM-8:30PM,09:00,20:30,FALSE,standard
ChIJubZD0HvFBZERQWkbdUOlvgQ,Friday,9AM-8:30PM,09:00,20:30,FALSE,standard
ChIJubZD0HvFBZERQWkbdUOlvgQ,Saturday,9AM-8:30PM,09:00,20:30,FALSE,standard
ChIJubZD0HvFBZERQWkbdUOlvgQ,Sunday,8AM-1PM,08:00,13:00,FALSE,standard
ChIJvRitl9XJBZERpWI5jNsJq0k,Monday,7-8:30PM,07:00,20:30,FALSE,standard
ChIJvRitl9XJBZERpWI5jNsJq0k,Tuesday,7-8:30PM,07:00,20:30,FALSE,standard
ChIJvRitl9XJBZERpWI5jNsJq0k,Wednesday,Closed,NA,NA,TRUE,closed
ChIJvRitl9XJBZERpWI5jNsJq0k,Thursday,7-8:30PM,07:00,20:30,FALSE,standard
ChIJvRitl9XJBZERpWI5jNsJq0k,Friday,Closed,NA,NA,TRUE,closed
ChIJvRitl9XJBZERpWI5jNsJq0k,Saturday,11:30AM-1PM,11:30,13:00,FALSE,standard
ChIJvRitl9XJBZERpWI5jNsJq0k,Sunday,Closed,NA,NA,TRUE,closed
ChIJvXw3qH7JBZERLNp_Vfw8XJo,Monday,"6-7AM,7-9:30PM",06:00,21:30,FALSE,standard
ChIJvXw3qH7JBZERLNp_Vfw8XJo,Tuesday,"7-8AM,7-9:30PM",07:00,21:30,FALSE,standard
ChIJvXw3qH7JBZERLNp_Vfw8XJo,Wednesday,"6-7AM,7-9:30PM",06:00,21:30,FALSE,standard
ChIJvXw3qH7JBZERLNp_Vfw8XJo,Thursday,"7-8AM,7-9:30PM",07:00,21:30,FALSE,standard
ChIJvXw3qH7JBZERLNp_Vfw8XJo,Friday,"6-7AM,7-9:30PM",06:00,21:30,FALSE,standard
ChIJvXw3qH7JBZERLNp_Vfw8XJo,Saturday,Closed,NA,NA,TRUE,closed
ChIJvXw3qH7JBZERLNp_Vfw8XJo,Sunday,Closed,NA,NA,TRUE,closed
ChIJvYHKt3-jBZEROnva_mUx-X0,Monday,8AM-9PM,08:00,21:00,FALSE,standard
ChIJvYHKt3-jBZEROnva_mUx-X0,Tuesday,8AM-9PM,08:00,21:00,FALSE,standard
ChIJvYHKt3-jBZEROnva_mUx-X0,Wednesday,8AM-9PM,08:00,21:00,FALSE,standard
ChIJvYHKt3-jBZEROnva_mUx-X0,Thursday,8AM-9PM,08:00,21:00,FALSE,standard
ChIJvYHKt3-jBZEROnva_mUx-X0,Friday,8AM-9PM,08:00,21:00,FALSE,standard
ChIJvYHKt3-jBZEROnva_mUx-X0,Saturday,8AM-9PM,08:00,21:00,FALSE,standard
ChIJvYHKt3-jBZEROnva_mUx-X0,Sunday,8AM-9PM,08:00,21:00,FALSE,standard
ChIJv_9GrX3JBZERpdIfG8ujNTI,Monday,"7-10AM,7-10:30PM",07:00,22:30,FALSE,standard
ChIJv_9GrX3JBZERpdIfG8ujNTI,Tuesday,7-10:30PM,07:00,22:30,FALSE,standard
ChIJv_9GrX3JBZERpdIfG8ujNTI,Wednesday,"7-10AM,7-10:30PM",07:00,22:30,FALSE,standard
ChIJv_9GrX3JBZERpdIfG8ujNTI,Thursday,7-10:30PM,07:00,22:30,FALSE,standard
ChIJv_9GrX3JBZERpdIfG8ujNTI,Friday,"7-10AM,7-10PM",07:00,22:00,FALSE,standard
ChIJv_9GrX3JBZERpdIfG8ujNTI,Saturday,Closed,NA,NA,TRUE,closed
ChIJv_9GrX3JBZERpdIfG8ujNTI,Sunday,Closed,NA,NA,TRUE,closed
ChIJvacSRQDVBZERBxHZNVWjEjw,Monday,7AM-10:30PM,07:00,22:30,FALSE,standard
ChIJvacSRQDVBZERBxHZNVWjEjw,Tuesday,7AM-10:30PM,07:00,22:30,FALSE,standard
ChIJvacSRQDVBZERBxHZNVWjEjw,Wednesday,7AM-10:30PM,07:00,22:30,FALSE,standard
ChIJvacSRQDVBZERBxHZNVWjEjw,Thursday,7AM-10:30PM,07:00,22:30,FALSE,standard
ChIJvacSRQDVBZERBxHZNVWjEjw,Friday,7AM-10:30PM,07:00,22:30,FALSE,standard
ChIJvacSRQDVBZERBxHZNVWjEjw,Saturday,9AM-10:30PM,09:00,22:30,FALSE,standard
ChIJvacSRQDVBZERBxHZNVWjEjw,Sunday,9AM-2:30PM,09:00,14:30,FALSE,standard
ChIJvwqpvkHHBZERdO0CswW9ZsU,Monday,3:30-8PM,03:30,20:00,FALSE,standard
ChIJvwqpvkHHBZERdO0CswW9ZsU,Tuesday,3:30-8PM,03:30,20:00,FALSE,standard
ChIJvwqpvkHHBZERdO0CswW9ZsU,Wednesday,3:30-8PM,03:30,20:00,FALSE,standard
ChIJvwqpvkHHBZERdO0CswW9ZsU,Thursday,3:30-8PM,03:30,20:00,FALSE,standard
ChIJvwqpvkHHBZERdO0CswW9ZsU,Friday,3:30-8PM,03:30,20:00,FALSE,standard
ChIJvwqpvkHHBZERdO0CswW9ZsU,Saturday,Closed,NA,NA,TRUE,closed
ChIJvwqpvkHHBZERdO0CswW9ZsU,Sunday,Closed,NA,NA,TRUE,closed
ChIJvxVDJhq5BZERQHmnynp95sg,Monday,7AM-10PM,07:00,22:00,FALSE,standard
ChIJvxVDJhq5BZERQHmnynp95sg,Tuesday,7AM-10PM,07:00,22:00,FALSE,standard
ChIJvxVDJhq5BZERQHmnynp95sg,Wednesday,7AM-10PM,07:00,22:00,FALSE,standard
ChIJvxVDJhq5BZERQHmnynp95sg,Thursday,7AM-10PM,07:00,22:00,FALSE,standard
ChIJvxVDJhq5BZERQHmnynp95sg,Friday,7:30AM-10PM,07:30,22:00,FALSE,standard
ChIJvxVDJhq5BZERQHmnynp95sg,Saturday,Closed,NA,NA,TRUE,closed
ChIJvxVDJhq5BZERQHmnynp95sg,Sunday,Closed,NA,NA,TRUE,closed
ChIJw5H8H1S4BZER1YkZvEUhdsg,Monday,9AM-8:30PM,09:00,20:30,FALSE,standard
ChIJw5H8H1S4BZER1YkZvEUhdsg,Tuesday,9AM-8:30PM,09:00,20:30,FALSE,standard
ChIJw5H8H1S4BZER1YkZvEUhdsg,Wednesday,9AM-8:30PM,09:00,20:30,FALSE,standard
ChIJw5H8H1S4BZER1YkZvEUhdsg,Thursday,9AM-8:30PM,09:00,20:30,FALSE,standard
ChIJw5H8H1S4BZER1YkZvEUhdsg,Friday,9AM-8:30PM,09:00,20:30,FALSE,standard
ChIJw5H8H1S4BZER1YkZvEUhdsg,Saturday,10AM-7PM,10:00,19:00,FALSE,standard
ChIJw5H8H1S4BZER1YkZvEUhdsg,Sunday,Closed,NA,NA,TRUE,closed
ChIJwTj8Xu7FBZERi0agsCck9RU,Monday,9AM-10PM,09:00,22:00,FALSE,standard
ChIJwTj8Xu7FBZERi0agsCck9RU,Tuesday,9AM-10PM,09:00,22:00,FALSE,standard
ChIJwTj8Xu7FBZERi0agsCck9RU,Wednesday,9AM-10PM,09:00,22:00,FALSE,standard
ChIJwTj8Xu7FBZERi0agsCck9RU,Thursday,9AM-10PM,09:00,22:00,FALSE,standard
ChIJwTj8Xu7FBZERi0agsCck9RU,Friday,9AM-10PM,09:00,22:00,FALSE,standard
ChIJwTj8Xu7FBZERi0agsCck9RU,Saturday,9AM-10PM,09:00,22:00,FALSE,standard
ChIJwTj8Xu7FBZERi0agsCck9RU,Sunday,Closed,NA,NA,TRUE,closed
ChIJwy6ggZC3BZER3XbcHvxB8tM,Monday,6AM-10PM,06:00,22:00,FALSE,standard
ChIJwy6ggZC3BZER3XbcHvxB8tM,Tuesday,6AM-10PM,06:00,22:00,FALSE,standard
ChIJwy6ggZC3BZER3XbcHvxB8tM,Wednesday,6AM-10PM,06:00,22:00,FALSE,standard
ChIJwy6ggZC3BZER3XbcHvxB8tM,Thursday,6AM-10PM,06:00,22:00,FALSE,standard
ChIJwy6ggZC3BZER3XbcHvxB8tM,Friday,Closed,NA,NA,TRUE,closed
ChIJwy6ggZC3BZER3XbcHvxB8tM,Saturday,6AM-10PM,06:00,22:00,FALSE,standard
ChIJwy6ggZC3BZER3XbcHvxB8tM,Sunday,Closed,NA,NA,TRUE,closed
ChIJx2KpUbvJBZERSXuxS6VWegQ,Monday,7AM-9:30PM,07:00,21:30,FALSE,standard
ChIJx2KpUbvJBZERSXuxS6VWegQ,Tuesday,7AM-9:30PM,07:00,21:30,FALSE,standard
ChIJx2KpUbvJBZERSXuxS6VWegQ,Wednesday,7AM-9:30PM,07:00,21:30,FALSE,standard
ChIJx2KpUbvJBZERSXuxS6VWegQ,Thursday,7AM-9:30PM,07:00,21:30,FALSE,standard
ChIJx2KpUbvJBZERSXuxS6VWegQ,Friday,7AM-9:30PM,07:00,21:30,FALSE,standard
ChIJx2KpUbvJBZERSXuxS6VWegQ,Saturday,Closed,NA,NA,TRUE,closed
ChIJx2KpUbvJBZERSXuxS6VWegQ,Sunday,Closed,NA,NA,TRUE,closed
ChIJxQAKcK_JBZERIL5Ve7JNsAw,Monday,6AM-10PM,06:00,22:00,FALSE,standard
ChIJxQAKcK_JBZERIL5Ve7JNsAw,Tuesday,6AM-10PM,06:00,22:00,FALSE,standard
ChIJxQAKcK_JBZERIL5Ve7JNsAw,Wednesday,6AM-10PM,06:00,22:00,FALSE,standard
ChIJxQAKcK_JBZERIL5Ve7JNsAw,Thursday,6AM-10PM,06:00,22:00,FALSE,standard
ChIJxQAKcK_JBZERIL5Ve7JNsAw,Friday,6AM-10PM,06:00,22:00,FALSE,standard
ChIJxQAKcK_JBZERIL5Ve7JNsAw,Saturday,Closed,NA,NA,TRUE,closed
ChIJxQAKcK_JBZERIL5Ve7JNsAw,Sunday,Closed,NA,NA,TRUE,closed
ChIJz03HLXzBBZERrg1vTS-hH8o,Monday,2-8PM,02:00,20:00,FALSE,standard
ChIJz03HLXzBBZERrg1vTS-hH8o,Tuesday,Closed,NA,NA,TRUE,closed
ChIJz03HLXzBBZERrg1vTS-hH8o,Wednesday,2-8PM,02:00,20:00,FALSE,standard
ChIJz03HLXzBBZERrg1vTS-hH8o,Thursday,Closed,NA,NA,TRUE,closed
ChIJz03HLXzBBZERrg1vTS-hH8o,Friday,2-8PM,02:00,20:00,FALSE,standard
ChIJz03HLXzBBZERrg1vTS-hH8o,Saturday,Closed,NA,NA,TRUE,closed
ChIJz03HLXzBBZERrg1vTS-hH8o,Sunday,Closed,NA,NA,TRUE,closed
ChIJzRmx2l3vBZERIv9LuWJr-UY,Monday,10AM-12AM,10:00,00:00,FALSE,standard
ChIJzRmx2l3vBZERIv9LuWJr-UY,Tuesday,10AM-10PM,10:00,22:00,FALSE,standard
ChIJzRmx2l3vBZERIv9LuWJr-UY,Wednesday,10AM-12AM,10:00,00:00,FALSE,standard
ChIJzRmx2l3vBZERIv9LuWJr-UY,Thursday,10AM-10PM,10:00,22:00,FALSE,standard
ChIJzRmx2l3vBZERIv9LuWJr-UY,Friday,10AM-12AM,10:00,00:00,FALSE,standard
ChIJzRmx2l3vBZERIv9LuWJr-UY,Saturday,6-7:30PM,06:00,19:30,FALSE,standard
ChIJzRmx2l3vBZERIv9LuWJr-UY,Sunday,Closed,NA,NA,TRUE,closed
ChIJza2soSGjBZERGi_K1jWpiCw,Monday,NA,NA,NA,TRUE,missing
ChIJza2soSGjBZERGi_K1jWpiCw,Tuesday,NA,NA,NA,TRUE,missing
ChIJza2soSGjBZERGi_K1jWpiCw,Wednesday,NA,NA,NA,TRUE,missing
ChIJza2soSGjBZERGi_K1jWpiCw,Thursday,NA,NA,NA,TRUE,missing
ChIJza2soSGjBZERGi_K1jWpiCw,Friday,NA,NA,NA,TRUE,missing
ChIJza2soSGjBZERGi_K1jWpiCw,Saturday,NA,NA,NA,TRUE,missing
ChIJza2soSGjBZERGi_K1jWpiCw,Sunday,NA,NA,NA,TRUE,missing
ChIJzwKq4Mi5BZER0d4ZhuG1mXA,Monday,Open 24 hours,00:00,23:59,FALSE,24hrs
ChIJzwKq4Mi5BZER0d4ZhuG1mXA,Tuesday,Open 24 hours,00:00,23:59,FALSE,24hrs
ChIJzwKq4Mi5BZER0d4ZhuG1mXA,Wednesday,Open 24 hours,00:00,23:59,FALSE,24hrs
ChIJzwKq4Mi5BZER0d4ZhuG1mXA,Thursday,Open 24 hours,00:00,23:59,FALSE,24hrs
ChIJzwKq4Mi5BZER0d4ZhuG1mXA,Friday,Open 24 hours,00:00,23:59,FALSE,24hrs
ChIJzwKq4Mi5BZER0d4ZhuG1mXA,Saturday,Open 24 hours,00:00,23:59,FALSE,24hrs
ChIJzwKq4Mi5BZER0d4ZhuG1mXA,Sunday,Closed,NA,NA,TRUE,closed
