place_id,name,district,lat,lon,has_kids_classes,has_women_classes,has_open_mat,drop_in_fee,beginner_classes,family_friendly,accessible_entrance,speaks_english,speaks_portuguese,gi_class,no_gi_class,whatsapp_number,instagram,facebook,about,overall_rating,num_reviews,reviews_link,photo_link,logo_link,has_adult_classes
ChIJHbWmE0zFBZERzpHMxHI3tJU,Absolute Combat Sport,San Juan de Lurigancho,-11.9691878,-77.0041179,FALSE,FALSE,FALSE,FALSE,FALSE,FALSE,FALSE,FALSE,FALSE,FALSE,TRUE,51977663673,https://www.instagram.com/absolutecs_peru?utm_source=ig_web_button_share_sheet&igsh=M204MTZ4cWJvaW54,https://www.facebook.com/absolutecsperu,"La familia Absolute Combat Sports, es una escuela deportiva con el objetivo de difundir la buena práctica de Artes Marciales Mixtas, enfocados en el bienestar fisico y mental de nuestro alumnado.",4.8,30,https://search.google.com/local/reviews?placeid=ChIJHbWmE0zFBZERzpHMxHI3tJU,,https://lh5.googleusercontent.com/-DamgSPP0O2Y/AAAAAAAAAAI/AAAAAAAAAAA/G1vOUw1iF4w/s44-p-k-no-ns-nd/photo.jpg,TRUE
ChIJi6uz63eYBZERB8CC3eo9-xM,Abu Dojo,Punta Hermosa,-12.3320471,-76.8246998,TRUE,FALSE,FALSE,FALSE,TRUE,TRUE,FALSE,FALSE,FALSE,TRUE,FALSE,51992530826,https://www.instagram.com/abudojo,https://www.facebook.com/p/Abu-Dojo-100075837827591/,Somos un centro de acondicionamiento físico que emplea diferentes disciplinas de combate y defensa personal como modo de recreación.,,,https://search.google.com/local/reviews?placeid=ChIJi6uz63eYBZERB8CC3eo9-xM,https://lh3.googleusercontent.com/gps-cs-s/AC9h4noMbAnPwMrNU-UAtWpgtZ9SKy46kfz-Cq9kcUI-Ob2Q3FZE0UYFZZFPCVImUIwmyf-0GGJPpVwGOI1AyGO7Y1F0GzCtSm-PZRNly45T6jpLc3wOmRngH4RNqaV-kWoOkeQ8zNkLzg=w800-h500-k-no,,TRUE
ChIJf-tGXyvFBZERcKfPb9ruO40,Academia De Artes Marciales Team Black Gorilla,San Juan de Lurigancho,-11.989476,-77.0057558,FALSE,FALSE,FALSE,FALSE,FALSE,FALSE,FALSE,FALSE,FALSE,FALSE,TRUE,51912558300,,https://www.facebook.com/TEAMBLACKGORILLA/,"¿Quieres aprender defensa personal? Somos tu mejor opción, aprende boxeo, sanda y más. Familia The Black Gorilla.",,,https://search.google.com/local/reviews?placeid=ChIJf-tGXyvFBZERcKfPb9ruO40,https://lh3.googleusercontent.com/p/AF1QipPcH66Gs5nMQ1-8ytErddokw0jeJKbA6BmcMp4=w800-h500-k-no,https://lh6.googleusercontent.com/-m8Ej_01EK2c/AAAAAAAAAAI/AAAAAAAAAAA/pBpshcyeQi4/s44-p-k-no-ns-nd/photo.jpg,TRUE
ChIJMdRaup_PBZERDM9AVTMzd6w,Academia Punto Maximo,Callao,-12.0201519,-77.0984553,TRUE,FALSE,FALSE,FALSE,TRUE,TRUE,FALSE,FALSE,FALSE,TRUE,TRUE,51970937998,https://www.instagram.com/academiapuntomaximo/,https://www.facebook.com/academiapuntomaximo,"Sencillamente debes saber que tienes un potencial increible y que puedes llegar a descubrirlo, nosotros te ayudamos.",,,https://search.google.com/local/reviews?placeid=ChIJMdRaup_PBZERDM9AVTMzd6w,,,TRUE
ChIJl7jBoyrPBZER7uggoGyGutA,Academia Sniper Lima Norte,San Martin de Porres,-11.9889036,-77.0967044,TRUE,FALSE,TRUE,FALSE,FALSE,FALSE,FALSE,FALSE,FALSE,TRUE,TRUE,51928237922,https://www.instagram.com/sniperlimanorte,https://www.facebook.com/people/Academia-Sniper-Lima-Norte/100089438843010/,Jiu Jitsu | Luta Livre | Muay Thai | MMA Niños - Jovenes - Adultos,5,5,https://search.google.com/local/reviews?placeid=ChIJl7jBoyrPBZER7uggoGyGutA,https://lh3.googleusercontent.com/p/AF1QipMVxNymVTjk6iyoVj9hGJSZQjPWXANlCXEEiD5P=w800-h500-k-no,https://lh3.googleusercontent.com/-xYVz0QBedNM/AAAAAAAAAAI/AAAAAAAAAAA/GIOKW6oG8Qs/s44-p-k-no-ns-nd/photo.jpg,TRUE
ChIJeYNwkwnIBZER9ksmHYGbEuw,Academia Sniper Miraflores,Miraflores,-12.1241392,-77.0188597,TRUE,FALSE,FALSE,FALSE,TRUE,FALSE,FALSE,FALSE,FALSE,TRUE,TRUE,51956329176,https://www.instagram.com/snipermiraflores/?hl=en,https://www.facebook.com/AcademiaSniper,"¡Entrena con nosotros Jiu Jitsu, No Gi Jiu Jitsu & Luta Livre, Muay Thai y Artes Marciales Mixtas!",4.8,39,https://search.google.com/local/reviews?placeid=ChIJeYNwkwnIBZER9ksmHYGbEuw,,https://lh6.googleusercontent.com/-oKJj919I5yY/AAAAAAAAAAI/AAAAAAAAAAA/rlDl8EJ_iok/s44-p-k-no-ns-nd/photo.jpg,TRUE
ChIJkXP02G3JBZERHLuIe0SQAHM,Academia Sniper San Miguel,San Miguel,-12.0777345,-77.0801757,TRUE,FALSE,FALSE,FALSE,TRUE,FALSE,FALSE,FALSE,FALSE,TRUE,TRUE,51945548946,https://www.instagram.com/snipersanmiguel,https://www.facebook.com/AcademiaSniperSanMiguel/,Expertos en la enseñanza detallada y efectiva y profesional. 16 años formando campeones en el tatami y en la vida.,5,20,https://search.google.com/local/reviews?placeid=ChIJkXP02G3JBZERHLuIe0SQAHM,https://lh3.googleusercontent.com/p/AF1QipOwAaj-Qhfx4vpETeJvz8lXPAszmwbbDz57K6bU=w800-h500-k-no,https://lh4.googleusercontent.com/-hq8aiGPgxB4/AAAAAAAAAAI/AAAAAAAAAAA/3aksvUphphc/s44-p-k-no-ns-nd/photo.jpg,TRUE
ChIJw5H8H1S4BZER1YkZvEUhdsg,Team Ragazzi,San Juan de Miraflores,-12.1664838,-76.968537799999993,TRUE,FALSE,FALSE,FALSE,FALSE,FALSE,FALSE,FALSE,FALSE,FALSE,TRUE,51968207669,https://www.instagram.com/teamragazzi_/,https://www.facebook.com/artesmarcialesSJM,"MMA · Boxeo · Jiu Jitsu · Muay Thai · Kickboxing. Ring, jaula y zona de alto rendimiento",4.6,21,https://search.google.com/local/reviews?placeid=ChIJw5H8H1S4BZER1YkZvEUhdsg,https://lh5.googleusercontent.com/JzB-GtNUdwashsImK6-8tyM4Gza7p4xQNtJHTaBBqVm-LZCTy3BdvYg5OJInOwvN=w800-h500-k-no,,TRUE
ChIJbehiZfDHBZERxD71uXfBsvE,Almeida Jiu Jitsu,Santiago de Surco,-12.11076834,-76.97290805,TRUE,FALSE,FALSE,FALSE,FALSE,FALSE,FALSE,FALSE,FALSE,FALSE,FALSE,51949687153,https://www.instagram.com/almeida_trainingcenter/,https://www.facebook.com/p/Almeida-jiu-jitsu-Per%C3%BA-100062990662069/,No te pierdas nuestras clases desde la comodidad de tu casa,5,34,https://search.google.com/local/reviews?placeid=ChIJbehiZfDHBZERxD71uXfBsvE,https://lh3.googleusercontent.com/gps-cs-s/AC9h4nrfUpp04PXXT8Ef_m4RLBTVX__7R2FZqNZFPpQNIFb6oHE5oLxqKBOqUvsB0LRd6ssjovW5i4OHlyuGffeZJZmNSUitChtNzB_xEmK3Q9Sbip6dM4ucrOEBIaIvxshKz52atW-f=w800-h500-k-no,,TRUE
ChIJWcjah627BZERr3KaEviXWL4,Aranha SMP,San Martin de Porres,-12.113704,-77.0120024,FALSE,FALSE,FALSE,FALSE,FALSE,FALSE,FALSE,FALSE,FALSE,TRUE,FALSE,,https://www.instagram.com/aranha_smp,,Escuela de Artes Marciales. Defensa Personal. Entrenamientos grupales y/o personalizados.,,,https://search.google.com/local/reviews?placeid=ChIJWcjah627BZERr3KaEviXWL4,,https://lh4.googleusercontent.com/-CLleqKKx5sA/AAAAAAAAAAI/AAAAAAAAAAA/ZZlNnCRIxQk/s44-p-k-no-ns-nd/photo.jpg,TRUE
ChIJvxVDJhq5BZERQHmnynp95sg,Art Choke,Santiago de Surco,-12.1288515,-76.9978008,TRUE,FALSE,TRUE,FALSE,TRUE,FALSE,FALSE,FALSE,FALSE,TRUE,TRUE,51939252711,https://www.instagram.com/artchokejiujitsu/,https://www.facebook.com/p/Art-Choke-100064238283914/,Ven y entrena con nosotros.,5,56,https://search.google.com/local/reviews?placeid=ChIJvxVDJhq5BZERQHmnynp95sg,https://lh3.googleusercontent.com/p/AF1QipPBNepmw6B78nq8pquvfIfj87qCMnKL00xy5PMx=w800-h500-k-no,https://lh5.googleusercontent.com/-KLc2pgBU90k/AAAAAAAAAAI/AAAAAAAAAAA/O1r1AwltatI/s44-p-k-no-ns-nd/photo.jpg,TRUE
ChIJP096eO_RBZERoalEPIOyesI,Arte Suave,Carabayllo,-11.8757812,-77.0321212,TRUE,FALSE,FALSE,FALSE,FALSE,TRUE,FALSE,TRUE,TRUE,TRUE,TRUE,51994011849,https://www.instagram.com/dojo.artesuave,https://www.facebook.com/dojo.artesuave/?ref=_xav_ig_profile_page_web#,Jiu Jitsu. Entrenamiento Funcional.,5,19,https://search.google.com/local/reviews?placeid=ChIJP096eO_RBZERoalEPIOyesI,,https://lh5.googleusercontent.com/-fU-LbhhqplY/AAAAAAAAAAI/AAAAAAAAAAA/NSrZXf0WGik/s44-p-k-no-ns-nd/photo.jpg,TRUE
ChIJ_ajXUwDJBZERn-ZfOy2Pt4g,Artem Fight Studio,Miraflores,-12.1228996,-77.0259863,TRUE,FALSE,TRUE,FALSE,FALSE,TRUE,FALSE,FALSE,FALSE,TRUE,TRUE,51978644008,https://www.instagram.com/artemfightstudio/,https://www.facebook.com/profile.php?id=61573517619645#,"En Artem, transformamos vidas con las mejores artes marciales en Lima. Ofrecemos Jiujitsu, Lucha Olímpica, Judo, Muay Thai y Taekwondo, ideales para mejorar tu condición física, aprender defensa personal y desarrollar valores como la disciplina y la confianza",5,4,https://search.google.com/local/reviews?placeid=ChIJ_ajXUwDJBZERn-ZfOy2Pt4g,,,TRUE
ChIJlbGtU7_LBZERmVRwOcVZAmg,B13 academy,San Miguel,-12.0781831,-77.1058616,FALSE,FALSE,FALSE,FALSE,FALSE,FALSE,FALSE,FALSE,FALSE,FALSE,TRUE,51937739028,https://www.instagram.com/b13.boxing/,https://www.facebook.com/JoseFarias2511/,Academia de Boxeo y jiu jitsu. Mejora tu rendimiento fisico. Quema calorias. Gana fuerza y resistencia.,5,3,https://search.google.com/local/reviews?placeid=ChIJlbGtU7_LBZERmVRwOcVZAmg,https://lh3.googleusercontent.com/gps-cs-s/AC9h4nrYeru810Uh0_7fUXylpagXkxHWdffq8TlhskQQ_j9d_X5yu_GN_TImpc4orbLsjJ8_b0JYPEXdjOZony6eVRgwwO6Ra-r3rAw4q9LgVmeR1FzeWQIzzhUjXFwUzu308IXHsXBH=w800-h500-k-no,,TRUE
ChIJf9J7Su7QBZER5OjNsKwQDeI,Berserker Escuela,Carabayllo,-11.8944995,-77.0418412,TRUE,FALSE,FALSE,FALSE,FALSE,FALSE,FALSE,FALSE,FALSE,FALSE,TRUE,51936017229,https://www.instagram.com/berserker_mma/,https://www.facebook.com/kankudaiescueladeartesmarciales?locale=es_LA,"Escuela de Artes Marciales y centro dedefensa personal, entrenamiento de competencia y de aprendizaje para.todas las edades.",,,https://search.google.com/local/reviews?placeid=ChIJf9J7Su7QBZER5OjNsKwQDeI,https://streetviewpixels-pa.googleapis.com/v1/thumbnail?panoid=yQudlpjy-Ldrz0PhnsQ8wg&cb_client=search.gws-prod.gps&w=800&h=500&yaw=147.6795&pitch=0&thumbfov=100,,TRUE
ChIJRWJggGTJBZERQY3h-qj4SOc,Black Dragons,San Miguel,-12.0747653,-77.0964352,TRUE,FALSE,FALSE,FALSE,TRUE,TRUE,FALSE,FALSE,FALSE,TRUE,FALSE,51998233479,https://www.instagram.com/blackdragons_peru/?hl=en,https://www.facebook.com/BlackDragonsPeru,Organización dedicada a la enseñanza de artes marciales y deportes de contacto.,4.2,17,https://search.google.com/local/reviews?placeid=ChIJRWJggGTJBZERQY3h-qj4SOc,https://lh3.googleusercontent.com/p/AF1QipMfpGTlJF7pYR56DqSGHinsPPy2j8paVcEDfrub=w800-h500-k-no,https://lh3.googleusercontent.com/-Cokq0IBoQCE/AAAAAAAAAAI/AAAAAAAAAAA/UgU73kFFEJE/s44-p-k-no-ns-nd/photo.jpg,TRUE
ChIJ7SkTjy_vBZERaGwB_oSVhn8,Black House Jiu Jitsu Chosica,Chosica,-11.9428002,-76.7055874,TRUE,FALSE,TRUE,FALSE,FALSE,FALSE,FALSE,FALSE,FALSE,TRUE,TRUE,51954678514,https://www.instagram.com/black_house_jiu_jitsu_/?hl=en,https://www.facebook.com/profile.php?id=61550537616577&rdid=FecTHzFbCGamhHiK&share_url=https%3A%2F%2Fwww.facebook.com%2Fshare%2F1YdeZXMZJL#,Academia de jiu-jitsu y luta livre.,4.9,7,https://search.google.com/local/reviews?placeid=ChIJ7SkTjy_vBZERaGwB_oSVhn8,,,TRUE
ChIJBWk2LFfHBZEReyxW8Pzqrnc,Team Capone BJJ & MMA Sede La Molina,La Molina,-12.0926941,-76.9511287,TRUE,FALSE,TRUE,FALSE,TRUE,TRUE,FALSE,FALSE,FALSE,TRUE,TRUE,,https://www.instagram.com/bjjteamcapone,https://www.facebook.com/TeamCaponeBJJMMA/,"Bienvenidos a Team Capone BJJ & MMA, destacada escuela de enseñanza del jiu-jitsu brasileño y las artes marciales mixtas.",4.5,16,https://search.google.com/local/reviews?placeid=ChIJBWk2LFfHBZEReyxW8Pzqrnc,https://lh3.googleusercontent.com/p/AF1QipPK5VeYp9Pc28Xn3t-N_dGPZBHjox2eg3Qzbq8=w800-h500-k-no,https://lh3.googleusercontent.com/-GeWAjl8wuLE/AAAAAAAAAAI/AAAAAAAAAAA/S1iGjTfNXCc/s44-p-k-no-ns-nd/photo.jpg,TRUE
ChIJeZn4EQDHBZERK-YhvBUA_nI,Team Capone BJJ & MMA Sede Salamanca,Ate,-12.0799009,-76.9804944,TRUE,FALSE,TRUE,FALSE,TRUE,TRUE,FALSE,FALSE,FALSE,TRUE,TRUE,,https://www.instagram.com/caponeteam.salamanca,,"Bienvenidos a Team Capone BJJ & MMA, destacada escuela de enseñanza del jiu-jitsu brasileño y las artes marciales mixtas.",5,12,https://search.google.com/local/reviews?placeid=ChIJeZn4EQDHBZERK-YhvBUA_nI,https://lh3.googleusercontent.com/gps-cs-s/AC9h4noj2fjaOFE81W9VIowCsLYNRotwf7TrMsQijzbeX8BjU_2vY6GwDREv2fd37wBf9a1Ss_NN2uUemfREzeTu-_onFnguzOAFq2v4e-Y-Wqzyy6j61lreLhAi-UG4hHBLvmXnpxv8pxgBO9LT=w800-h500-k-no,,TRUE
ChIJm6XxcgS5BZER8rNsS3pqcIk,Casa Calavera Sede Chorrillos,Chorrillos,-12.17575,-76.9991631,TRUE,FALSE,FALSE,FALSE,FALSE,FALSE,FALSE,FALSE,FALSE,FALSE,TRUE,51960136107,https://www.instagram.com/casacalavera1/?hl=en,https://www.facebook.com/casa.calavera.44503/,Escuela de Artes Marciales. Defensa Personal.Entrenamientos grupales y/o personalizados,4.6,13,https://search.google.com/local/reviews?placeid=ChIJm6XxcgS5BZER8rNsS3pqcIk,https://lh3.googleusercontent.com/p/AF1QipMF0pKTClwpZIkH-Po3BYeyZAiyCa6OC9Q5oE7T=w800-h500-k-no,https://lh5.googleusercontent.com/-QnsuiOG83wY/AAAAAAAAAAI/AAAAAAAAAAA/ACKOTOogZxc/s44-p-k-no-ns-nd/photo.jpg,TRUE
ChIJDYJJFte9BZERJbEyFnQ5e9I,Casa Calavera Sede Pachacamac,Pachacamac,-12.2271497,-76.9039419,TRUE,FALSE,FALSE,FALSE,FALSE,FALSE,FALSE,FALSE,FALSE,FALSE,TRUE,51946187709,https://www.instagram.com/casacalavera1/?hl=en,https://www.facebook.com/casa.calavera.44503/,Escuela de Artes Marciales. Defensa Personal.Entrenamientos grupales y/o personalizados,5,1,https://search.google.com/local/reviews?placeid=ChIJDYJJFte9BZERJbEyFnQ5e9I,https://lh3.googleusercontent.com/p/AF1QipPigVTeIpSAEjxCM8Ze_Ki6DfzN226R9y3ovWQr=w800-h500-k-no,https://lh4.googleusercontent.com/-pRn9t3feNNw/AAAAAAAAAAI/AAAAAAAAAAA/jiWypVQ5qcM/s44-p-k-no-ns-nd/photo.jpg,TRUE
ChIJdyuWXifRBZERL7akeaIyRfA,Game Fight Sede Comas,Comas,-11.9344561,-77.0556958,TRUE,FALSE,FALSE,FALSE,FALSE,FALSE,FALSE,FALSE,FALSE,TRUE,TRUE,51912951630,https://www.instagram.com/gamefightcomas,https://www.facebook.com/profile.php?id=61576319475002,Escuela de Brazilian Jiu Jitsu en Perú. Parte del equipo de @gamefightoficial,,,https://search.google.com/local/reviews?placeid=ChIJdyuWXifRBZERL7akeaIyRfA,https://streetviewpixels-pa.googleapis.com/v1/thumbnail?panoid=Zk10Dstht1lwCbmK7uT9oA&cb_client=search.gws-prod.gps&w=800&h=500&yaw=104.91051&pitch=0&thumbfov=100,https://lh3.googleusercontent.com/-TenNZYmOb1o/AAAAAAAAAAI/AAAAAAAAAAA/Z3FTAdtFYto/s44-p-k-no-ns-nd/photo.jpg,TRUE
ChIJoX5d-zW3BZERvLanKo27QSY,Chorrillos Fight Center,Chorrillos,-12.1768836,-77.0113008,FALSE,FALSE,FALSE,FALSE,FALSE,FALSE,FALSE,FALSE,FALSE,FALSE,TRUE,51923122121,https://www.instagram.com/chorrillosfightcenter/,https://www.facebook.com/p/Chorrillos-fight-center-100076221682209/,Centro de artes marciales y fitness como muay thai capoeira jiu jitsu y mma para todos los niveles y objetivos dentro de un ambiente seguro.,4.8,4,https://search.google.com/local/reviews?placeid=ChIJoX5d-zW3BZERvLanKo27QSY,https://lh3.googleusercontent.com/p/AF1QipOmOMA9I3eZrv2nXfywQTIdNzYpk5hpchGCRRmV=w800-h500-k-no,https://lh4.googleusercontent.com/-X8ZZNxiGihI/AAAAAAAAAAI/AAAAAAAAAAA/thAdn29mE5A/s44-p-k-no-ns-nd/photo.jpg,TRUE
ChIJeUrtvNnJBZERNyjbCLzob6k,Club Los Indomables,La Victoria,-12.0754954,-77.020386,FALSE,FALSE,FALSE,FALSE,FALSE,FALSE,FALSE,FALSE,FALSE,FALSE,TRUE,51996432306,https://www.instagram.com/explore/locations/113184434334270/club-los-indomables/,https://www.facebook.com/clubindomablesperu/,"No pierdas esta gran oportunidad de aprender este arte marcial efectivo para las mma, competencia y defensa personal. Contamos con equipo de preparación para competencia, aprenderás llaves efectivas para situaciones en la vida real, conocerás muchas más academias, tendrás beneficios únicos y mucho más.",4.7,6,https://search.google.com/local/reviews?placeid=ChIJeUrtvNnJBZERNyjbCLzob6k,https://lh3.googleusercontent.com/p/AF1QipO46owr3SuyvngXOURt5HL_rajY0pulTdnxvy77=w800-h500-k-no,https://lh6.googleusercontent.com/-APUMoLfFWV0/AAAAAAAAAAI/AAAAAAAAAAA/YsNyY-DxGfo/s44-p-k-no-ns-nd/photo.jpg,TRUE
ChIJQ2RMgsTHBZER5qEcaRKPudY,Contsrictor Peru Jiu jitsu & MMA,Ate,-12.0826739,-76.9845845,TRUE,FALSE,TRUE,FALSE,FALSE,FALSE,FALSE,FALSE,FALSE,TRUE,TRUE,51949131694,https://www.instagram.com/constrictorperu/?hl=en,https://www.facebook.com/constrictorperu/?locale=es_LA,"Escuela de artes marciales, deportes de combate, y defensa personal",4.8,16,https://search.google.com/local/reviews?placeid=ChIJQ2RMgsTHBZER5qEcaRKPudY,https://lh3.googleusercontent.com/p/AF1QipNnongFI3vXCCdNTbv7R2fZlNJAF7OeC9BxAgUW=w800-h500-k-no,https://lh6.googleusercontent.com/-cc_HxHzYEpo/AAAAAAAAAAI/AAAAAAAAAAA/Y8pj0epCrBA/s44-p-k-no-ns-nd/photo.jpg,TRUE
ChIJ2wEqSgLJBZER6Nr2SfsZm_E,Contacto Livre,Pueblo Libre,-12.0796855,-77.0589658,FALSE,FALSE,FALSE,FALSE,FALSE,FALSE,FALSE,FALSE,FALSE,FALSE,TRUE,51931510135,https://www.instagram.com/contactolivre/?hl=en,https://www.facebook.com/ContatoLivre/,Escuela de artes marciales.,4.9,19,https://search.google.com/local/reviews?placeid=ChIJ2wEqSgLJBZER6Nr2SfsZm_E,https://lh3.googleusercontent.com/gps-cs-s/AC9h4npeAcuz6CeaTxGHi0oh-B9Oedk3hGZtgT5BNp13UI3H-iDZEwyG3dkN4HIN7cmhyruEaHPEFQr0N3yz2gImueF1KPBLcbD3JK6Jd9x6b_wSkYPtQA0oPel4OOfdAhW6QPoXmoQm=w800-h500-k-no,https://lh3.googleusercontent.com/-IM6KnNxVFTE/AAAAAAAAAAI/AAAAAAAAAAA/gaPIoniLDOI/s44-p-k-no-ns-nd/photo.jpg,TRUE
ChIJ3ZU-A2-5BZERY2-mnwJImBg,Core Jiu Jitsu & Luta Livre Sede Surco,Santiago de Surco,-12.1298503,-76.9844173,FALSE,FALSE,FALSE,FALSE,FALSE,FALSE,FALSE,FALSE,FALSE,TRUE,TRUE,51998124113,https://www.instagram.com/corejiujitsu,https://www.facebook.com/corejiujitsulutalivre,Core Jiujitsu & Luta Livre es una escuela dedicada a difundir el arte del jiujitsu en la modalidad de Gi y No Gi asi como el deporte de la Luta Livre.,5,2,https://search.google.com/local/reviews?placeid=ChIJ3ZU-A2-5BZERY2-mnwJImBg,,https://lh6.googleusercontent.com/-PHCQmIMlr4s/AAAAAAAAAAI/AAAAAAAAAAA/EAInsBs8TCo/s44-p-k-no-ns-nd/photo.jpg,TRUE
ChIJH2ACIMDPBZERfhs_s1bpIRM,Core Jiu Jitsu & Luta Livre Sede Callao,Callao,-12.020619,-77.1011654,FALSE,FALSE,FALSE,FALSE,FALSE,FALSE,FALSE,FALSE,FALSE,TRUE,TRUE,51979782353,https://www.instagram.com/corejiujitsu/reels/,https://www.facebook.com/CoreJiujitsuLutalivreCallao/,Core Jiujitsu & Luta Livre es una escuela dedicada a difundir el arte del jiujitsu en la modalidad de Gi y No Gi asi como el deporte de la Luta Livre.,,,https://search.google.com/local/reviews?placeid=ChIJH2ACIMDPBZERfhs_s1bpIRM,https://lh3.googleusercontent.com/p/AF1QipOajIZesTXSNJ2zlyNnv2hcOtAxDq5nlBEt6-Ad=w800-h500-k-no,https://lh3.googleusercontent.com/-gBDPQ1DZ-UU/AAAAAAAAAAI/AAAAAAAAAAA/_6tsbNb9nXg/s44-p-k-no-ns-nd/photo.jpg,TRUE
ChIJcS5KKr_QBZERqHtSYCUJARg,Dojo Hermandad Artes Marciales Mixtas,Carabayllo,-11.8788988,-77.0306987,TRUE,FALSE,FALSE,FALSE,FALSE,FALSE,FALSE,FALSE,FALSE,FALSE,TRUE,51936735519,https://www.instagram.com/dojo_la_hermandad/?hl=en,https://www.facebook.com/dojo.hermandad.artes.marciales.mixtas/photos,Somos un Dojo de artes marciales mixtas cuyo objetivo es transmitir los valores marciales a cada discípulo y así poder forjar un artista marcial.,,,https://search.google.com/local/reviews?placeid=ChIJcS5KKr_QBZERqHtSYCUJARg,https://streetviewpixels-pa.googleapis.com/v1/thumbnail?panoid=1wy8WN4jOhjkVn26tSiZ3Q&cb_client=search.gws-prod.gps&w=800&h=500&yaw=149.10118&pitch=0&thumbfov=100,,TRUE
ChIJOfOF4ui9BZERNEHtLiFSW_U,Dojo Lurin,Lurin,-12.2764449,-76.8717649,TRUE,FALSE,FALSE,FALSE,FALSE,FALSE,FALSE,FALSE,FALSE,TRUE,TRUE,51940784789,https://www.instagram.com/dojolurin/?hl=en,https://www.facebook.com/p/Dojo-Lurin-100039886373532/,"Academia de Artes Marciales Jiu Jitsu, Muay Thai, Karate & MMA",4.7,34,https://search.google.com/local/reviews?placeid=ChIJOfOF4ui9BZERNEHtLiFSW_U,https://lh3.googleusercontent.com/gps-cs-s/AC9h4npfCbZ1aWEbJvS8BvMkfC-Ia30c-kUtyn8DgZxDgMSWVX8A7sLWWRTBwaGccM1fZfdV1bATQIkwoudlmBKNwZ6_ux-0ez5Cw0sR9wB1D-108xVgvTVpPDqptTz_D4r5PmbDb873gw=w800-h500-k-no,,TRUE
ChIJvXw3qH7JBZERLNp_Vfw8XJo,Dojo Mentesaiko,Surquillo,-12.1139094,-77.0154485,TRUE,FALSE,FALSE,FALSE,TRUE,FALSE,FALSE,FALSE,FALSE,TRUE,TRUE,51920207678,https://www.instagram.com/dojomentesaiko.bjjmma,https://www.facebook.com/dojomentesaikobjjmma/,Descubre tu fuerza interior y habilidades en artes marciales con nosotros.,5,12,https://search.google.com/local/reviews?placeid=ChIJvXw3qH7JBZERLNp_Vfw8XJo,https://lh3.googleusercontent.com/p/AF1QipMSI5_E2JyiqLSe7b-5cf4S9DFMK9MnewwMbUxJ=w800-h500-k-no,https://lh3.googleusercontent.com/-o8Cg7qPMaQo/AAAAAAAAAAI/AAAAAAAAAAA/sC9rCvr6ANE/s44-p-k-no-ns-nd/photo.jpg,TRUE
ChIJza2soSGjBZERGi_K1jWpiCw,Dojo Punta Hermosa,Punta Hermosa,-12.3305081,-76.8283175,TRUE,FALSE,TRUE,FALSE,TRUE,TRUE,FALSE,FALSE,FALSE,TRUE,TRUE,51981018174,https://www.instagram.com/dojopuntahermosa/,https://www.facebook.com/dojoph/,Dojo Punta Hermosa brinda a toda la comunidad la oportunidad de ejercer practicas multidisciplinarias y culturales.,5,1,https://search.google.com/local/reviews?placeid=ChIJza2soSGjBZERGi_K1jWpiCw,https://lh3.googleusercontent.com/gps-cs-s/AC9h4npy6k3kI4gUriSDb-B4XT_2KJAKuQfaog4wxqlCdVK0GCPDPfynw4Xr9UYIu7tYQ6OfTbY2SLd5MUp69Pn5N8M1iPIhvs9BAKmjAYcqMLl5LA-Vabje4jJC5kZhhgR6gZEYMX69=w800-h500-k-no,https://lh4.googleusercontent.com/-5fZZrK447Tk/AAAAAAAAAAI/AAAAAAAAAAA/FZmiEmTYrc8/s44-p-k-no-ns-nd/photo.jpg,TRUE
ChIJ9QBFvzyfBZERfeRaigDBmh8,Dojo San Bartolo,San Bartolo,-12.3912012,-76.777961,TRUE,FALSE,TRUE,FALSE,TRUE,TRUE,FALSE,FALSE,FALSE,TRUE,TRUE,51935158768,https://www.instagram.com/sanbartolo.jj/?hl=en,https://www.facebook.com/SanBartolosbr/,Escuela de Artes Marciales en San Bartolo,5,5,https://search.google.com/local/reviews?placeid=ChIJ9QBFvzyfBZERfeRaigDBmh8,https://lh3.googleusercontent.com/p/AF1QipOyWM9uXSHb4J229Y9yKYlP6MzGuqPam0Zx3OZ9=w800-h500-k-no,https://lh6.googleusercontent.com/-DA8ZlKIqL5E/AAAAAAAAAAI/AAAAAAAAAAA/1G11O_5MfDM/s44-p-k-no-ns-nd/photo.jpg,TRUE
ChIJpbOPHQDPBZERgNhOqhBdNlI,Dream Art Sede Los Olivos,Los Olivos,-12.0046274,-77.06451,TRUE,FALSE,TRUE,FALSE,TRUE,FALSE,FALSE,FALSE,FALSE,TRUE,TRUE,,https://www.instagram.com/dreamart_peru_losolivos/?hl=en,https://www.facebook.com/dreamartxkazoku,¿Te gustaría cambiar tu estilo de vida? Te invitamos a evolucionar juntos. El mejor momento es HOY.,5,1,https://search.google.com/local/reviews?placeid=ChIJpbOPHQDPBZERgNhOqhBdNlI,https://lh3.googleusercontent.com/p/AF1QipPpS8Cup_GivQSHoEe7GImLP3SMQcK33ZuX3ehh=w800-h500-k-no,https://lh4.googleusercontent.com/-0FK4CSYUxec/AAAAAAAAAAI/AAAAAAAAAAA/kR3GRBAOQs0/s44-p-k-no-ns-nd/photo.jpg,TRUE
ChIJkb7L-yPHBZERvMfhofqs9f0,Dream Art Sede Surco,Santiago de Surco,-12.108864,-76.9717262,TRUE,FALSE,FALSE,FALSE,TRUE,FALSE,FALSE,FALSE,FALSE,TRUE,TRUE,51967000574,https://www.instagram.com/dreamart_peru,https://www.facebook.com/dreamartxkazoku,¿Te gustaría cambiar tu estilo de vida? Te invitamos a evolucionar juntos. El mejor momento es HOY.,5,73,https://search.google.com/local/reviews?placeid=ChIJkb7L-yPHBZERvMfhofqs9f0,https://lh3.googleusercontent.com/p/AF1QipMNrumPNLzIyPtMei87NJSV01vKCSvV6cUPv8yK=w800-h500-k-no,https://lh6.googleusercontent.com/-JqppZQXQAgA/AAAAAAAAAAI/AAAAAAAAAAA/rFaqbhuzteI/s44-p-k-no-ns-nd/photo.jpg,TRUE
ChIJ_49ZfwC5BZER25WIUu0zge8,Dream Art San Juan de Miraflores,San Juan de Miraflores,-12.1437102,-76.9738876,TRUE,FALSE,TRUE,FALSE,TRUE,FALSE,FALSE,FALSE,FALSE,TRUE,TRUE,51902787543,https://www.instagram.com/dreamart_peru_sanjuan/?hl=en,https://www.facebook.com/dreamartxkazoku,¿Te gustaría cambiar tu estilo de vida? Te invitamos a evolucionar juntos. El mejor momento es HOY.,,,https://search.google.com/local/reviews?placeid=ChIJ_49ZfwC5BZER25WIUu0zge8,https://lh3.googleusercontent.com/p/AF1QipO3eayHH_NrOCP_i_MfgqOv6WdXEzM5UK-uc8qr=w800-h500-k-no,https://lh5.googleusercontent.com/-Cp8wx5m1TLA/AAAAAAAAAAI/AAAAAAAAAAA/Lg-agVYY93U/s44-p-k-no-ns-nd/photo.jpg,TRUE
ChIJ_x2r75vJBZERgmBgN_FrDIM,Dream Art San Miguel,San Miguel,-12.0680388,-77.0982904,TRUE,FALSE,TRUE,FALSE,TRUE,FALSE,FALSE,FALSE,FALSE,TRUE,TRUE,,https://www.instagram.com/dreamart_peru_sanmiguel/?hl=en,https://www.facebook.com/dreamartxkazoku,¿Te gustaría cambiar tu estilo de vida? Te invitamos a evolucionar juntos. El mejor momento es HOY.,5,11,https://search.google.com/local/reviews?placeid=ChIJ_x2r75vJBZERgmBgN_FrDIM,https://lh3.googleusercontent.com/p/AF1QipNIh8jmb1TxMUOBKwmaCn-CkP4j8wtjxvTd4rNL=w800-h500-k-no,https://lh3.googleusercontent.com/-bfv9KeDYyoQ/AAAAAAAAAAI/AAAAAAAAAAA/kQSDIQJqi44/s44-p-k-no-ns-nd/photo.jpg,TRUE
ChIJPaZRdMPHBZER5ztEW3DODhQ,El Templo,San Borja,-12.1018526,-76.9961979,TRUE,FALSE,FALSE,FALSE,FALSE,TRUE,FALSE,FALSE,FALSE,TRUE,TRUE,51977484702,https://www.instagram.com/eltemplo.jj/?hl=en,https://www.facebook.com/ElTemplo.JJ,"Aprende Jiu Jitsu. Enfocados en defensa personal, respeto y humildad.",4.6,10,https://search.google.com/local/reviews?placeid=ChIJPaZRdMPHBZER5ztEW3DODhQ,https://lh3.googleusercontent.com/gps-cs-s/AC9h4npkoM7SI7ZLaBFFJ6EVpT9J_gYehpcNLT_lGcpU_G8fxh5gT4v5hLxr7J1eZqiBLtDMMqiSSheF9fNsM4jDYr7mp_m8oSEozHkcfhMvm0zHvz-AnNHxDbMc5H-xSZMVSn4JI61W=w800-h500-k-no,,TRUE
ChIJjY4SOaZ1BZERRHxcdzy-H4Y,Adamu MMA,Chilca,-12.5133659,-76.7382538,FALSE,FALSE,FALSE,FALSE,FALSE,FALSE,FALSE,FALSE,FALSE,FALSE,TRUE,51997912551,https://www.instagram.com/adamu.mma/,https://www.facebook.com/people/Adamu-MMA/61555242338472/,"Escuela de artes marciales en Chilca, enfocada al grappling (Jiu Jitsu y Wrestling) y Striking (Muay Thai).",4.9,24,https://search.google.com/local/reviews?placeid=ChIJjY4SOaZ1BZERRHxcdzy-H4Y,https://lh3.googleusercontent.com/p/AF1QipMJkBOQffi3PouDjwOl1nxBaBx1ZWn0XRFTV3N6=w800-h500-k-no,https://lh4.googleusercontent.com/-dxalNzpR-wY/AAAAAAAAAAI/AAAAAAAAAAA/sker28UqoKI/s44-p-k-no-ns-nd/photo.jpg,TRUE
ChIJBTqvMrvOBZERKOlujH1mxM8,Escuela De Combate RUMBLE,San Martin de Porres,-12.0287975,-77.090943,FALSE,FALSE,FALSE,FALSE,FALSE,FALSE,FALSE,FALSE,FALSE,FALSE,TRUE,51922377582,https://www.instagram.com/escuela.de.combate.rumble,https://www.facebook.com/p/Escuela-De-Combate-Rumble-100063565067715/,Escuela de combate Rumble,5,28,https://search.google.com/local/reviews?placeid=ChIJBTqvMrvOBZERKOlujH1mxM8,https://lh3.googleusercontent.com/p/AF1QipOxTOY_VQq3EXjvJo3NePpStr7uxmFNvicspg0-=w800-h500-k-no,https://lh5.googleusercontent.com/-6RrVvTFiGJ0/AAAAAAAAAAI/AAAAAAAAAAA/pRtp-ya4FnY/s44-p-k-no-ns-nd/photo.jpg,TRUE
ChIJ__8gaBnJBZERMs5FSMPbsFg,ESCUELA DE JIUJITSU CARLSON GRACIE TEAM PER√ö,Pueblo Libre,-12.0694676,-77.0636531,TRUE,FALSE,FALSE,FALSE,TRUE,TRUE,FALSE,FALSE,FALSE,TRUE,TRUE,51997918144,https://www.instagram.com/carlsongracieteamperu/?hl=en,https://www.facebook.com/p/Carlson-Gracie-Team-Per%C3%BA-100083924154735/,"Somos una escuela de jiujitsu brasileño, ayudará a que tu autoestima y control personal mejore de forma exponencial. Decídete y verás el cambio",5,4,https://search.google.com/local/reviews?placeid=ChIJ__8gaBnJBZERMs5FSMPbsFg,https://lh3.googleusercontent.com/gps-cs-s/AC9h4no9AiCgRhFvE7Y1yk-D9nHVHDVEF1S8ntOX7_E-nDR8lUowqKo7dkZzrbAmjN7V_rqDF3nMBlygB-8kchF0r63fMFV90hJU7Mbo_1RgFnxyj2HoVTZAhyl0uUoWyThWd42-n1oM=w800-h500-k-no,,TRUE
ChIJ3ca_7GfOBZER0kYN24RJ7KY,Escuela Pitbull Artes Marciales Mixtas,Los Olivos,-11.9879921,-77.0802581,TRUE,FALSE,FALSE,FALSE,FALSE,FALSE,FALSE,FALSE,FALSE,FALSE,TRUE,51930242842,https://www.instagram.com/escuelapitbullmma/?hl=en,https://www.facebook.com/EscuelaPitbulllartesmarcialesmixtas,"Centro de Alto Rendimiento. Boxeo, Luta Livre & MMA. David ""Escorpión"" Iberico",4.6,33,https://search.google.com/local/reviews?placeid=ChIJ3ca_7GfOBZER0kYN24RJ7KY,,,TRUE
ChIJfWAsKx_IBZERt1ZX_T0dxT4,Fight Academy Miraflores,Miraflores,-12.1245778,-77.0310438,FALSE,FALSE,FALSE,FALSE,FALSE,FALSE,FALSE,FALSE,FALSE,TRUE,TRUE,51967195860,https://www.instagram.com/fightacademymiraflores,https://www.facebook.com/people/Fight-Academy-Miraflores/61565059860976/?_rdr,"Domina las artes marciales sin sacrificar tu vida personal. En Fight Academy, te ayudamos a alcanzar tus objetivos en las artes marciales mixtas con un entrenamiento eficiente y enfocado en Boxeo, Muay Thai, Jiu Jitsu & MMA.",4.9,384,https://search.google.com/local/reviews?placeid=ChIJfWAsKx_IBZERt1ZX_T0dxT4,https://lh3.googleusercontent.com/p/AF1QipMvmf4rghdo2BbGZRJ3j1gjlo_e3hT-MMMm7qoA=w800-h500-k-no,https://lh3.googleusercontent.com/-DuXB3JJVJJg/AAAAAAAAAAI/AAAAAAAAAAA/aXYV-sZMgKM/s44-p-k-no-ns-nd/photo.jpg,TRUE
ChIJ-Y9xE8PFBZERYnNQ_wmVuXg,Fight Club Shogun Escuela de Artes Marciales Mixtas,San Juan de Lurigancho,-12.0055374,-76.992765,FALSE,FALSE,FALSE,FALSE,FALSE,FALSE,FALSE,FALSE,FALSE,FALSE,TRUE,51936971879,,https://www.facebook.com/profile.php?id=61553973726547,"Escuela de artes marciales mixtas, entrena con nosotros Muay Thay, lucha sumision, MMA y box.",4,2,https://search.google.com/local/reviews?placeid=ChIJ-Y9xE8PFBZERYnNQ_wmVuXg,https://lh3.googleusercontent.com/p/AF1QipN0NOfr6SGrKrkV2I34X9WAp8cInnEiMQZ3eTyD=w800-h500-k-no,https://lh4.googleusercontent.com/-eL3_4mhcvLQ/AAAAAAAAAAI/AAAAAAAAAAA/s-ZJaOmt408/s44-p-k-no-ns-nd/photo.jpg,TRUE
ChIJNwNYneXPBZERvnx_1rWKLmQ,Team Fox BJJ,San Martin de Porres,-12.0179359,-77.0740454,FALSE,FALSE,FALSE,FALSE,FALSE,FALSE,FALSE,FALSE,FALSE,FALSE,TRUE,51976225419,https://www.instagram.com/teamfoxbjj/,https://www.facebook.com/jiujitsulimanorte/mentions/?_rdr,"Escuela de Artes Marciales y Preparacion Fisica del mas alto nivel. Brazilian Jiu Jitsu, MMA & Muay Thai",,,https://search.google.com/local/reviews?placeid=ChIJNwNYneXPBZERvnx_1rWKLmQ,https://streetviewpixels-pa.googleapis.com/v1/thumbnail?panoid=kox02NBxnQqqW3xTznO38Q&cb_client=search.gws-prod.gps&w=800&h=500&yaw=320.21985&pitch=0&thumbfov=100,,TRUE
ChIJKesXee25BZERRTPN-SaAGX4,FudoZen Jiu Jitsu,Santiago de Surco,-12.1646596,-76.9901245,FALSE,FALSE,FALSE,FALSE,FALSE,FALSE,FALSE,FALSE,FALSE,TRUE,TRUE,51967713492,https://www.instagram.com/fudozen.pe/,,Academia de Brazilian Jiu Jitsu y MMA,5,4,https://search.google.com/local/reviews?placeid=ChIJKesXee25BZERRTPN-SaAGX4,https://lh3.googleusercontent.com/gps-cs-s/AC9h4nqxzf_j2p7JbwuoXEGK7NB2BWv9gVdK6-P-QEdLxYzFuMr0eSv4ShwfkZMKzBlvKA-I9AZK--PksC5fP51cTKKTQUc0kV5ZcgHGvlrGSqz6RMDlhPKZtimatcGO50z3WNPOeIM=w800-h500-k-no,https://lh5.googleusercontent.com/-oFEXrToBMyg/AAAAAAAAAAI/AAAAAAAAAAA/DO6VNtZw0vc/s44-p-k-no-ns-nd/photo.jpg,TRUE
ChIJ1YpSKgDJBZERKDmUGecW1nQ,Galera Bjj,Miraflores,-12.127395,-77.0131293,TRUE,TRUE,TRUE,FALSE,TRUE,TRUE,FALSE,FALSE,FALSE,TRUE,TRUE,,https://www.instagram.com/galera_bjj,https://www.facebook.com/profile.php?id=61564328113509,"Mi misión es transmitir a las nuevas generaciones de Jiu Jitseros los valores que representan este deporte: respeto, disciplina, seguridad, compañerismo, resiliencia, autoestima y liderazgo.",5,3,https://search.google.com/local/reviews?placeid=ChIJ1YpSKgDJBZERKDmUGecW1nQ,https://lh3.googleusercontent.com/gps-cs-s/AC9h4nr1RgorrzQ0n-D_YV5CHcZl617LUjsc9u9p_Ag9JQKVZ9TDCtlu7G76ex5yD-WRGVp4BZ_kSo-ri1mr-apGtPPOYsSEgcq3mMBLdNkbi8ILOAv2A3zSmxNh1_J4WtXP5a4aPkA=w800-h500-k-no,https://lh6.googleusercontent.com/-uXc8SFJ18_Y/AAAAAAAAAAI/AAAAAAAAAAA/WAxzxjW76w4/s44-p-k-no-ns-nd/photo.jpg,TRUE
ChIJqT3IfADFBZERiGYMI6Qk8xc,Galpon Fight Club MMA,Ate,-12.0301352,-76.9283328,TRUE,FALSE,TRUE,FALSE,FALSE,FALSE,FALSE,FALSE,FALSE,TRUE,TRUE,51967948401,https://www.instagram.com/galpon.fight.club.mma,https://www.facebook.com/people/Galp%C3%B3n-Fight-Club-MMA/61568997767283/?_rdr,"Galpón Fight Club. MMA, KickBoxing, Boxeo & BJJ",5,26,https://search.google.com/local/reviews?placeid=ChIJqT3IfADFBZERiGYMI6Qk8xc,https://lh3.googleusercontent.com/p/AF1QipPXLuK791Ai9GhASCfObUJolsRtTUlTwkjlqXGi=w800-h500-k-no,https://lh3.googleusercontent.com/-svsTjradqxw/AAAAAAAAAAI/AAAAAAAAAAA/6KVjmS_0SCI/s44-p-k-no-ns-nd/photo.jpg,TRUE
ChIJEXuVY_i3BZER08CWMOYLlzA,Gaman Peru,Miraflores,-12.1308693,-77.023229,FALSE,FALSE,FALSE,FALSE,FALSE,FALSE,FALSE,FALSE,FALSE,TRUE,TRUE,51925674060,https://www.instagram.com/gaman_peru/?hl=en,https://www.facebook.com/p/Gaman-Per%C3%BA-61554081942507/,Academia de Brazilian Jiu Jitsu,5,24,https://search.google.com/local/reviews?placeid=ChIJEXuVY_i3BZER08CWMOYLlzA,https://lh3.googleusercontent.com/p/AF1QipMVUZGwH2nwipTtNyuUmexFCx2bV2cXpHWj_rZc=w800-h500-k-no,https://lh4.googleusercontent.com/-ngyk1_NDlQQ/AAAAAAAAAAI/AAAAAAAAAAA/LBggkTa7jtk/s44-p-k-no-ns-nd/photo.jpg,TRUE
ChIJEXKqbTO3BZER3euLTELXG_U,Game Fight Sede Chorrillos,Chorrillos,-12.1674056,-77.0191872,FALSE,FALSE,FALSE,FALSE,FALSE,FALSE,FALSE,FALSE,FALSE,TRUE,TRUE,51985681099,https://www.instagram.com/gamefightchorrillos,https://www.facebook.com/people/Game-Fight-Chorrillos/61555715565851/,Escuela de Jiu Jitsu Brasilero,,,https://search.google.com/local/reviews?placeid=ChIJEXKqbTO3BZER3euLTELXG_U,https://lh3.googleusercontent.com/p/AF1QipP6l3tvr5EAY_exrJ28MV6pujDLenHAmsU-YN_T=w800-h500-k-no,https://lh5.googleusercontent.com/-9NOG-MQogVQ/AAAAAAAAAAI/AAAAAAAAAAA/9scLgzo7gKA/s44-p-k-no-ns-nd/photo.jpg,TRUE
ChIJXfqFUWXHBZERBCWUtdh8OzA,Gentle Art Training Center,San Luis,-12.0798373,-77.0041697,TRUE,FALSE,FALSE,FALSE,TRUE,FALSE,FALSE,FALSE,FALSE,TRUE,TRUE,51992221229,https://www.instagram.com/explore/locations/303742257019823/gentle-art-training-center/,https://www.facebook.com/p/Gentle-Art-Training-Center-100039950585706/,Clases de Brazilian Jiujitsu y entrenamiento funcional,5,5,https://search.google.com/local/reviews?placeid=ChIJXfqFUWXHBZERBCWUtdh8OzA,https://lh3.googleusercontent.com/p/AF1QipPkkaTdUY87I1lmTQmltw3cDHI_mWRsaK3GvkeE=w800-h500-k-no,https://lh3.googleusercontent.com/-A8IIBawofOs/AAAAAAAAAAI/AAAAAAAAAAA/r6gW9yEXXEE/s44-p-k-no-ns-nd/photo.jpg,TRUE
ChIJOfVTLj_JBZERTUyB_kKhYnc,Gracie Barra Sede San Miguel,San Miguel,-12.0768516,-77.091835,TRUE,TRUE,TRUE,FALSE,TRUE,TRUE,FALSE,FALSE,FALSE,TRUE,TRUE,51972466436,https://www.instagram.com/graciebarrasanmiguel/,https://www.facebook.com/jiujitsugoshinkai/,Academia Gracie Barra Jiu Jitsu,5,21,https://search.google.com/local/reviews?placeid=ChIJOfVTLj_JBZERTUyB_kKhYnc,https://lh3.googleusercontent.com/p/AF1QipP-9DfZZB4Izlg_WKtlvDEtSCXD5nBxTQXIXNCr=w800-h500-k-no,https://lh6.googleusercontent.com/-MeTy43zlml4/AAAAAAAAAAI/AAAAAAAAAAA/6MHxeeD-c78/s44-p-k-no-ns-nd/photo.jpg,TRUE
ChIJJ-HrgETHBZERj90CNmOWPh4,Guigo Jiu Jitsu Sede Surco,Santiago de Surco,-12.0965919,-76.9788514,TRUE,FALSE,FALSE,FALSE,FALSE,TRUE,FALSE,FALSE,FALSE,TRUE,TRUE,51999686114,https://www.instagram.com/guigojjsurco/?hl=en,https://www.facebook.com/guigomonterrico/,"Guigo Perú, Siete veces Campeón Nacional de Jiu Jitsu.",5,11,https://search.google.com/local/reviews?placeid=ChIJJ-HrgETHBZERj90CNmOWPh4,https://lh3.googleusercontent.com/p/AF1QipOxeyo7KDM9xNVzhyqbYZLDLz-xOZSOs6WpnfZB=w800-h500-k-no,https://lh5.googleusercontent.com/-MkjPEQ7BmG0/AAAAAAAAAAI/AAAAAAAAAAA/ALC5rVFupTI/s44-p-k-no-ns-nd/photo.jpg,TRUE
ChIJIxkhu37HBZEROfIG-FHuJYM,Hippo BJJ Jiu Jitsu,San Borja,-12.108061,-76.9920162,FALSE,FALSE,FALSE,FALSE,FALSE,FALSE,FALSE,FALSE,FALSE,TRUE,FALSE,51999600162,,https://www.facebook.com/TeamHippoBjj,Jiu Jitsu. Clases priuvadas y grupales.,5,6,https://search.google.com/local/reviews?placeid=ChIJIxkhu37HBZEROfIG-FHuJYM,,https://lh5.googleusercontent.com/-T3Wnx6vlecw/AAAAAAAAAAI/AAAAAAAAAAA/V9KXvrXE4KQ/s44-p-k-no-ns-nd/photo.jpg,TRUE
ChIJN5ZmqUjDBZERfg6CAsw_DIk,Jabali Jiu Jitsu,Chosica,-12.0180868,-76.9152082,FALSE,FALSE,FALSE,FALSE,FALSE,FALSE,FALSE,FALSE,FALSE,TRUE,TRUE,51997705831,https://www.instagram.com/jabali.bjj/,https://www.facebook.com/jabali.bjj,Academia de Jiu Jitsu en Huachipa,5,8,https://search.google.com/local/reviews?placeid=ChIJN5ZmqUjDBZERfg6CAsw_DIk,https://lh3.googleusercontent.com/p/AF1QipOlf6Fcxo4wjULoEdK5gYxgk7d6n7Cu-F5CbzA=w800-h500-k-no,https://lh6.googleusercontent.com/-oZodG-G9g44/AAAAAAAAAAI/AAAAAAAAAAA/ueWynlztCJM/s44-p-k-no-ns-nd/photo.jpg,TRUE
ChIJk8SzSkDOBZERCTZ3zE24RQw,Jungle Fighting Center Sede Los Olivos,Los Olivos,-11.9961337,-77.0643837,FALSE,FALSE,FALSE,FALSE,FALSE,FALSE,FALSE,FALSE,FALSE,TRUE,TRUE,51912902187,https://www.instagram.com/jungle.jfc/?hl=en,https://www.facebook.com/JungleFightingCenter,"Escuela de Artes Marciales Mixtas: Boxeo, Muay Thai, Jiu Jitsu, MMA, Capoeira & Judo",4.9,9,https://search.google.com/local/reviews?placeid=ChIJk8SzSkDOBZERCTZ3zE24RQw,https://lh3.googleusercontent.com/gps-cs-s/AC9h4no0L5EPZowqz7DiQYfJTiehHlN9sHKwiU_CQSJ16EyX_sbEB780qyhj37ys7BuDRi9aLYDIuXOD3ZxHwkQsHVjHGwEjBW_OzYPsh6269WrW6Vw38f-BLE2B2YWTnXyrjZUDIM9V=w800-h500-k-no,https://lh3.googleusercontent.com/-ugHB-3ASwh8/AAAAAAAAAAI/AAAAAAAAAAA/932FkBJo03k/s44-p-k-no-ns-nd/photo.jpg,TRUE
ChIJN3QsxCbPBZERgR2YabPmQbA,Jungle Fighting Center Sede Huandoy,Los Olivos,-11.9764746,-77.0827342,FALSE,FALSE,FALSE,FALSE,FALSE,FALSE,FALSE,FALSE,FALSE,TRUE,TRUE,51947132222,https://www.instagram.com/jungle.jfc/?hl=en,https://www.facebook.com/JFC.huandoy/,"Escuela de Artes Marciales Mixtas: Boxeo, Muay Thai, Jiu Jitsu, MMA, Capoeira & Judo",,,https://search.google.com/local/reviews?placeid=ChIJN3QsxCbPBZERgR2YabPmQbA,https://streetviewpixels-pa.googleapis.com/v1/thumbnail?panoid=pKNT56Zo4gVOyJCLWeMb7g&cb_client=search.gws-prod.gps&w=800&h=500&yaw=356.10776&pitch=0&thumbfov=100,,TRUE
ChIJVTkYBQy4BZER8Lrs_Th1Gyg,Kami Martial Arts,Santiago de Surco,-12.1347459,-76.9921959,TRUE,FALSE,FALSE,FALSE,FALSE,TRUE,FALSE,FALSE,FALSE,TRUE,FALSE,51989017185,https://www.instagram.com/kamimartialarts/,https://www.facebook.com/KamiMartialArts/,Kami Martial Arts tiene como misión difundir disciplina y salud a través de distintas artes marciales.,4.9,35,https://search.google.com/local/reviews?placeid=ChIJVTkYBQy4BZER8Lrs_Th1Gyg,,https://lh5.googleusercontent.com/-nogfyiYV4OE/AAAAAAAAAAI/AAAAAAAAAAA/MquvNzHhitc/s44-p-k-no-ns-nd/photo.jpg,TRUE
ChIJb35O-MG5BZER0gm5vyGT7yY,Klandestino Jiujitsu Villa el Salvador,Villa El Salvador,-12.2118687,-76.9355189,FALSE,FALSE,FALSE,FALSE,FALSE,FALSE,FALSE,FALSE,FALSE,TRUE,TRUE,51933038090,https://www.instagram.com/klandestinojj/,https://www.facebook.com/p/Klandestino-Jiujitsu-Villa-El-Salvador-100093574603661/,Academia de Jiu Jitsu en Villa el Salvador. Conoce el arte marcial más utilizado y de mejor efectividad.¡Ven y diviértete!,4.9,39,https://search.google.com/local/reviews?placeid=ChIJb35O-MG5BZER0gm5vyGT7yY,https://lh3.googleusercontent.com/p/AF1QipMJUqiTyMX5wlPDUUg63s9pfkSOFPVpmN1acaRi=w800-h500-k-no,https://lh3.googleusercontent.com/-8l5aoRCYPck/AAAAAAAAAAI/AAAAAAAAAAA/YCVxavOtgoM/s44-p-k-no-ns-nd/photo.jpg,TRUE
ChIJ978EWfa5BZERiREZ7hbxVA0,LA GRANJA BJJ,Chorrillos,-12.1761324,-77.0101445,FALSE,FALSE,FALSE,FALSE,FALSE,FALSE,FALSE,FALSE,FALSE,TRUE,TRUE,51930508219,https://www.instagram.com/lagranjabjj,,"Dojo de Brazilian Jiu Jitsu, enfocado en la defensa personal y competencia deportiva del arte. Asociado a Musashi Ronin BJJ Club. Profesor certificado por CHECK MAT, Bushido FT.",,,https://search.google.com/local/reviews?placeid=ChIJ978EWfa5BZERiREZ7hbxVA0,https://lh3.googleusercontent.com/p/AF1QipMb_mUN0OrHLLF8mBS3tGiMdWPWMPdFYAqDhKM5=w800-h500-k-no,https://lh4.googleusercontent.com/--CLotcV_kSE/AAAAAAAAAAI/AAAAAAAAAAA/MG-YqNeLY28/s44-p-k-no-ns-nd/photo.jpg,TRUE
ChIJSb1NrmPJBZERf34Gt0a60eM,Lab 266 Jiu Jitsu & Movement,Miraflores,-12.1066493,-77.0336761,TRUE,FALSE,TRUE,FALSE,TRUE,TRUE,FALSE,FALSE,FALSE,TRUE,TRUE,51981245182,https://www.instagram.com/lab266jiujitsu/?hl=en,https://www.facebook.com/people/Lab266-Jiu-Jitsu/100087636576146/,Academia de Jiu Jitsu en Miraflores,5,22,https://search.google.com/local/reviews?placeid=ChIJSb1NrmPJBZERf34Gt0a60eM,https://lh3.googleusercontent.com/p/AF1QipNf1DaJUQQlJdMbVZUswC33FHj2OwQMcFVOiJlO=w800-h500-k-no,,TRUE
ChIJvwqpvkHHBZERdO0CswW9ZsU,Legacy BJJ Peru,El Agustino,-12.0462852,-77.0004878,TRUE,FALSE,FALSE,FALSE,FALSE,FALSE,FALSE,FALSE,FALSE,FALSE,FALSE,51928660252,https://www.instagram.com/legacyjjperu/?hl=en,https://www.facebook.com/legacybrazilianjiujitsuperu/,Formando Campeones,4.5,2,https://search.google.com/local/reviews?placeid=ChIJvwqpvkHHBZERdO0CswW9ZsU,,https://lh3.googleusercontent.com/-ukKmqSE1AMI/AAAAAAAAAAI/AAAAAAAAAAA/rvUv65KRrzA/s44-p-k-no-ns-nd/photo.jpg,TRUE
ChIJgfP7ckzRBZERYV0OABgUnqA,Los Perros Sarnosos De Pro - Equipo Giglio,Los Olivos,-11.940115,-77.0774481,TRUE,FALSE,FALSE,FALSE,FALSE,TRUE,FALSE,FALSE,FALSE,FALSE,TRUE,51930868165,https://www.instagram.com/equipogiglio/?hl=en,https://www.facebook.com/p/Equipo-Giglio-Luta-Livre-100063638200616/,Centro de entrenamiento Equipo Giglio - Luta livre. Dirigido por el Mestre Sergio Giglio,4.4,10,https://search.google.com/local/reviews?placeid=ChIJgfP7ckzRBZERYV0OABgUnqA,https://lh3.googleusercontent.com/gps-cs-s/AC9h4npwhUaosXLWZ2u8L9SmLRlTfQmnncLWTQSIPzu0rCgbdhr7tVhX2_WDGykiYKrn1asct8pWuwUvGmHuCwHoSSVsnza1AR5hzr-pE5pYe0EuGngmZR_6HqHGMzoPKHZSwwCB0HYF=w800-h500-k-no,https://lh6.googleusercontent.com/-laXgfdVRzkg/AAAAAAAAAAI/AAAAAAAAAAA/3BOqHCRHfr8/s44-p-k-no-ns-nd/photo.jpg,TRUE
ChIJvYHKt3-jBZEROnva_mUx-X0,Maretazo Muay Thai & MMA,Lurin,-12.3054395,-76.8432104,TRUE,TRUE,FALSE,FALSE,FALSE,FALSE,FALSE,FALSE,FALSE,FALSE,TRUE,51986000357,https://www.instagram.com/maretazomma/,https://www.facebook.com/MARETAZOMMA,Maretazo se funda con el propósito de difundir las artes marciales en el sur chico,5,4,https://search.google.com/local/reviews?placeid=ChIJvYHKt3-jBZEROnva_mUx-X0,,,TRUE
ChIJGy2VpEjPBZERRuN81xfxeJc,Maximos Combat Club,Rimac,-12.0298383,-77.0288902,FALSE,FALSE,FALSE,FALSE,FALSE,FALSE,FALSE,FALSE,FALSE,FALSE,TRUE,51972102849,https://www.instagram.com/mccperuoficial,https://www.facebook.com/MaximosCombatClubRimac/,"Somos Maximos Combat Club, la escuela pionera de artes marciales mixtas, dirigida por Johnny Iwasaki.",4.7,31,https://search.google.com/local/reviews?placeid=ChIJGy2VpEjPBZERRuN81xfxeJc,https://lh3.googleusercontent.com/gps-cs-s/AC9h4nq2sRpGTUmOND6cdrepxbBsji6SsQ8mcIzCn7FplOLkv_ahR0bxt9OeZyir4qzWnTzPbX2HCl375GCq3J_LaiQnrkRBAhoHTbH-MKFRlgX8-XxR7t1jztl3y9E11gMJwgfDixNf=w800-h500-k-no,https://lh3.googleusercontent.com/-BXBzwBEeE5U/AAAAAAAAAAI/AAAAAAAAAAA/ugU26gT0Dqw/s44-p-k-no-ns-nd/photo.jpg,TRUE
ChIJvacSRQDVBZERBxHZNVWjEjw,Mega Wolf Gym,Ventanilla,-11.8327698,-77.1612333,FALSE,FALSE,FALSE,FALSE,FALSE,FALSE,FALSE,FALSE,FALSE,TRUE,FALSE,51906245395,,https://www.facebook.com/LIFE.FitnessyNutrition,Desarrolla Fuerza y Determinacion.,,,https://search.google.com/local/reviews?placeid=ChIJvacSRQDVBZERBxHZNVWjEjw,https://lh3.googleusercontent.com/p/AF1QipO4qNeexSzroWo_vSjCJbbrO3BfA7n8dQwmIw=w800-h500-k-no,https://lh3.googleusercontent.com/-Yb5k0Px81IQ/AAAAAAAAAAI/AAAAAAAAAAA/iiLllFsZALg/s44-p-k-no-ns-nd/photo.jpg,TRUE
ChIJabJUHWzHBZERBIaiGFzAyBc,Mekka Jiu Jitsu,Santiago de Surco,-12.1151342,-76.9917434,TRUE,FALSE,FALSE,FALSE,TRUE,TRUE,FALSE,FALSE,FALSE,TRUE,TRUE,51993795427,https://www.instagram.com/mekkajiujitsu,https://www.facebook.com/mekkajiujitsu/,Transformando vidas con el Jiu Jitsu,5,11,https://search.google.com/local/reviews?placeid=ChIJabJUHWzHBZERBIaiGFzAyBc,https://lh3.googleusercontent.com/p/AF1QipOnDDjvyNHZJ124hvc2icNFUTLtCkkOCO31Fn51=w800-h500-k-no,https://lh6.googleusercontent.com/-U9fch99jaXs/AAAAAAAAAAI/AAAAAAAAAAA/Y16O5yRMA2U/s44-p-k-no-ns-nd/photo.jpg,TRUE
ChIJkfQshOjFBZERHZm1o7HcYTE,MKombat MMA Club,San Juan de Lurigancho,-11.9706254,-76.9921933,FALSE,FALSE,FALSE,FALSE,FALSE,FALSE,FALSE,FALSE,FALSE,FALSE,TRUE,51958966721,https://www.instagram.com/mkombat.oficial,https://www.facebook.com/p/MKombat-MMA-Club-100063608887334/,"Escuela de Artes Marciales y Defensa Personal, además también contamos con Gym",4.9,9,https://search.google.com/local/reviews?placeid=ChIJkfQshOjFBZERHZm1o7HcYTE,https://lh3.googleusercontent.com/gps-cs-s/AC9h4nr23fHtF4UMjBeuD_Y6p4kvESdVW26b6EASDDi84GEFXSUnxHUxU3dGG9yCSZEUfLJRaO5MIl4VBqdXpdATGRV7KMpBss8zA8XBuYjMmFOvGyxgtJrErSy6n5MSkUwSzt1SKBs5OA=w800-h500-k-no,,TRUE
ChIJp8E3VQ3PBZERnloYE0DqDw4,Academia Salmista,Los Olivos,-11.9748003,-77.0884493,FALSE,FALSE,FALSE,FALSE,FALSE,FALSE,FALSE,FALSE,FALSE,TRUE,TRUE,51957746776,https://www.instagram.com/salmistasmma/,https://www.facebook.com/p/Academia-Salmista-MMA-100050883829326/,Entrenamiento profesional en Artes Marciales,,,https://search.google.com/local/reviews?placeid=ChIJp8E3VQ3PBZERnloYE0DqDw4,https://lh3.googleusercontent.com/p/AF1QipNQyGqm2MXHqRdH6OKrhUnfoLw4ffxRD318Ydbd=w800-h500-k-no,https://lh4.googleusercontent.com/-nMW4i5PJx-g/AAAAAAAAAAI/AAAAAAAAAAA/Xe8M16kSjC4/s44-p-k-no-ns-nd/photo.jpg,TRUE
ChIJG05Mh_DHBZERetDpq21KTFw,Monkey Jiu Jitsu,Miraflores,-12.1303483,-77.0307553,TRUE,TRUE,TRUE,FALSE,TRUE,TRUE,FALSE,FALSE,FALSE,TRUE,TRUE,51987755130,https://www.instagram.com/monkeybjj,https://www.facebook.com/monkeyjiujitsuperu,Jiu Jitsu Brasilero de clase mundial!,4.9,92,https://search.google.com/local/reviews?placeid=ChIJG05Mh_DHBZERetDpq21KTFw,https://lh3.googleusercontent.com/p/AF1QipPm1q_PXpPcM7zyvgNpszuy08A_sAYcdF7JGXZt=w800-h500-k-no,https://lh4.googleusercontent.com/-iPsvDs6mDsw/AAAAAAAAAAI/AAAAAAAAAAA/95KeWjGjz_4/s44-p-k-no-ns-nd/photo.jpg,TRUE
ChIJNeMy2jDJBZERawYM4lCPlLc,Mutant House Jiu Jitsu,Magdalena del Mar,-12.089344,-77.0597968,TRUE,FALSE,TRUE,FALSE,FALSE,FALSE,FALSE,FALSE,FALSE,TRUE,TRUE,51999335730,https://www.instagram.com/mutanthouse.jiujitsu/,https://www.facebook.com/MutantHouseJiuJitsu,Escuela de Artes Marciales,4.9,7,https://search.google.com/local/reviews?placeid=ChIJNeMy2jDJBZERawYM4lCPlLc,https://lh3.googleusercontent.com/p/AF1QipNw29cQmPgemcPL1_zSu12Y3gWlpAhVrCpOj8Tb=w800-h500-k-no,https://lh6.googleusercontent.com/-wu7NFXZHjU0/AAAAAAAAAAI/AAAAAAAAAAA/IlDDFdvMMLc/s44-p-k-no-ns-nd/photo.jpg,TRUE
ChIJv_9GrX3JBZERpdIfG8ujNTI,Nagare Jiu Jitsu,San Isidro,-12.1010462,-77.0311349,TRUE,TRUE,TRUE,FALSE,FALSE,FALSE,FALSE,FALSE,FALSE,TRUE,TRUE,,https://www.instagram.com/nagare.jiujitsu/?hl=en,https://www.facebook.com/profile.php?id=61561691319418,"Academia de Jiu Jitsu, Grappling, Muay Thai y MMA. Un espacio para Entrenar Cuerpo y Mente.",5,18,https://search.google.com/local/reviews?placeid=ChIJv_9GrX3JBZERpdIfG8ujNTI,https://lh3.googleusercontent.com/gps-cs-s/AC9h4np3Yd-gI7-NkSk5b4QtPzb-uAq8tGK6muFFmSHZrxErkauyuepb3oRHvXyfVbtM133wp2L3cxS5iMzk5KVPrBm7V84Da5usOJY0r8VhXF0rR_-QrL8h_Jm1ABb7gEQ2LuS2scSM=w800-h500-k-no,https://lh5.googleusercontent.com/-pQPzvgPQLuU/AAAAAAAAAAI/AAAAAAAAAAA/fhHrSFj_zGo/s44-p-k-no-ns-nd/photo.jpg,TRUE
ChIJP6z8pTTJBZERkq2_VrWh5QA,NS Brotherhood Sede Lince,Lince,-12.0836155,-77.0328556,FALSE,FALSE,FALSE,FALSE,FALSE,FALSE,FALSE,FALSE,FALSE,TRUE,FALSE,51993081703,https://www.instagram.com/nsbrotherhoodlince/,https://www.facebook.com/nsbrotherhoodperu,Formamos luchadores dentro y fuera del tatami.,5,3,https://search.google.com/local/reviews?placeid=ChIJP6z8pTTJBZERkq2_VrWh5QA,https://lh3.googleusercontent.com/p/AF1QipPfnGEnmu9_mP5VWBg15Dm7Q3bF1t49XXoIZYVV=w800-h500-k-no,https://lh4.googleusercontent.com/-E8FDu21CjXs/AAAAAAAAAAI/AAAAAAAAAAA/ochBmy4RV90/s44-p-k-no-ns-nd/photo.jpg,TRUE
ChIJl-OE-4bIBZERA407nV0og0Y,NS Brotherhood Sede San Luis,San Luis,-12.0779548,-76.9980268,TRUE,FALSE,FALSE,FALSE,FALSE,TRUE,FALSE,FALSE,FALSE,TRUE,TRUE,51993081703,https://www.instagram.com/nsbrotherhoodperu/?hl=en,https://www.facebook.com/nsbrotherhoodperu/,Ayudamos a crear y mantener un equilibrio de vida. Academia de Jiu Jitsu Brasileño bajo el mando del profesor Rodolfo Villacres,5,107,https://search.google.com/local/reviews?placeid=ChIJl-OE-4bIBZERA407nV0og0Y,https://lh3.googleusercontent.com/gps-cs-s/AC9h4npGVu2i0C2Mve4Nt7snT5sIREYLFTQAzxAyGjiIqE319nosbHLMpGFvp5IZLowuT-r574mMNVMzWS7djt3nLG_Kk4n18NV_SPkgIkNSbpMl2A2XyDJBGh2Vj6l-vObTPQieh7xF=w800-h500-k-no,https://lh6.googleusercontent.com/-obvt5ko079M/AAAAAAAAAAI/AAAAAAAAAAA/ZhY0OZSdOMs/s44-p-k-no-ns-nd/photo.jpg,TRUE
ChIJG1UHBFrJBZERLbEeqYaaKuY,Osae Jiu Jitsu,Lince,-12.0854092,-77.0328793,TRUE,FALSE,FALSE,FALSE,FALSE,FALSE,FALSE,FALSE,FALSE,FALSE,TRUE,51933620874,https://www.instagram.com/osae.bjj/,https://www.facebook.com/profile.php?id=61569087886476&rdid=WZDnLrg9fbCXfQxw&share_url=https%3A%2F%2Fwww.facebook.com%2Fshare%2F1YWbPbDekz%2F#,"Yo progreso en el caos. Fomentar el arte de aprender juntos, motivandonos al desarrollo de habilidades y conocimientos.",5,6,https://search.google.com/local/reviews?placeid=ChIJG1UHBFrJBZERLbEeqYaaKuY,https://lh3.googleusercontent.com/gps-cs-s/AC9h4npxGXGzg51-nstj1tCsiHBdlp01by5Xap_8WWr_s5AXy7BdTHZe__iHsCjvqiY1iOMwE-E_J42GJ3sYqoG9U5GBYXpS_qaHFzNZ8EuJp8sx-uCTcdv6IhmKHe6swXuJWoYOOKWtm94gwSE2=w800-h500-k-no,https://lh3.googleusercontent.com/-rFohyVJnkJ8/AAAAAAAAAAI/AAAAAAAAAAA/S2lUlP7XH08/s44-p-k-no-ns-nd/photo.jpg,TRUE
ChIJn7sYPwDJBZER8XVYDRxEe8E,Parabellum,Miraflores,-12.1186171,-77.0360493,TRUE,FALSE,TRUE,FALSE,TRUE,TRUE,FALSE,FALSE,FALSE,TRUE,TRUE,51903340959,https://www.instagram.com/parabellum.bjj,,"Si quieres paz, preparate para la guerra.",5,3,https://search.google.com/local/reviews?placeid=ChIJn7sYPwDJBZER8XVYDRxEe8E,,,TRUE
ChIJkwetawDPBZERe4-TTmC1ho0,Peru Combat Warriors,Los Olivos,-11.963029,-77.0795843,FALSE,FALSE,FALSE,FALSE,TRUE,FALSE,FALSE,FALSE,FALSE,FALSE,TRUE,51932322583,https://www.instagram.com/perucombatwarriors,https://www.facebook.com/profile.php?id=61577301538963#,"Formamos cuerpo, mente y espíritu a través de las artes marciales. Desarrolla tu máximo potencial con los más expertos en MMA,Boxeo y BJJ.",5,1,https://search.google.com/local/reviews?placeid=ChIJkwetawDPBZERe4-TTmC1ho0,https://lh3.googleusercontent.com/gps-cs-s/AC9h4npTmpq3nrmEXXTSF3XEGC85DiqeONRusQnnGirYgA4xxwR0hhWb6_mkY9Po0V8Xevz4EwuRLHDW0FG9IbeJ9zj-dDmfQjFgYCKijizfbj9LhkOoKdyXlYqczi6XNQT0MVQjFB4h3nwLAnm4=w800-h500-k-no,,TRUE
ChIJERtB_gzJBZERgcXx1-xaPVE,Peru Fight Academy Sede Pueblo Libre,Pueblo Libre,-12.0793241,-77.0770126,FALSE,FALSE,FALSE,FALSE,FALSE,FALSE,FALSE,FALSE,FALSE,FALSE,TRUE,51944672901,https://www.instagram.com/perufightacademy,https://www.facebook.com/PeruFightAcademy,Academia de artes marciales con el mejor y más variado equipamiento de entrenamiento.,4.6,86,https://search.google.com/local/reviews?placeid=ChIJERtB_gzJBZERgcXx1-xaPVE,https://lh3.googleusercontent.com/p/AF1QipPz8M4t9b7dWWQrbGfzZ87Qfzrnvp6c3RokWLch=w800-h500-k-no,https://lh4.googleusercontent.com/-67K0hsCXi_c/AAAAAAAAAAI/AAAAAAAAAAA/WtjJ1588_aI/s44-p-k-no-ns-nd/photo.jpg,TRUE
ChIJ93hXYyfHBZERcjGFyxcuVdE,Peru Fight Academy Sede San Borja,San Borja,-12.0892716,-77.0031428,FALSE,FALSE,FALSE,FALSE,FALSE,FALSE,FALSE,FALSE,FALSE,FALSE,TRUE,51971758785,https://www.instagram.com/perufightacademysanborja/?hl=en,https://www.facebook.com/p/Peru-Fight-Academy-San-Borja-61565552728575/,Academia de artes marciales con el mejor y más variado equipamiento de entrenamiento.,,,https://search.google.com/local/reviews?placeid=ChIJ93hXYyfHBZERcjGFyxcuVdE,https://lh3.googleusercontent.com/gps-cs-s/AC9h4nrny_lR89G0FKxynHRwUvP3RAa4BQQhzaX2vx58kmkB0c__Lyixd5mLRsXXazdRZvflMr1QZa30ALCHqi2kcthRPQWFh4xX6k7Dbdmon01vp4JV3IDs9oXKs0gUW-OZ80sRizAw=w800-h500-k-no,https://lh5.googleusercontent.com/-OzyUVMk4YFg/AAAAAAAAAAI/AAAAAAAAAAA/PnZ_Jtu3vhc/s44-p-k-no-ns-nd/photo.jpg,TRUE
ChIJpx8PrxK5BZER6zsdCeVE_ks,Pitbull Martial Arts Center,Santiago de Surco,-12.1278106,-76.9893439,TRUE,FALSE,FALSE,FALSE,FALSE,FALSE,FALSE,FALSE,FALSE,FALSE,TRUE,51986638749,https://www.instagram.com/pmacperu/,https://www.facebook.com/pmacperu,"Somos un centro de entrenamiento especializado en Artes Marciales para todos los niveles, comprometidos en que alcances tu máximo potencial a través de nuestro sistema de entrenamiento único, con el cual hemos obtenido grandes logros a nivel mundial",4.5,8,https://search.google.com/local/reviews?placeid=ChIJpx8PrxK5BZER6zsdCeVE_ks,,,TRUE
ChIJvRitl9XJBZERpWI5jNsJq0k,Primo Jiu Jitsu,Miraflores,-12.118555,-77.0314818,TRUE,FALSE,FALSE,FALSE,FALSE,TRUE,FALSE,FALSE,FALSE,TRUE,TRUE,51947211404,https://www.instagram.com/primojiujitsu,,Clases para todos los niveles. Entrena de una manera divertida y segura. Mejora tu condición física y mental.,5,4,https://search.google.com/local/reviews?placeid=ChIJvRitl9XJBZERpWI5jNsJq0k,https://lh3.googleusercontent.com/gps-cs-s/AC9h4nrxG1h8gZhHqcttXU_FyZx0LRRI9XLe7zzr_-ERXso9XXNdDx6PbAOd5P0DLOm7L0fO0OipmXZN-cx8-GwKbZoMoKyWZbpeQnKSEX0jvSb2SqHeVBqxlBNHPNjenobEh772vug=w800-h500-k-no,https://lh6.googleusercontent.com/-QcGwzbxtFu8/AAAAAAAAAAI/AAAAAAAAAAA/wYiMfa4pKWA/s44-p-k-no-ns-nd/photo.jpg,TRUE
ChIJ50sMOerHBZERn8tKf7_hoAY,Pro Fighting Peru,San Borja,-12.1080506,-76.9920184,FALSE,FALSE,FALSE,FALSE,FALSE,FALSE,FALSE,FALSE,FALSE,FALSE,TRUE,51954741063,https://www.instagram.com/pfpsanborja,https://www.facebook.com/pfpsanborja/,"Escuela de Artes Marciales Mixtas, Luta Livre, Muay Thai, Boxeo y BJJ",4.7,18,https://search.google.com/local/reviews?placeid=ChIJ50sMOerHBZERn8tKf7_hoAY,,,TRUE
ChIJZ920gvzIBZERgQR9-HhPq6w,Renzo Gracie Academy,Jesus Maria,-12.0772973,-77.0516454,TRUE,FALSE,TRUE,FALSE,TRUE,TRUE,FALSE,FALSE,FALSE,TRUE,FALSE,51990008443,https://www.instagram.com/renzogracieperu,https://www.facebook.com/RenzoGraciePeru/,"Sede oficial Renzo Gracie Academy: Aprende con Robert Descailleaux, cinturón negro 3° Dan; discipulo de Renzo Gracie con más de 30 años entrenando en USA.",4.1,14,https://search.google.com/local/reviews?placeid=ChIJZ920gvzIBZERgQR9-HhPq6w,https://lh4.googleusercontent.com/AvgKuI-tBIFUKcZIMqbiPO2AfrGZrpqiit-fcpIXamznUOAfZ_yFZxN4uQx8u3jFAg=w800-h500-k-no,,TRUE
ChIJdZHuDynJBZERmT2FI6h0ib4,Ronin Martial Arts - Jiu jitsu & MMA,Santiago de Surco,-12.1123494,-76.9910673,FALSE,FALSE,FALSE,FALSE,FALSE,FALSE,FALSE,FALSE,FALSE,FALSE,TRUE,51964935641,https://www.instagram.com/ronin_martial.arts,https://www.facebook.com/ronin.martial.arts.pe,"Ronin Martial Arts ofrece una variedad de clases como Jiu Jitsu, Muay Thai, Judo y acondicionamiento",5,51,https://search.google.com/local/reviews?placeid=ChIJdZHuDynJBZERmT2FI6h0ib4,https://lh3.googleusercontent.com/p/AF1QipNQ7HhoWwjvunMt5m2ueBqn22la99_Wdqe2rtQ-=w800-h500-k-no,https://lh5.googleusercontent.com/-p8TUG8iYEQA/AAAAAAAAAAI/AAAAAAAAAAA/Z0jLPLiDh2s/s44-p-k-no-ns-nd/photo.jpg,TRUE
ChIJd7C6LJbJBZER0URIRWAiJcY,Samurai Martial Arts Sede San Miguel,San Miguel,-12.0703812,-77.0915142,TRUE,FALSE,FALSE,FALSE,FALSE,TRUE,FALSE,FALSE,FALSE,TRUE,FALSE,51971428754,https://www.instagram.com/samuraimartialarts,https://www.facebook.com/SamuraiArtesMarciales/,"Academia de Jiu Jitsu brasilero, Entrenamiento funcional, MMA y Muay thai para hombres y mujeres.",5,2,https://search.google.com/local/reviews?placeid=ChIJd7C6LJbJBZER0URIRWAiJcY,https://lh3.googleusercontent.com/p/AF1QipPs-O5jbndc665w-oJFPyEA0IesOQjXKRAECKRP=w800-h500-k-no,https://lh6.googleusercontent.com/-Od0Inznllpk/AAAAAAAAAAI/AAAAAAAAAAA/FNVEiYB-FlM/s44-p-k-no-ns-nd/photo.jpg,TRUE
ChIJCb45ex3JBZERc1ODq5sRUPU,Samurai Martial Arts Sede Pueblo Libre,Pueblo Libre,-12.0783239,-77.0566983,FALSE,FALSE,FALSE,FALSE,FALSE,FALSE,FALSE,FALSE,FALSE,FALSE,FALSE,51971428754,,,"Academia de Jiu Jitsu brasilero, Entrenamiento funcional, MMA y Muay thai para hombres y mujeres.",5,3,https://search.google.com/local/reviews?placeid=ChIJCb45ex3JBZERc1ODq5sRUPU,https://lh3.googleusercontent.com/gps-cs-s/AC9h4np-Q6_mNWcPqAXU5Pcjgv0Yu6acbLa-D5x6jcSLd2lEejikB4p_b7aALiz5tqf2jG0_PLEbGyNwJiLoWIaM16CT9pABIrf-tFLigSpm0jUlwxTEX05xKTvi-b0FJxOyigwP7IhhDg=w800-h500-k-no,https://lh3.googleusercontent.com/-8wClwGbzJp4/AAAAAAAAAAI/AAAAAAAAAAA/19EExfnRFmw/s44-p-k-no-ns-nd/photo.jpg,TRUE
ChIJ-V1U4WiZBZEREqlFW69BUjs,San Bartolo Jiu Jitsu,San Bartolo,-12.3869597,-76.7778055,TRUE,FALSE,TRUE,FALSE,TRUE,TRUE,FALSE,FALSE,FALSE,TRUE,TRUE,51935158768,https://www.instagram.com/sanbartolo.jj,https://www.facebook.com/SanBartolosbr,Academia de Jiu Jitsu,,,https://search.google.com/local/reviews?placeid=ChIJ-V1U4WiZBZEREqlFW69BUjs,https://lh3.googleusercontent.com/p/AF1QipOCYYBcdZZEzbJvAFG-GedREAYtepdz-OGgfoti=w800-h500-k-no,https://lh5.googleusercontent.com/-xzisEx7wDH8/AAAAAAAAAAI/AAAAAAAAAAA/gH6g3WuPchY/s44-p-k-no-ns-nd/photo.jpg,TRUE
ChIJb0J5dqHJBZERe8GSzXECUtQ,Shin Gi Tai - Lima Judo Club,San Isidro,-12.095853,-77.028533,FALSE,FALSE,FALSE,FALSE,FALSE,FALSE,FALSE,FALSE,FALSE,TRUE,FALSE,,https://www.instagram.com/dojo.sanisidro/,,Somos una academia de Judo enfocada en desarrollar las competencias de cada estudiante. Venimos a entrenar y a pasarla bien. Puedes venir por días o matricularte mensualmente. Tu primera clase de prueba es gratuita :),5,16,https://search.google.com/local/reviews?placeid=ChIJb0J5dqHJBZERe8GSzXECUtQ,https://lh3.googleusercontent.com/p/AF1QipPL_TCGcXWpWUq8BSGdikheQbLE_M-q0dp9VMMp=w800-h500-k-no,https://lh6.googleusercontent.com/-Z3wBpRmESaM/AAAAAAAAAAI/AAAAAAAAAAA/t2eqDDolizE/s44-p-k-no-ns-nd/photo.jpg,TRUE
ChIJBzhPuPrPBZERLz7z0Txc60c,Guigo Jiu Jitsu Sede Rimac,Rimac,-12.0299517,-77.0313901,FALSE,FALSE,FALSE,FALSE,FALSE,FALSE,FALSE,FALSE,FALSE,TRUE,FALSE,,https://www.instagram.com/guigojiujitsurimac,,Academia de Jiu Jitsu,5,10,https://search.google.com/local/reviews?placeid=ChIJBzhPuPrPBZERLz7z0Txc60c,https://lh3.googleusercontent.com/p/AF1QipOHwffR0OAzBNDIeNzEQx6lUPuaoFlq55In1POg=w800-h500-k-no,https://lh6.googleusercontent.com/-HvbAQAA8GgA/AAAAAAAAAAI/AAAAAAAAAAA/l8MLsJvqK-c/s44-p-k-no-ns-nd/photo.jpg,TRUE
ChIJ2_uPUwDJBZERQmMjPUSEARI,Studio Seven Jiu Jitsu Club,Miraflores,-12.1206716,-77.0415818,FALSE,FALSE,FALSE,FALSE,FALSE,FALSE,FALSE,FALSE,FALSE,TRUE,TRUE,51966745206,https://www.instagram.com/studio7.jjclub,,Aprende. Entrena. Domina. Clases grupales y personalizadas.,5,1,https://search.google.com/local/reviews?placeid=ChIJ2_uPUwDJBZERQmMjPUSEARI,,,TRUE
ChIJ04_GLCTHBZEROwgIg2JXg7g,Sumaq Jiu Jitsu,Santiago de Surco,-12.1292178,-77.0005191,TRUE,FALSE,FALSE,FALSE,FALSE,TRUE,FALSE,FALSE,FALSE,FALSE,FALSE,51993756798,https://www.instagram.com/sumaqjiujitsu/,,"Nos especializamos en enseñar Jiu Jitsu a todas las edades, niveles y estilos.",5,17,https://search.google.com/local/reviews?placeid=ChIJ04_GLCTHBZEROwgIg2JXg7g,https://lh3.googleusercontent.com/p/AF1QipN6fvfjkN6jT925RSp_v0BFNuibrHu_e5S_Sg4O=w800-h500-k-no,https://lh5.googleusercontent.com/-M91GQsWd_NE/AAAAAAAAAAI/AAAAAAAAAAA/fcFs_QoDqhs/s44-p-k-no-ns-nd/photo.jpg,TRUE
ChIJe3XTfQbJBZERP7gk6MKAVFQ,Tan Ren Guigo Jiu Jitsu,Miraflores,-12.1212888,-77.0370423,TRUE,FALSE,FALSE,FALSE,TRUE,TRUE,FALSE,FALSE,FALSE,TRUE,TRUE,51944831624,https://www.instagram.com/tanrenguigojj,,Tan Ren significa: “El proceso de superarse a uno mismo”,5,6,https://search.google.com/local/reviews?placeid=ChIJe3XTfQbJBZERP7gk6MKAVFQ,https://lh3.googleusercontent.com/p/AF1QipMu7rHPiOtrBAiPb8wOGIFrCVARXnlk39DT2H5y=w800-h500-k-no,https://lh3.googleusercontent.com/-ZXhp8yTOjEQ/AAAAAAAAAAI/AAAAAAAAAAA/5bqEdgegKm4/s44-p-k-no-ns-nd/photo.jpg,TRUE
ChIJwy6ggZC3BZER3XbcHvxB8tM,Taurus Gym Dojo,Chorrillos,-12.2087068,-77.0172425,FALSE,FALSE,FALSE,FALSE,FALSE,FALSE,FALSE,FALSE,FALSE,TRUE,TRUE,51927548697,https://www.instagram.com/taurusgymdojo/,https://www.facebook.com/taurusgymdojo/,Martial Arts School. Jiu Jitsu Gi/Nogi. MMA/Muay Thai. Entrenamiento personalizado. Asesoría en Nutrición.,5,3,https://search.google.com/local/reviews?placeid=ChIJwy6ggZC3BZER3XbcHvxB8tM,https://lh3.googleusercontent.com/gps-cs-s/AC9h4noiIgThOvAvNUSSY5A8T0gfVahGeKzya_TuN3MeVurmb91F152me9y2soGDFQ6QNgF96q6CadB2NL5Tw87bd7uHrog1jZ7aY8cPF7rcxLa2lSdnCzTwKu40AEHWkMgtQO-MiyIz=w800-h500-k-no,,TRUE
ChIJPWxX5gDRBZER1LeoJ419ACM,Team Berserker,Carabayllo,-11.8917425,-77.0395571,FALSE,FALSE,FALSE,FALSE,FALSE,FALSE,FALSE,FALSE,FALSE,FALSE,TRUE,51936017229,https://www.instagram.com/berserker_mma,https://www.facebook.com/kankudaiescueladeartesmarciales,"Academia formativa y competitiva. MMA, Luta livre, Box & Kickboxing. Somos parte de la selección peruana de MMA.",5,3,https://search.google.com/local/reviews?placeid=ChIJPWxX5gDRBZER1LeoJ419ACM,,https://lh3.googleusercontent.com/-XwfAEQBNT6U/AAAAAAAAAAI/AAAAAAAAAAA/eKYDYYxJXEQ/s44-p-k-no-ns-nd/photo.jpg,TRUE
ChIJlYGuR9nIBZERDTNNPHOPDrE,Team Perros Sarnosos - Mestre Hector Iberico,Breña,-12.0584096,-77.0517392,FALSE,FALSE,FALSE,FALSE,FALSE,FALSE,FALSE,FALSE,FALSE,FALSE,TRUE,51940354668,https://www.instagram.com/losperrossarnososhectoriberico/?hl=en,https://www.facebook.com/LosPerrosSarnosos,Equipo once veces campeon nacional de lute livre del metre Hector Iberico.,4.2,11,https://search.google.com/local/reviews?placeid=ChIJlYGuR9nIBZERDTNNPHOPDrE,https://lh3.googleusercontent.com/gps-cs-s/AC9h4noZWD6Y663zY3ZyXob_y2bN_Ww7OKXgIMLEakLCR3RcRJJjm1GH0QrVgOWzGLcqDjwCmntzdoXH71lxalPTF0S7ajniq8PtmgKXzjLCLQ1j-aDZYl8CZfz6DWQrVRCQo6Z1EhEi=w800-h500-k-no,,TRUE
ChIJFRt8un67BZERRhMFNLShgtI,Team Seven Jiu Jitsu,Villa El Salvador,-12.233104,-76.9449725,FALSE,FALSE,FALSE,FALSE,FALSE,FALSE,FALSE,FALSE,FALSE,TRUE,FALSE,51926946468,https://www.instagram.com/team_seven_bjj/,https://www.facebook.com/TeamSevenBjj/,Somos la única académia de Jiu Jitsu Brasileño en Villa El Salvador. Ven y forma parte de este equipo de competencia.,5,18,https://search.google.com/local/reviews?placeid=ChIJFRt8un67BZERRhMFNLShgtI,https://lh3.googleusercontent.com/gps-cs-s/AC9h4nrWIzrx8o0abAlaqXKVvUsUqrBeTLocVN__g1fQlYnSCYVsUziRbj-S6WrnN7rM6eigneblwKbmet9WNJrjYZdm4l3g5Z0GzpFZYoKI9TMxP-6YRy2h6SV9opirzDYZZlLJnqE=w800-h500-k-no,,TRUE
ChIJZSSeoRTFBZERpUdBnFFB6hI,Team Carita MMA,San Juan de Lurigancho,-12.0011141,-77.0037518,FALSE,FALSE,FALSE,FALSE,FALSE,FALSE,FALSE,FALSE,FALSE,FALSE,TRUE,51966392724,https://www.instagram.com/team_carita_mma,https://www.facebook.com/freddycarita/,"Escuela de artes marciales mixtas, box, lucha, muaythai, submission.",5,5,https://search.google.com/local/reviews?placeid=ChIJZSSeoRTFBZERpUdBnFFB6hI,,https://lh4.googleusercontent.com/-Ium_cUdpWUE/AAAAAAAAAAI/AAAAAAAAAAA/m7vWl_nXEFg/s44-p-k-no-ns-nd/photo.jpg,TRUE
ChIJxQAKcK_JBZERIL5Ve7JNsAw,Tominaga Martial Training,Breña,-12.0648879,-77.0482918,TRUE,FALSE,FALSE,FALSE,FALSE,FALSE,FALSE,FALSE,FALSE,TRUE,TRUE,51962095823,https://www.instagram.com/tominaga.martialtraining/,https://www.facebook.com/people/Tominaga-Martial-Training/61573400983970/?_rdr,"Escuela de artes marciales, defensa personal, disciplina y respeto. Entrenamientos para todos los niveles. Construye fuerza física y mental.",5,1,https://search.google.com/local/reviews?placeid=ChIJxQAKcK_JBZERIL5Ve7JNsAw,https://lh3.googleusercontent.com/p/AF1QipOIjz9Ikrds98Mwwiwv5AV35QyGLcYQEDmBO8cP=w800-h500-k-no,https://lh5.googleusercontent.com/-A293opgrs_0/AAAAAAAAAAI/AAAAAAAAAAA/VAivicAFDIw/s44-p-k-no-ns-nd/photo.jpg,TRUE
ChIJj-vVKgrPBZERqLodth-aueI,Triangulo Jiujitsu,Callao,-12.0107736,-77.0947072,TRUE,FALSE,FALSE,FALSE,FALSE,FALSE,FALSE,FALSE,FALSE,TRUE,TRUE,51935672118,https://www.instagram.com/trianguloacademia,https://www.facebook.com/triangulobjj,"Triangulo nace con la intención de difundir el JIUJITSU a las personas que quieren lograr un cambio efectivo en su estilo de vida, día a día. Fortaleza mental, respeto, seguridad, disciplina, son los beneficios de ser parte de esta alternativa.",4.8,20,https://search.google.com/local/reviews?placeid=ChIJj-vVKgrPBZERqLodth-aueI,https://lh3.googleusercontent.com/gps-cs-s/AC9h4npFVb6g8YgnS-7JGRnraXJqOeszNzGmHEEDQbwj6w8PsE2uPQdCgk3fI3NJCY0-R8KF3ru2fyeE7LImfE2GFvgXZImcnRQfqRArydQmEt8ZW9K4UiJI41e6Ii7FloRXiTOIEdpg=w800-h500-k-no,,TRUE
ChIJtd_NNADpBZERnKKzBELjDA0,Valhalla Guigo Jiu Jitsu,Chaclacayo,-11.9749817,-76.7612872,TRUE,FALSE,TRUE,FALSE,TRUE,FALSE,FALSE,FALSE,FALSE,TRUE,TRUE,51997571729,https://www.instagram.com/valhallaguigojj,,Nos encargamos de difundir la esencia del Jiu Jitsu deportivo y competitivo,5,12,https://search.google.com/local/reviews?placeid=ChIJtd_NNADpBZERnKKzBELjDA0,,,TRUE
ChIJ2badz7rJBZERxHaIC4ApV2Q,Viringos Jiu Jitsu,Bellavista,-12.0576882,-77.0905088,TRUE,FALSE,TRUE,FALSE,FALSE,FALSE,FALSE,FALSE,FALSE,TRUE,TRUE,51922606939,https://www.instagram.com/viringosjiujitsu/,https://www.facebook.com/VIRINGOSS/,"1ra Escuela de Jiu Jitsu en el Callao, donde se formaran los futuros campeones dentro y fuera del tatmi.",5,1,https://search.google.com/local/reviews?placeid=ChIJ2badz7rJBZERxHaIC4ApV2Q,https://lh3.googleusercontent.com/p/AF1QipO8EfhBR77ExdCuhghvSVBmE2S4kE5_kQBiXpv8=w800-h500-k-no,https://lh3.googleusercontent.com/-ulwQtc3Zn5E/AAAAAAAAAAI/AAAAAAAAAAA/cqY22k0TZXU/s44-p-k-no-ns-nd/photo.jpg,TRUE
ChIJgTAHm9HHBZERqH8Sfg4j4WQ,Xtreme Combat,San Borja,-12.0907098,-77.0009928,FALSE,FALSE,FALSE,FALSE,FALSE,FALSE,FALSE,FALSE,FALSE,FALSE,FALSE,51908868733,https://www.instagram.com/xtremecombatperu/,https://www.facebook.com/xtremecombatperu,Gimnasio especializado en artes marciales. Tenemos los mejores profesionales y la mejor infraestructura para ti.,5,14,https://search.google.com/local/reviews?placeid=ChIJgTAHm9HHBZERqH8Sfg4j4WQ,https://lh3.googleusercontent.com/gps-cs-s/AC9h4nrn3zznXzY9f0UE6Eik7Cii_017Tw2Kv9qjmPtXT32u4Ne3N9OgcKVqwXPqyXpEM-YvX2Xa5TPtpA-WICM8z3jPc3_hoJvjsWlyW0_4ZKW9UUkPieXhFf0_JxKHtfAczd8cJ04=w800-h500-k-no,https://lh4.googleusercontent.com/-8bH1Y4eigM0/AAAAAAAAAAI/AAAAAAAAAAA/B1v-EdUvM5g/s44-p-k-no-ns-nd/photo.jpg,TRUE
ChIJe58qHQDPBZERcOlRkfXry8o,Academia Força & Fitness,San Juan de Lurigancho,-12.0247757,-77.011859,TRUE,FALSE,FALSE,FALSE,FALSE,FALSE,FALSE,FALSE,FALSE,TRUE,FALSE,51986358100,https://www.instagram.com/academiaforcafitness,https://www.facebook.com/academiaforcaandfitness/,"Lo mejor de las artes marciales en SJL. Capoeira, Jiu Jitsu, CrossTraining, Boxeo, MMA.",,,https://search.google.com/local/reviews?placeid=ChIJe58qHQDPBZERcOlRkfXry8o,https://streetviewpixels-pa.googleapis.com/v1/thumbnail?panoid=5CzMmYoWI9z7uxdSspPExg&cb_client=search.gws-prod.gps&w=800&h=500&yaw=76.29447&pitch=0&thumbfov=100,,TRUE
ChIJleickSfFBZERvxocs06mECI,Academia Força & Fitness,San Juan de Lurigancho,-12.0233991,-76.983452,TRUE,FALSE,FALSE,FALSE,FALSE,FALSE,FALSE,FALSE,FALSE,TRUE,FALSE,51986358100,https://www.instagram.com/academiaforcafitness,https://www.facebook.com/academiaforcaandfitness/,"Lo mejor de las artes marciales en SJL. Capoeira, Jiu Jitsu, CrossTraining, Boxeo, MMA.",5,45,https://search.google.com/local/reviews?placeid=ChIJleickSfFBZERvxocs06mECI,https://lh3.googleusercontent.com/p/AF1QipPBm2VfQ6O9_rVa5sMmSWihJ_KPJOI4h1lmyGuy=w800-h500-k-no,https://lh5.googleusercontent.com/-j9WehvO_7fA/AAAAAAAAAAI/AAAAAAAAAAA/9NqT_qSkoSM/s44-p-k-no-ns-nd/photo.jpg,TRUE
ChIJtwb4dADJBZER1-b2zKidZzU,Academia The Factory,Miraflores,-12.1133763,-77.0463944,FALSE,FALSE,FALSE,FALSE,FALSE,FALSE,FALSE,FALSE,FALSE,TRUE,FALSE,51924653191,https://www.instagram.com/thefactorymiraflores,https://www.facebook.com/thefactorymiraflores,Academia Especializada en Artes Marciales.,5,17,https://search.google.com/local/reviews?placeid=ChIJtwb4dADJBZER1-b2zKidZzU,https://lh3.googleusercontent.com/p/AF1QipOdFtzCTAV3lERwSciHWEJHi3DRtDfXbiSamTaa=w800-h500-k-no,https://lh5.googleusercontent.com/-ZbgrwGA4upA/AAAAAAAAAAI/AAAAAAAAAAA/o1CAiGlke5I/s44-p-k-no-ns-nd/photo.jpg,TRUE
ChIJD6btPMbHBZER9x_64LBItW0,Attitude Fight Club,San Borja,-12.099544,-76.9949939,FALSE,FALSE,FALSE,FALSE,FALSE,FALSE,FALSE,FALSE,FALSE,FALSE,TRUE,51923322594,https://www.instagram.com/attitudefightclub,https://www.facebook.com/AttitudeFightClub.Peru,"Únete y entrena con nosotros en San Borja, llénate de energía, fuerza y equilibrio para tu vida",4.8,9,https://search.google.com/local/reviews?placeid=ChIJD6btPMbHBZER9x_64LBItW0,https://lh3.googleusercontent.com/p/AF1QipMTm5jcz4knfj9rFA9dkwf-OewEchMg4T3O61AX=w800-h500-k-no,https://lh6.googleusercontent.com/-ADiqGC1e2mI/AAAAAAAAAAI/AAAAAAAAAAA/JoIBs41MnSo/s44-p-k-no-ns-nd/photo.jpg,TRUE
ChIJx2KpUbvJBZERSXuxS6VWegQ,Dojo Uturunku,Magdalena del Mar,-12.094646,-77.0672324,FALSE,FALSE,FALSE,FALSE,FALSE,FALSE,FALSE,FALSE,FALSE,TRUE,FALSE,51984307753,https://www.instagram.com/uturunkudojo,,Comprometidos con tu desarrollo marcial,5,7,https://search.google.com/local/reviews?placeid=ChIJx2KpUbvJBZERSXuxS6VWegQ,https://lh3.googleusercontent.com/gps-cs-s/AC9h4noP7ffRNWuuXdSU7idtRnd7sjZktCxAQKYjEuJZq4-AY97gwH__teMogM5y_o0XMVT_gUYn9WZrxP6pKpNIQDVY4CDEBp4f0ZMVv82Ep3bVuKN8VYelIcETv2u3A_SgNwvxa72U=w800-h500-k-no,,TRUE
ChIJCZ9ET-npBZERmwkARU697XA,Escuela Novoa Sede Chaclacayo,Chaclacayo,-11.9720861,-76.7559101,FALSE,FALSE,FALSE,FALSE,FALSE,FALSE,FALSE,FALSE,FALSE,FALSE,TRUE,51921822252,https://www.instagram.com/escuelanovoa/,https://www.facebook.com/escuelanovoa,"Escuela certificada por KMA, WMBF, WMF/S,  WMO, WMF. Teaching & Heritage Commission / Tailandia",,,https://search.google.com/local/reviews?placeid=ChIJCZ9ET-npBZERmwkARU697XA,https://streetviewpixels-pa.googleapis.com/v1/thumbnail?panoid=W5QqEWWmvMg027nPgkjZ9Q&cb_client=search.gws-prod.gps&w=800&h=500&yaw=160.82365&pitch=0&thumbfov=100,https://lh5.googleusercontent.com/-Hi8qwgT-oXo/AAAAAAAAAAI/AAAAAAAAAAA/84IB6hBlJ6M/s44-p-k-no-ns-nd/photo.jpg,TRUE
ChIJzRmx2l3vBZERIv9LuWJr-UY,Escuela Novoa Sede Yanacoto,Chosica,-11.9444023,-76.7284562,FALSE,FALSE,FALSE,FALSE,FALSE,FALSE,FALSE,FALSE,FALSE,FALSE,TRUE,51921822252,https://www.instagram.com/escuelanovoa,https://www.facebook.com/Alvaro.Novoa.V/,"Escuela certificada por KMA, WMBF, WMF/S,  WMO, WMF. Teaching & Heritage Commission / Tailandia",5,1,https://search.google.com/local/reviews?placeid=ChIJzRmx2l3vBZERIv9LuWJr-UY,,https://lh3.googleusercontent.com/-XdB6gIuKKIA/AAAAAAAAAAI/AAAAAAAAAAA/_87mvxwo6dY/s44-p-k-no-ns-nd/photo.jpg,TRUE
ChIJubZD0HvFBZERQWkbdUOlvgQ,Golden Rider Figth Team,San Juan de Lurigancho,-11.9643512,-76.9903876,TRUE,FALSE,FALSE,FALSE,FALSE,TRUE,FALSE,FALSE,FALSE,TRUE,FALSE,51903081371,https://www.instagram.com/goldenrider_ft,https://www.facebook.com/GoldenRiderFigthTeam,"Formamos campeones, contribuyendo con el progreso de nuestro distrito",4.7,16,https://search.google.com/local/reviews?placeid=ChIJubZD0HvFBZERQWkbdUOlvgQ,https://lh3.googleusercontent.com/p/AF1QipMSPQkcZayRed3x_Aou3cxr87S_UzOYabeCDLII=w800-h500-k-no,https://lh5.googleusercontent.com/-krg7BeoU73c/AAAAAAAAAAI/AAAAAAAAAAA/hAHPl0ZkdaE/s44-p-k-no-ns-nd/photo.jpg,TRUE
ChIJVW0EmhHHBZER_JJo4iXfnkY,Fight Club Peru,La Molina,-12.0723234,-76.9568506,FALSE,FALSE,FALSE,FALSE,FALSE,FALSE,FALSE,FALSE,FALSE,FALSE,TRUE,51912140061,https://www.instagram.com/fightclub.pe,,"Estudio de Artes Marciales. Martial Arts School. Pelea - Gana - Repite. Box, MMA & BJJ.",5,5,https://search.google.com/local/reviews?placeid=ChIJVW0EmhHHBZER_JJo4iXfnkY,https://lh3.googleusercontent.com/p/AF1QipMJtsI57Nez3Hu4L8uV-P51dzu_7WyfJ-PNWktZ=w800-h500-k-no,https://lh3.googleusercontent.com/-gylo3GcjE04/AAAAAAAAAAI/AAAAAAAAAAA/UM6OFm1TNG4/s44-p-k-no-ns-nd/photo.jpg,TRUE
ChIJSYYL9dbpBZERAH45ckrXXJI,Fit House,Chaclacayo,-11.9798294,-76.7811344,TRUE,FALSE,FALSE,FALSE,FALSE,FALSE,FALSE,FALSE,FALSE,TRUE,TRUE,51923975807,https://www.instagram.com/fithouse_pe,https://www.facebook.com/fithouse.pee,"Centro deportivos de artes marciales, te preparamos desde 0%, enfoque competitivo y recreativo. Aquí encontraras: eventos deportivos, artes marciales, seminarios, montañas, y deportistas logrando sus objetivos.",4.9,7,https://search.google.com/local/reviews?placeid=ChIJSYYL9dbpBZERAH45ckrXXJI,https://lh3.googleusercontent.com/p/AF1QipOeTp4hJ3pKF637MTfSduMhtXn0vgGCLxdgLtI=w800-h500-k-no,https://lh4.googleusercontent.com/-CZP31uCiJE8/AAAAAAAAAAI/AAAAAAAAAAA/dy8mS6t3z6o/s44-p-k-no-ns-nd/photo.jpg,TRUE
ChIJ92Sw1zfJBZERjzp-2jBBPCc,Knockstar Team Sede Miraflores,Miraflores,-12.1228879,-77.0167734,FALSE,FALSE,FALSE,FALSE,FALSE,FALSE,FALSE,FALSE,FALSE,FALSE,TRUE,51994107481,https://www.instagram.com/knockstarteam,https://www.facebook.com/KnockstarTeam,"Academia de Artes Marciales. Muay Thai, Jiu-Jitsu, MMA, Boxeo y Taekwondo. Clases mixtas para todos los niveles. Entrena con verdaderos profesionales.",5,3,https://search.google.com/local/reviews?placeid=ChIJ92Sw1zfJBZERjzp-2jBBPCc,https://lh3.googleusercontent.com/gps-cs-s/AC9h4nqW6N_8OIN7vvWxMoPnsuFJ8NypEj-ZCcouJQCe7rkPZH7YOQQSyI2aiUpCw-9DbVA-v8wEpNgWm746SMcl1M32q1MOHnzgds-l1MLUWv0UTGnyRV3DinNiW46LNZRXrT9R5bY=w800-h500-k-no,,TRUE
ChIJ2RQ12Su5BZER7k-Ju-QN95g,Knockstar Team Sede Chorrillos,Chorrillos,-12.18391,-77.0049683,FALSE,FALSE,FALSE,FALSE,FALSE,FALSE,FALSE,FALSE,FALSE,FALSE,TRUE,51940321970,https://www.instagram.com/knockstarteam_chorrillos,https://www.facebook.com/elmagocuray/?ref=_xav_ig_profile_page_web#,"Academia de Artes Marciales. Muay Thai, Jiu-Jitsu, MMA, Boxeo y Taekwondo. Clases mixtas para todos los niveles. Entrena con verdaderos profesionales.",,,https://search.google.com/local/reviews?placeid=ChIJ2RQ12Su5BZER7k-Ju-QN95g,https://lh3.googleusercontent.com/p/AF1QipNc46jWwmZdoCF4j2u39-yLxtyT2yBPg0ARUcfc=w800-h500-k-no,https://lh5.googleusercontent.com/-LmiIhb7t6fU/AAAAAAAAAAI/AAAAAAAAAAA/t5dbcoB2UFw/s44-p-k-no-ns-nd/photo.jpg,TRUE
ChIJTftM_zrIBZERka67kYT47XQ,MMA & Boxing Club,Miraflores,-12.1168961,-77.0424054,FALSE,FALSE,FALSE,FALSE,FALSE,FALSE,FALSE,FALSE,FALSE,FALSE,TRUE,51999149371,https://www.instagram.com/mmaandboxingclub,https://www.facebook.com/mmaandboxingclub/,"Practicar MMA, Striking & Jiu Jitsu mejora significativamente tu condición física, resistencia y fuerza muscular, a la vez que ofrece beneficios psicológicos como la reducción del estrés y mejora del estado de ánimo. Además aprenderás técnicas reales de ataque y defensa del striking para Mma. ¿Qué esperas para empezar a entrenar con nosotros?",4.8,9,https://search.google.com/local/reviews?placeid=ChIJTftM_zrIBZERka67kYT47XQ,https://lh3.googleusercontent.com/p/AF1QipP8dIuocgHfjP9tb0QC-KT99wcLLShKApfbMYNv=w800-h500-k-no,https://lh5.googleusercontent.com/-NKPubJT7nKA/AAAAAAAAAAI/AAAAAAAAAAA/_6ytktkuj2E/s44-p-k-no-ns-nd/photo.jpg,TRUE
ChIJsZ2tIsLHBZER37S3_pK3UIs,Panther Fight Academy,La Molina,-12.0658996,-76.9495947,FALSE,FALSE,FALSE,FALSE,FALSE,FALSE,FALSE,FALSE,FALSE,TRUE,TRUE,51907350376,https://www.instagram.com/pantherfightacademyperu,https://www.facebook.com/profile.php?id=61552623651606&sk=about,"Muay Thai, Jiu Jitsu, Boxeo, Capoeira & Wrestling",5,2,https://search.google.com/local/reviews?placeid=ChIJsZ2tIsLHBZER37S3_pK3UIs,https://lh3.googleusercontent.com/p/AF1QipOD_sUnmLD5tVYm_f8zHdNNCzNbGxhnhmXBMMV9=w800-h500-k-no,https://lh3.googleusercontent.com/-SCslFcZww-g/AAAAAAAAAAI/AAAAAAAAAAA/lPDbdhhZBJQ/s44-p-k-no-ns-nd/photo.jpg,TRUE
ChIJR7eS71vOBZERIgPBA0j4K7E,Peru Fight Academy Norte,Independencia,-11.989286,-77.0579606,TRUE,FALSE,FALSE,FALSE,FALSE,FALSE,FALSE,FALSE,FALSE,TRUE,FALSE,51962740772,https://www.instagram.com/perufightacademynorte,https://www.facebook.com/PeruFightAcademyNorte,"Transforma tu cuerpo, mente y espíritu entrenando Boxeo, Muay Thai y MMA en la academia más grande y equipada del Perú.",4.8,188,https://search.google.com/local/reviews?placeid=ChIJR7eS71vOBZERIgPBA0j4K7E,,https://lh6.googleusercontent.com/-ZW6Nvygtl-g/AAAAAAAAAAI/AAAAAAAAAAA/5QW6z8V4vzU/s44-p-k-no-ns-nd/photo.jpg,TRUE
ChIJOWUMw77PBZERy8POn-61MWk,Predator Combat Academy,San Martin de Porres,-12.0001365,-77.0912981,FALSE,FALSE,FALSE,FALSE,FALSE,FALSE,FALSE,FALSE,FALSE,TRUE,FALSE,51997207080,https://www.instagram.com/predator_combat_academy_pca,https://www.facebook.com/AcademiaPredator/,Centro de Alto Rendimiento en deportes de contacto,4.8,4,https://search.google.com/local/reviews?placeid=ChIJOWUMw77PBZERy8POn-61MWk,https://lh3.googleusercontent.com/gps-cs-s/AC9h4nr66vjDblRAKfpwoJRvBvoKr3DGPGqpsumR4hlDwSP9OT_PohNB1oIUGxJse_gh8t53HzxVdeLut97Kx7pLt662DQmg-Hrynp5VVjvXJ6U-qkjGgs_cY0X-H_lqEY-tH53nO6tx=w800-h500-k-no,https://lh5.googleusercontent.com/-QApGTjygIE4/AAAAAAAAAAI/AAAAAAAAAAA/UDg2bSC5efo/s44-p-k-no-ns-nd/photo.jpg,TRUE
ChIJCUA-HwDHBZER258MJeLRb9w,Aether Dojo,San Borja,-12.095649,-76.9914308,TRUE,FALSE,TRUE,FALSE,FALSE,TRUE,FALSE,FALSE,FALSE,TRUE,TRUE,51974819062,https://www.instagram.com/aether.dojo,https://www.facebook.com/p/Aether-Dojo-61571141542364/?profile_tab_item_selected=about&_rdr,Escuela de artes marciales ,5,1,https://search.google.com/local/reviews?placeid=ChIJCUA-HwDHBZER258MJeLRb9w&authuser=0&hl=en&gl=UA,https://streetviewpixels-pa.googleapis.com/v1/thumbnail?panoid=gSY-XSpElYY3bllxXSk9Ag&cb_client=search.gws-prod.gps&w=800&h=500&yaw=202.90277&pitch=0&thumbfov=100,,TRUE
ChIJEWiEAQDJBZERwMVx0cUndZY,Aranha Jiu Jitsu,Surquillo,-12.1137564,-77.0120942,TRUE,TRUE,TRUE,FALSE,TRUE,TRUE,FALSE,FALSE,FALSE,TRUE,TRUE,51942121777,https://www.instagram.com/aranhaperu,https://www.facebook.com/SniperJiuJitsu/,"Bienvenidos al mundo del Jiu Jitsu! Te invitamos a una clase de prueba, no dejes pasar la oportunidad de pertenecer a este gran equipo!",5,19,"https://search.google.com/local/reviews?placeid=ChIJEWiEAQDJBZERwMVx0cUndZY&q=Aether+jiu+jitsu,+Lima+Peru&authuser=0&hl=en&gl=PE",https://lh3.googleusercontent.com/gps-cs-s/AC9h4noOfpgGNEBA2SwevXLrao0AJytm3FbkOyMwnic5eYaCKru8_mKVdT14OfSt2MHeBBNchGZy3XVHaUvGPCh90jMcHln8cerNvlJaTzR2kivdVDTEUTBg0DKJ-jHUj6v7IcvGfQM=w800-h500-k-no,,TRUE
